Line,Location,RL,East,North,Res_ohmm,LogRes,Cond_Ms_m,LogCond
0,25.0,564.1,734929.38,7170012.50,100.00,2.00,10.00,1.00
0,25.0,554.1,734929.38,7170012.50,100.00,2.00,10.00,1.00
0,25.0,544.1,734929.38,7170012.50,100.00,2.00,10.00,1.00
0,25.0,534.1,734929.38,7170012.50,1050.00,3.02,0.95,-0.02
0,25.0,524.1,734929.38,7170012.50,1366.67,3.14,0.73,-0.14
0,25.0,511.6,734929.38,7170012.50,2000.00,3.30,0.50,-0.30
0,25.0,494.1,734929.38,7170012.50,2000.00,3.30,0.50,-0.30
0,25.0,473.5,734929.38,7170012.50,2000.00,3.30,0.50,-0.30
0,25.0,451.7,734929.38,7170012.50,2000.00,3.30,0.50,-0.30
0,25.0,428.5,734929.38,7170012.50,2000.00,3.30,0.50,-0.30
0,25.0,404.0,734929.38,7170012.50,2000.00,3.30,0.50,-0.30
0,25.0,378.0,734929.38,7170012.50,2000.00,3.30,0.50,-0.30
0,25.0,350.4,734929.38,7170012.50,2000.00,3.30,0.50,-0.30
0,25.0,321.2,734929.38,7170012.50,2000.00,3.30,0.50,-0.30
0,25.0,290.2,734929.38,7170012.50,2000.00,3.30,0.50,-0.30
0,25.0,256.9,734929.38,7170012.50,2000.00,3.30,0.50,-0.30
0,25.0,221.0,734929.38,7170012.50,2000.00,3.30,0.50,-0.30
0,25.0,183.0,734929.38,7170012.50,2000.00,3.30,0.50,-0.30
0,25.0,142.8,734929.38,7170012.50,2000.00,3.30,0.50,-0.30
0,75.0,564.0,734929.38,7170062.50,100.00,2.00,10.00,1.00
0,75.0,554.0,734929.38,7170062.50,100.00,2.00,10.00,1.00
0,75.0,544.0,734929.38,7170062.50,100.00,2.00,10.00,1.00
0,75.0,534.0,734929.38,7170062.50,100.00,2.00,10.00,1.00
0,75.0,524.0,734929.38,7170062.50,100.00,2.00,10.00,1.00
0,75.0,511.5,734929.38,7170062.50,1050.00,3.02,0.95,-0.02
0,75.0,494.0,734929.38,7170062.50,2000.00,3.30,0.50,-0.30
0,75.0,473.4,734929.38,7170062.50,2000.00,3.30,0.50,-0.30
0,75.0,451.6,734929.38,7170062.50,2000.00,3.30,0.50,-0.30
0,75.0,428.4,734929.38,7170062.50,2000.00,3.30,0.50,-0.30
0,75.0,403.9,734929.38,7170062.50,2000.00,3.30,0.50,-0.30
0,75.0,377.9,734929.38,7170062.50,2000.00,3.30,0.50,-0.30
0,75.0,350.3,734929.38,7170062.50,2000.00,3.30,0.50,-0.30
0,75.0,321.1,734929.38,7170062.50,2000.00,3.30,0.50,-0.30
0,75.0,290.1,734929.38,7170062.50,2000.00,3.30,0.50,-0.30
0,75.0,256.8,734929.38,7170062.50,2000.00,3.30,0.50,-0.30
0,75.0,220.9,734929.38,7170062.50,2000.00,3.30,0.50,-0.30
0,75.0,183.0,734929.38,7170062.50,2000.00,3.30,0.50,-0.30
0,75.0,142.8,734929.38,7170062.50,2000.00,3.30,0.50,-0.30
0,125.0,564.6,734929.38,7170112.50,100.00,2.00,10.00,1.00
0,125.0,554.6,734929.38,7170112.50,100.00,2.00,10.00,1.00
0,125.0,544.6,734929.38,7170112.50,100.00,2.00,10.00,1.00
0,125.0,534.6,734929.38,7170112.50,100.00,2.00,10.00,1.00
0,125.0,524.6,734929.38,7170112.50,100.00,2.00,10.00,1.00
0,125.0,512.1,734929.38,7170112.50,100.00,2.00,10.00,1.00
0,125.0,494.6,734929.38,7170112.50,1240.00,3.09,0.81,-0.09
0,125.0,474.0,734929.38,7170112.50,2000.00,3.30,0.50,-0.30
0,125.0,452.2,734929.38,7170112.50,2000.00,3.30,0.50,-0.30
0,125.0,429.0,734929.38,7170112.50,2000.00,3.30,0.50,-0.30
0,125.0,404.5,734929.38,7170112.50,2000.00,3.30,0.50,-0.30
0,125.0,378.5,734929.38,7170112.50,2000.00,3.30,0.50,-0.30
0,125.0,350.9,734929.38,7170112.50,2000.00,3.30,0.50,-0.30
0,125.0,321.7,734929.38,7170112.50,2000.00,3.30,0.50,-0.30
0,125.0,290.7,734929.38,7170112.50,2000.00,3.30,0.50,-0.30
0,125.0,257.3,734929.38,7170112.50,2000.00,3.30,0.50,-0.30
0,125.0,221.3,734929.38,7170112.50,2000.00,3.30,0.50,-0.30
0,125.0,183.2,734929.38,7170112.50,2000.00,3.30,0.50,-0.30
0,125.0,142.9,734929.38,7170112.50,2000.00,3.30,0.50,-0.30
0,175.0,567.0,734929.44,7170162.50,100.00,2.00,10.00,1.00
0,175.0,557.0,734929.44,7170162.50,100.00,2.00,10.00,1.00
0,175.0,547.0,734929.44,7170162.50,100.00,2.00,10.00,1.00
0,175.0,537.0,734929.44,7170162.50,100.00,2.00,10.00,1.00
0,175.0,527.0,734929.44,7170162.50,100.00,2.00,10.00,1.00
0,175.0,514.5,734929.44,7170162.50,100.00,2.00,10.00,1.00
0,175.0,497.0,734929.44,7170162.50,100.00,2.00,10.00,1.00
0,175.0,476.4,734929.44,7170162.50,2000.00,3.30,0.50,-0.30
0,175.0,454.5,734929.44,7170162.50,2000.00,3.30,0.50,-0.30
0,175.0,431.4,734929.44,7170162.50,2000.00,3.30,0.50,-0.30
0,175.0,406.8,734929.44,7170162.50,2000.00,3.30,0.50,-0.30
0,175.0,380.8,734929.44,7170162.50,2000.00,3.30,0.50,-0.30
0,175.0,353.3,734929.44,7170162.50,2000.00,3.30,0.50,-0.30
0,175.0,324.0,734929.44,7170162.50,2000.00,3.30,0.50,-0.30
0,175.0,293.1,734929.44,7170162.50,2000.00,3.30,0.50,-0.30
0,175.0,259.3,734929.44,7170162.50,2000.00,3.30,0.50,-0.30
0,175.0,222.8,734929.44,7170162.50,2000.00,3.30,0.50,-0.30
0,175.0,184.1,734929.44,7170162.50,2000.00,3.30,0.50,-0.30
0,175.0,143.2,734929.44,7170162.50,2000.00,3.30,0.50,-0.30
0,225.0,568.3,734929.56,7170212.50,100.00,2.00,10.00,1.00
0,225.0,558.3,734929.56,7170212.50,100.00,2.00,10.00,1.00
0,225.0,548.3,734929.56,7170212.50,100.00,2.00,10.00,1.00
0,225.0,538.3,734929.56,7170212.50,100.00,2.00,10.00,1.00
0,225.0,528.3,734929.56,7170212.50,100.00,2.00,10.00,1.00
0,225.0,515.8,734929.56,7170212.50,100.00,2.00,10.00,1.00
0,225.0,498.3,734929.56,7170212.50,100.00,2.00,10.00,1.00
0,225.0,477.7,734929.56,7170212.50,1366.67,3.14,0.73,-0.14
0,225.0,455.9,734929.56,7170212.50,2000.00,3.30,0.50,-0.30
0,225.0,432.7,734929.56,7170212.50,2000.00,3.30,0.50,-0.30
0,225.0,408.2,734929.56,7170212.50,2000.00,3.30,0.50,-0.30
0,225.0,382.2,734929.56,7170212.50,2000.00,3.30,0.50,-0.30
0,225.0,354.6,734929.56,7170212.50,2000.00,3.30,0.50,-0.30
0,225.0,325.4,734929.56,7170212.50,2000.00,3.30,0.50,-0.30
0,225.0,294.4,734929.56,7170212.50,2000.00,3.30,0.50,-0.30
0,225.0,260.5,734929.56,7170212.50,2000.00,3.30,0.50,-0.30
0,225.0,223.6,734929.56,7170212.50,2000.00,3.30,0.50,-0.30
0,225.0,184.6,734929.56,7170212.50,2000.00,3.30,0.50,-0.30
0,225.0,143.4,734929.56,7170212.50,2000.00,3.30,0.50,-0.30
0,275.0,568.1,734929.62,7170262.50,100.00,2.00,10.00,1.00
0,275.0,558.1,734929.62,7170262.50,100.00,2.00,10.00,1.00
0,275.0,548.1,734929.62,7170262.50,100.00,2.00,10.00,1.00
0,275.0,538.1,734929.62,7170262.50,100.00,2.00,10.00,1.00
0,275.0,528.1,734929.62,7170262.50,100.00,2.00,10.00,1.00
0,275.0,515.6,734929.62,7170262.50,100.00,2.00,10.00,1.00
0,275.0,498.1,734929.62,7170262.50,100.00,2.00,10.00,1.00
0,275.0,477.5,734929.62,7170262.50,1240.00,3.09,0.81,-0.09
0,275.0,455.7,734929.62,7170262.50,2000.00,3.30,0.50,-0.30
0,275.0,432.5,734929.62,7170262.50,2000.00,3.30,0.50,-0.30
0,275.0,408.0,734929.62,7170262.50,2000.00,3.30,0.50,-0.30
0,275.0,382.0,734929.62,7170262.50,2000.00,3.30,0.50,-0.30
0,275.0,354.4,734929.62,7170262.50,2000.00,3.30,0.50,-0.30
0,275.0,325.2,734929.62,7170262.50,2000.00,3.30,0.50,-0.30
0,275.0,294.2,734929.62,7170262.50,2000.00,3.30,0.50,-0.30
0,275.0,260.4,734929.62,7170262.50,2000.00,3.30,0.50,-0.30
0,275.0,223.5,734929.62,7170262.50,2000.00,3.30,0.50,-0.30
0,275.0,184.5,734929.62,7170262.50,2000.00,3.30,0.50,-0.30
0,275.0,143.3,734929.62,7170262.50,2000.00,3.30,0.50,-0.30
0,325.0,568.2,734929.62,7170312.50,100.00,2.00,10.00,1.00
0,325.0,558.2,734929.62,7170312.50,100.00,2.00,10.00,1.00
0,325.0,548.2,734929.62,7170312.50,100.00,2.00,10.00,1.00
0,325.0,538.2,734929.62,7170312.50,100.00,2.00,10.00,1.00
0,325.0,528.2,734929.62,7170312.50,100.00,2.00,10.00,1.00
0,325.0,515.7,734929.62,7170312.50,100.00,2.00,10.00,1.00
0,325.0,498.2,734929.62,7170312.50,100.00,2.00,10.00,1.00
0,325.0,477.6,734929.62,7170312.50,1620.00,3.21,0.62,-0.21
0,325.0,455.7,734929.62,7170312.50,2000.00,3.30,0.50,-0.30
0,325.0,432.6,734929.62,7170312.50,2000.00,3.30,0.50,-0.30
0,325.0,408.0,734929.62,7170312.50,2000.00,3.30,0.50,-0.30
0,325.0,382.0,734929.62,7170312.50,2000.00,3.30,0.50,-0.30
0,325.0,354.5,734929.62,7170312.50,2000.00,3.30,0.50,-0.30
0,325.0,325.2,734929.62,7170312.50,2000.00,3.30,0.50,-0.30
0,325.0,294.3,734929.62,7170312.50,2000.00,3.30,0.50,-0.30
0,325.0,260.4,734929.62,7170312.50,2000.00,3.30,0.50,-0.30
0,325.0,223.5,734929.62,7170312.50,2000.00,3.30,0.50,-0.30
0,325.0,184.5,734929.62,7170312.50,2000.00,3.30,0.50,-0.30
0,325.0,143.4,734929.62,7170312.50,2000.00,3.30,0.50,-0.30
0,375.0,568.2,734929.75,7170362.50,100.00,2.00,10.00,1.00
0,375.0,558.2,734929.75,7170362.50,100.00,2.00,10.00,1.00
0,375.0,548.2,734929.75,7170362.50,100.00,2.00,10.00,1.00
0,375.0,538.2,734929.75,7170362.50,100.00,2.00,10.00,1.00
0,375.0,528.2,734929.75,7170362.50,100.00,2.00,10.00,1.00
0,375.0,515.7,734929.75,7170362.50,100.00,2.00,10.00,1.00
0,375.0,498.1,734929.75,7170362.50,480.00,2.68,2.08,0.32
0,375.0,477.5,734929.75,7170362.50,2000.00,3.30,0.50,-0.30
0,375.0,455.7,734929.75,7170362.50,2000.00,3.30,0.50,-0.30
0,375.0,432.6,734929.75,7170362.50,2000.00,3.30,0.50,-0.30
0,375.0,408.0,734929.75,7170362.50,2000.00,3.30,0.50,-0.30
0,375.0,382.0,734929.75,7170362.50,2000.00,3.30,0.50,-0.30
0,375.0,354.5,734929.75,7170362.50,2000.00,3.30,0.50,-0.30
0,375.0,325.2,734929.75,7170362.50,2000.00,3.30,0.50,-0.30
0,375.0,294.3,734929.75,7170362.50,2000.00,3.30,0.50,-0.30
0,375.0,260.4,734929.75,7170362.50,2000.00,3.30,0.50,-0.30
0,375.0,223.5,734929.75,7170362.50,2000.00,3.30,0.50,-0.30
0,375.0,184.5,734929.75,7170362.50,2000.00,3.30,0.50,-0.30
0,375.0,143.4,734929.75,7170362.50,2000.00,3.30,0.50,-0.30
0,425.0,568.2,734929.81,7170412.50,100.00,2.00,10.00,1.00
0,425.0,558.2,734929.81,7170412.50,100.00,2.00,10.00,1.00
0,425.0,548.2,734929.81,7170412.50,100.00,2.00,10.00,1.00
0,425.0,538.2,734929.81,7170412.50,100.00,2.00,10.00,1.00
0,425.0,528.2,734929.81,7170412.50,100.00,2.00,10.00,1.00
0,425.0,515.7,734929.81,7170412.50,100.00,2.00,10.00,1.00
0,425.0,498.1,734929.81,7170412.50,1240.00,3.09,0.81,-0.09
0,425.0,477.5,734929.81,7170412.50,2000.00,3.30,0.50,-0.30
0,425.0,455.7,734929.81,7170412.50,2000.00,3.30,0.50,-0.30
0,425.0,432.6,734929.81,7170412.50,2000.00,3.30,0.50,-0.30
0,425.0,408.0,734929.81,7170412.50,2000.00,3.30,0.50,-0.30
0,425.0,382.0,734929.81,7170412.50,2000.00,3.30,0.50,-0.30
0,425.0,354.5,734929.81,7170412.50,2000.00,3.30,0.50,-0.30
0,425.0,325.2,734929.81,7170412.50,2000.00,3.30,0.50,-0.30
0,425.0,294.3,734929.81,7170412.50,2000.00,3.30,0.50,-0.30
0,425.0,260.4,734929.81,7170412.50,2000.00,3.30,0.50,-0.30
0,425.0,223.5,734929.81,7170412.50,2000.00,3.30,0.50,-0.30
0,425.0,184.5,734929.81,7170412.50,2000.00,3.30,0.50,-0.30
0,425.0,143.4,734929.81,7170412.50,2000.00,3.30,0.50,-0.30
0,475.0,568.2,734929.81,7170462.50,100.00,2.00,10.00,1.00
0,475.0,558.2,734929.81,7170462.50,100.00,2.00,10.00,1.00
0,475.0,548.2,734929.81,7170462.50,100.00,2.00,10.00,1.00
0,475.0,538.2,734929.81,7170462.50,100.00,2.00,10.00,1.00
0,475.0,528.2,734929.81,7170462.50,100.00,2.00,10.00,1.00
0,475.0,515.7,734929.81,7170462.50,1050.00,3.02,0.95,-0.02
0,475.0,498.1,734929.81,7170462.50,2000.00,3.30,0.50,-0.30
0,475.0,477.5,734929.81,7170462.50,2000.00,3.30,0.50,-0.30
0,475.0,455.7,734929.81,7170462.50,2000.00,3.30,0.50,-0.30
0,475.0,432.6,734929.81,7170462.50,2000.00,3.30,0.50,-0.30
0,475.0,408.0,734929.81,7170462.50,2000.00,3.30,0.50,-0.30
0,475.0,382.0,734929.81,7170462.50,2000.00,3.30,0.50,-0.30
0,475.0,354.5,734929.81,7170462.50,2000.00,3.30,0.50,-0.30
0,475.0,325.2,734929.81,7170462.50,2000.00,3.30,0.50,-0.30
0,475.0,294.3,734929.81,7170462.50,2000.00,3.30,0.50,-0.30
0,475.0,260.4,734929.81,7170462.50,2000.00,3.30,0.50,-0.30
0,475.0,223.5,734929.81,7170462.50,2000.00,3.30,0.50,-0.30
0,475.0,184.5,734929.81,7170462.50,2000.00,3.30,0.50,-0.30
0,475.0,143.4,734929.81,7170462.50,2000.00,3.30,0.50,-0.30
0,525.0,568.1,734929.88,7170512.50,100.00,2.00,10.00,1.00
0,525.0,558.1,734929.88,7170512.50,100.00,2.00,10.00,1.00
0,525.0,548.1,734929.88,7170512.50,100.00,2.00,10.00,1.00
0,525.0,538.1,734929.88,7170512.50,100.00,2.00,10.00,1.00
0,525.0,528.1,734929.88,7170512.50,100.00,2.00,10.00,1.00
0,525.0,515.6,734929.88,7170512.50,2000.00,3.30,0.50,-0.30
0,525.0,498.1,734929.88,7170512.50,2000.00,3.30,0.50,-0.30
0,525.0,477.5,734929.88,7170512.50,2000.00,3.30,0.50,-0.30
0,525.0,455.7,734929.88,7170512.50,2000.00,3.30,0.50,-0.30
0,525.0,432.6,734929.88,7170512.50,2000.00,3.30,0.50,-0.30
0,525.0,408.0,734929.88,7170512.50,2000.00,3.30,0.50,-0.30
0,525.0,382.0,734929.88,7170512.50,2000.00,3.30,0.50,-0.30
0,525.0,354.5,734929.88,7170512.50,2000.00,3.30,0.50,-0.30
0,525.0,325.2,734929.88,7170512.50,2000.00,3.30,0.50,-0.30
0,525.0,294.3,734929.88,7170512.50,2000.00,3.30,0.50,-0.30
0,525.0,260.4,734929.88,7170512.50,2000.00,3.30,0.50,-0.30
0,525.0,223.5,734929.88,7170512.50,2000.00,3.30,0.50,-0.30
0,525.0,184.5,734929.88,7170512.50,2000.00,3.30,0.50,-0.30
0,525.0,143.4,734929.88,7170512.50,2000.00,3.30,0.50,-0.30
0,575.0,568.2,734929.88,7170562.50,100.00,2.00,10.00,1.00
0,575.0,558.2,734929.88,7170562.50,100.00,2.00,10.00,1.00
0,575.0,548.2,734929.88,7170562.50,100.00,2.00,10.00,1.00
0,575.0,538.2,734929.88,7170562.50,100.00,2.00,10.00,1.00
0,575.0,528.2,734929.88,7170562.50,733.33,2.87,1.36,0.13
0,575.0,515.7,734929.88,7170562.50,2000.00,3.30,0.50,-0.30
0,575.0,498.2,734929.88,7170562.50,2000.00,3.30,0.50,-0.30
0,575.0,477.6,734929.88,7170562.50,2000.00,3.30,0.50,-0.30
0,575.0,455.7,734929.88,7170562.50,2000.00,3.30,0.50,-0.30
0,575.0,432.6,734929.88,7170562.50,2000.00,3.30,0.50,-0.30
0,575.0,408.1,734929.88,7170562.50,2000.00,3.30,0.50,-0.30
0,575.0,382.1,734929.88,7170562.50,2000.00,3.30,0.50,-0.30
0,575.0,354.5,734929.88,7170562.50,2000.00,3.30,0.50,-0.30
0,575.0,325.3,734929.88,7170562.50,2000.00,3.30,0.50,-0.30
0,575.0,294.3,734929.88,7170562.50,2000.00,3.30,0.50,-0.30
0,575.0,260.4,734929.88,7170562.50,2000.00,3.30,0.50,-0.30
0,575.0,223.5,734929.88,7170562.50,2000.00,3.30,0.50,-0.30
0,575.0,184.5,734929.88,7170562.50,2000.00,3.30,0.50,-0.30
0,575.0,143.4,734929.88,7170562.50,2000.00,3.30,0.50,-0.30
0,625.0,568.0,734929.94,7170612.50,100.00,2.00,10.00,1.00
0,625.0,558.0,734929.94,7170612.50,100.00,2.00,10.00,1.00
0,625.0,548.0,734929.94,7170612.50,100.00,2.00,10.00,1.00
0,625.0,538.0,734929.94,7170612.50,100.00,2.00,10.00,1.00
0,625.0,528.0,734929.94,7170612.50,733.33,2.87,1.36,0.13
0,625.0,515.5,734929.94,7170612.50,2000.00,3.30,0.50,-0.30
0,625.0,498.0,734929.94,7170612.50,2000.00,3.30,0.50,-0.30
0,625.0,477.4,734929.94,7170612.50,2000.00,3.30,0.50,-0.30
0,625.0,455.6,734929.94,7170612.50,2000.00,3.30,0.50,-0.30
0,625.0,432.4,734929.94,7170612.50,2000.00,3.30,0.50,-0.30
0,625.0,407.9,734929.94,7170612.50,2000.00,3.30,0.50,-0.30
0,625.0,381.9,734929.94,7170612.50,2000.00,3.30,0.50,-0.30
0,625.0,354.3,734929.94,7170612.50,2000.00,3.30,0.50,-0.30
0,625.0,325.1,734929.94,7170612.50,2000.00,3.30,0.50,-0.30
0,625.0,294.1,734929.94,7170612.50,2000.00,3.30,0.50,-0.30
0,625.0,260.3,734929.94,7170612.50,2000.00,3.30,0.50,-0.30
0,625.0,223.4,734929.94,7170612.50,2000.00,3.30,0.50,-0.30
0,625.0,184.5,734929.94,7170612.50,2000.00,3.30,0.50,-0.30
0,625.0,143.3,734929.94,7170612.50,2000.00,3.30,0.50,-0.30
0,675.0,569.1,734930.00,7170662.50,100.00,2.00,10.00,1.00
0,675.0,559.1,734930.00,7170662.50,100.00,2.00,10.00,1.00
0,675.0,549.1,734930.00,7170662.50,100.00,2.00,10.00,1.00
0,675.0,539.1,734930.00,7170662.50,100.00,2.00,10.00,1.00
0,675.0,529.1,734930.00,7170662.50,733.33,2.87,1.36,0.13
0,675.0,516.6,734930.00,7170662.50,2000.00,3.30,0.50,-0.30
0,675.0,499.1,734930.00,7170662.50,2000.00,3.30,0.50,-0.30
0,675.0,478.5,734930.00,7170662.50,2000.00,3.30,0.50,-0.30
0,675.0,456.7,734930.00,7170662.50,2000.00,3.30,0.50,-0.30
0,675.0,433.5,734930.00,7170662.50,2000.00,3.30,0.50,-0.30
0,675.0,409.0,734930.00,7170662.50,2000.00,3.30,0.50,-0.30
0,675.0,383.0,734930.00,7170662.50,2000.00,3.30,0.50,-0.30
0,675.0,355.4,734930.00,7170662.50,2000.00,3.30,0.50,-0.30
0,675.0,326.2,734930.00,7170662.50,2000.00,3.30,0.50,-0.30
0,675.0,295.2,734930.00,7170662.50,2000.00,3.30,0.50,-0.30
0,675.0,261.2,734930.00,7170662.50,2000.00,3.30,0.50,-0.30
0,675.0,224.1,734930.00,7170662.50,2000.00,3.30,0.50,-0.30
0,675.0,184.9,734930.00,7170662.50,2000.00,3.30,0.50,-0.30
0,675.0,143.5,734930.00,7170662.50,2000.00,3.30,0.50,-0.30
0,725.0,571.5,734930.06,7170712.50,100.00,2.00,10.00,1.00
0,725.0,561.5,734930.06,7170712.50,100.00,2.00,10.00,1.00
0,725.0,551.5,734930.06,7170712.50,100.00,2.00,10.00,1.00
0,725.0,541.5,734930.06,7170712.50,100.00,2.00,10.00,1.00
0,725.0,531.5,734930.06,7170712.50,100.00,2.00,10.00,1.00
0,725.0,519.0,734930.06,7170712.50,1525.00,3.18,0.66,-0.18
0,725.0,501.5,734930.06,7170712.50,2000.00,3.30,0.50,-0.30
0,725.0,480.9,734930.06,7170712.50,2000.00,3.30,0.50,-0.30
0,725.0,459.0,734930.06,7170712.50,2000.00,3.30,0.50,-0.30
0,725.0,435.9,734930.06,7170712.50,2000.00,3.30,0.50,-0.30
0,725.0,411.3,734930.06,7170712.50,2000.00,3.30,0.50,-0.30
0,725.0,385.3,734930.06,7170712.50,2000.00,3.30,0.50,-0.30
0,725.0,357.8,734930.06,7170712.50,2000.00,3.30,0.50,-0.30
0,725.0,328.5,734930.06,7170712.50,2000.00,3.30,0.50,-0.30
0,725.0,297.6,734930.06,7170712.50,2000.00,3.30,0.50,-0.30
0,725.0,263.3,734930.06,7170712.50,2000.00,3.30,0.50,-0.30
0,725.0,225.6,734930.06,7170712.50,2000.00,3.30,0.50,-0.30
0,725.0,185.8,734930.06,7170712.50,2000.00,3.30,0.50,-0.30
0,725.0,143.8,734930.06,7170712.50,2000.00,3.30,0.50,-0.30
0,775.0,572.3,734930.12,7170762.50,100.00,2.00,10.00,1.00
0,775.0,562.3,734930.12,7170762.50,100.00,2.00,10.00,1.00
0,775.0,552.3,734930.12,7170762.50,100.00,2.00,10.00,1.00
0,775.0,542.3,734930.12,7170762.50,100.00,2.00,10.00,1.00
0,775.0,532.3,734930.12,7170762.50,100.00,2.00,10.00,1.00
0,775.0,519.8,734930.12,7170762.50,575.00,2.76,1.74,0.24
0,775.0,502.3,734930.12,7170762.50,2000.00,3.30,0.50,-0.30
0,775.0,481.7,734930.12,7170762.50,2000.00,3.30,0.50,-0.30
0,775.0,459.9,734930.12,7170762.50,2000.00,3.30,0.50,-0.30
0,775.0,436.7,734930.12,7170762.50,2000.00,3.30,0.50,-0.30
0,775.0,412.2,734930.12,7170762.50,2000.00,3.30,0.50,-0.30
0,775.0,386.2,734930.12,7170762.50,2000.00,3.30,0.50,-0.30
0,775.0,358.6,734930.12,7170762.50,2000.00,3.30,0.50,-0.30
0,775.0,329.4,734930.12,7170762.50,2000.00,3.30,0.50,-0.30
0,775.0,298.4,734930.12,7170762.50,2000.00,3.30,0.50,-0.30
0,775.0,264.0,734930.12,7170762.50,2000.00,3.30,0.50,-0.30
0,775.0,226.1,734930.12,7170762.50,2000.00,3.30,0.50,-0.30
0,775.0,186.1,734930.12,7170762.50,2000.00,3.30,0.50,-0.30
0,775.0,143.9,734930.12,7170762.50,2000.00,3.30,0.50,-0.30
0,825.0,572.2,734930.19,7170812.50,100.00,2.00,10.00,1.00
0,825.0,562.2,734930.19,7170812.50,100.00,2.00,10.00,1.00
0,825.0,552.2,734930.19,7170812.50,100.00,2.00,10.00,1.00
0,825.0,542.2,734930.19,7170812.50,100.00,2.00,10.00,1.00
0,825.0,532.2,734930.19,7170812.50,100.00,2.00,10.00,1.00
0,825.0,519.7,734930.19,7170812.50,100.00,2.00,10.00,1.00
0,825.0,502.2,734930.19,7170812.50,1620.00,3.21,0.62,-0.21
0,825.0,481.6,734930.19,7170812.50,2000.00,3.30,0.50,-0.30
0,825.0,459.7,734930.19,7170812.50,2000.00,3.30,0.50,-0.30
0,825.0,436.6,734930.19,7170812.50,2000.00,3.30,0.50,-0.30
0,825.0,412.0,734930.19,7170812.50,2000.00,3.30,0.50,-0.30
0,825.0,386.0,734930.19,7170812.50,2000.00,3.30,0.50,-0.30
0,825.0,358.5,734930.19,7170812.50,2000.00,3.30,0.50,-0.30
0,825.0,329.3,734930.19,7170812.50,2000.00,3.30,0.50,-0.30
0,825.0,298.3,734930.19,7170812.50,2000.00,3.30,0.50,-0.30
0,825.0,263.9,734930.19,7170812.50,2000.00,3.30,0.50,-0.30
0,825.0,226.0,734930.19,7170812.50,2000.00,3.30,0.50,-0.30
0,825.0,186.0,734930.19,7170812.50,2000.00,3.30,0.50,-0.30
0,825.0,143.9,734930.19,7170812.50,2000.00,3.30,0.50,-0.30
0,875.0,572.2,734930.19,7170862.50,100.00,2.00,10.00,1.00
0,875.0,562.2,734930.19,7170862.50,100.00,2.00,10.00,1.00
0,875.0,552.2,734930.19,7170862.50,100.00,2.00,10.00,1.00
0,875.0,542.2,734930.19,7170862.50,100.00,2.00,10.00,1.00
0,875.0,532.2,734930.19,7170862.50,100.00,2.00,10.00,1.00
0,875.0,519.7,734930.19,7170862.50,100.00,2.00,10.00,1.00
0,875.0,502.2,734930.19,7170862.50,480.00,2.68,2.08,0.32
0,875.0,481.6,734930.19,7170862.50,2000.00,3.30,0.50,-0.30
0,875.0,459.8,734930.19,7170862.50,2000.00,3.30,0.50,-0.30
0,875.0,436.6,734930.19,7170862.50,2000.00,3.30,0.50,-0.30
0,875.0,412.1,734930.19,7170862.50,2000.00,3.30,0.50,-0.30
0,875.0,386.1,734930.19,7170862.50,2000.00,3.30,0.50,-0.30
0,875.0,358.5,734930.19,7170862.50,2000.00,3.30,0.50,-0.30
0,875.0,329.3,734930.19,7170862.50,2000.00,3.30,0.50,-0.30
0,875.0,298.3,734930.19,7170862.50,2000.00,3.30,0.50,-0.30
0,875.0,263.9,734930.19,7170862.50,2000.00,3.30,0.50,-0.30
0,875.0,226.0,734930.19,7170862.50,2000.00,3.30,0.50,-0.30
0,875.0,186.1,734930.19,7170862.50,2000.00,3.30,0.50,-0.30
0,875.0,143.9,734930.19,7170862.50,2000.00,3.30,0.50,-0.30
0,925.0,572.2,734930.25,7170912.50,100.00,2.00,10.00,1.00
0,925.0,562.2,734930.25,7170912.50,100.00,2.00,10.00,1.00
0,925.0,552.2,734930.25,7170912.50,100.00,2.00,10.00,1.00
0,925.0,542.2,734930.25,7170912.50,100.00,2.00,10.00,1.00
0,925.0,532.2,734930.25,7170912.50,100.00,2.00,10.00,1.00
0,925.0,519.7,734930.25,7170912.50,100.00,2.00,10.00,1.00
0,925.0,502.2,734930.25,7170912.50,100.00,2.00,10.00,1.00
0,925.0,481.6,734930.25,7170912.50,1240.00,3.09,0.81,-0.09
0,925.0,459.8,734930.25,7170912.50,2000.00,3.30,0.50,-0.30
0,925.0,436.6,734930.25,7170912.50,2000.00,3.30,0.50,-0.30
0,925.0,412.1,734930.25,7170912.50,2000.00,3.30,0.50,-0.30
0,925.0,386.1,734930.25,7170912.50,2000.00,3.30,0.50,-0.30
0,925.0,358.5,734930.25,7170912.50,2000.00,3.30,0.50,-0.30
0,925.0,329.3,734930.25,7170912.50,2000.00,3.30,0.50,-0.30
0,925.0,298.3,734930.25,7170912.50,2000.00,3.30,0.50,-0.30
0,925.0,263.9,734930.25,7170912.50,2000.00,3.30,0.50,-0.30
0,925.0,226.0,734930.25,7170912.50,2000.00,3.30,0.50,-0.30
0,925.0,186.1,734930.25,7170912.50,2000.00,3.30,0.50,-0.30
0,925.0,143.9,734930.25,7170912.50,2000.00,3.30,0.50,-0.30
0,975.0,572.2,734930.38,7170962.50,100.00,2.00,10.00,1.00
0,975.0,562.2,734930.38,7170962.50,100.00,2.00,10.00,1.00
0,975.0,552.2,734930.38,7170962.50,100.00,2.00,10.00,1.00
0,975.0,542.2,734930.38,7170962.50,100.00,2.00,10.00,1.00
0,975.0,532.2,734930.38,7170962.50,100.00,2.00,10.00,1.00
0,975.0,519.7,734930.38,7170962.50,100.00,2.00,10.00,1.00
0,975.0,502.2,734930.38,7170962.50,100.00,2.00,10.00,1.00
0,975.0,481.6,734930.38,7170962.50,83.20,1.92,12.02,1.08
0,975.0,459.8,734930.38,7170962.50,16.00,1.20,62.50,1.80
0,975.0,436.6,734930.38,7170962.50,16.00,1.20,62.50,1.80
0,975.0,412.1,734930.38,7170962.50,677.33,2.83,1.48,0.17
0,975.0,386.1,734930.38,7170962.50,2000.00,3.30,0.50,-0.30
0,975.0,358.5,734930.38,7170962.50,2000.00,3.30,0.50,-0.30
0,975.0,329.3,734930.38,7170962.50,2000.00,3.30,0.50,-0.30
0,975.0,298.3,734930.38,7170962.50,2000.00,3.30,0.50,-0.30
0,975.0,263.9,734930.38,7170962.50,2000.00,3.30,0.50,-0.30
0,975.0,226.0,734930.38,7170962.50,2000.00,3.30,0.50,-0.30
0,975.0,186.1,734930.38,7170962.50,2000.00,3.30,0.50,-0.30
0,975.0,143.9,734930.38,7170962.50,2000.00,3.30,0.50,-0.30
0,1025.0,572.2,734930.38,7171012.50,100.00,2.00,10.00,1.00
0,1025.0,562.2,734930.38,7171012.50,100.00,2.00,10.00,1.00
0,1025.0,552.2,734930.38,7171012.50,100.00,2.00,10.00,1.00
0,1025.0,542.2,734930.38,7171012.50,100.00,2.00,10.00,1.00
0,1025.0,532.2,734930.38,7171012.50,100.00,2.00,10.00,1.00
0,1025.0,519.7,734930.38,7171012.50,100.00,2.00,10.00,1.00
0,1025.0,502.2,734930.38,7171012.50,100.00,2.00,10.00,1.00
0,1025.0,481.6,734930.38,7171012.50,83.20,1.92,12.02,1.08
0,1025.0,459.8,734930.38,7171012.50,16.00,1.20,62.50,1.80
0,1025.0,436.6,734930.38,7171012.50,16.00,1.20,62.50,1.80
0,1025.0,412.1,734930.38,7171012.50,16.00,1.20,62.50,1.80
0,1025.0,386.1,734930.38,7171012.50,16.00,1.20,62.50,1.80
0,1025.0,358.5,734930.38,7171012.50,16.00,1.20,62.50,1.80
0,1025.0,329.3,734930.38,7171012.50,16.00,1.20,62.50,1.80
0,1025.0,298.3,734930.38,7171012.50,16.00,1.20,62.50,1.80
0,1025.0,263.9,734930.38,7171012.50,2000.00,3.30,0.50,-0.30
0,1025.0,226.0,734930.38,7171012.50,2000.00,3.30,0.50,-0.30
0,1025.0,186.1,734930.38,7171012.50,2000.00,3.30,0.50,-0.30
0,1025.0,143.9,734930.38,7171012.50,2000.00,3.30,0.50,-0.30
0,1075.0,572.2,734930.38,7171062.50,100.00,2.00,10.00,1.00
0,1075.0,562.2,734930.38,7171062.50,100.00,2.00,10.00,1.00
0,1075.0,552.2,734930.38,7171062.50,100.00,2.00,10.00,1.00
0,1075.0,542.2,734930.38,7171062.50,100.00,2.00,10.00,1.00
0,1075.0,532.2,734930.38,7171062.50,100.00,2.00,10.00,1.00
0,1075.0,519.7,734930.38,7171062.50,100.00,2.00,10.00,1.00
0,1075.0,502.2,734930.38,7171062.50,100.00,2.00,10.00,1.00
0,1075.0,481.6,734930.38,7171062.50,100.00,2.00,10.00,1.00
0,1075.0,459.8,734930.38,7171062.50,16.00,1.20,62.50,1.80
0,1075.0,436.6,734930.38,7171062.50,16.00,1.20,62.50,1.80
0,1075.0,412.1,734930.38,7171062.50,16.00,1.20,62.50,1.80
0,1075.0,386.1,734930.38,7171062.50,16.00,1.20,62.50,1.80
0,1075.0,358.5,734930.38,7171062.50,16.00,1.20,62.50,1.80
0,1075.0,329.3,734930.38,7171062.50,16.00,1.20,62.50,1.80
0,1075.0,298.3,734930.38,7171062.50,16.00,1.20,62.50,1.80
0,1075.0,263.9,734930.38,7171062.50,16.00,1.20,62.50,1.80
0,1075.0,226.0,734930.38,7171062.50,236.44,2.37,4.23,0.63
0,1075.0,186.1,734930.38,7171062.50,2000.00,3.30,0.50,-0.30
0,1075.0,143.9,734930.38,7171062.50,2000.00,3.30,0.50,-0.30
0,1125.0,572.2,734930.50,7171112.50,100.00,2.00,10.00,1.00
0,1125.0,562.2,734930.50,7171112.50,100.00,2.00,10.00,1.00
0,1125.0,552.2,734930.50,7171112.50,100.00,2.00,10.00,1.00
0,1125.0,542.2,734930.50,7171112.50,100.00,2.00,10.00,1.00
0,1125.0,532.2,734930.50,7171112.50,100.00,2.00,10.00,1.00
0,1125.0,519.7,734930.50,7171112.50,100.00,2.00,10.00,1.00
0,1125.0,502.2,734930.50,7171112.50,100.00,2.00,10.00,1.00
0,1125.0,481.6,734930.50,7171112.50,100.00,2.00,10.00,1.00
0,1125.0,459.7,734930.50,7171112.50,16.00,1.20,62.50,1.80
0,1125.0,436.6,734930.50,7171112.50,16.00,1.20,62.50,1.80
0,1125.0,412.1,734930.50,7171112.50,16.00,1.20,62.50,1.80
0,1125.0,386.1,734930.50,7171112.50,16.00,1.20,62.50,1.80
0,1125.0,358.5,734930.50,7171112.50,16.00,1.20,62.50,1.80
0,1125.0,329.3,734930.50,7171112.50,16.00,1.20,62.50,1.80
0,1125.0,298.3,734930.50,7171112.50,16.00,1.20,62.50,1.80
0,1125.0,263.9,734930.50,7171112.50,16.00,1.20,62.50,1.80
0,1125.0,226.0,734930.50,7171112.50,16.00,1.20,62.50,1.80
0,1125.0,186.0,734930.50,7171112.50,611.20,2.79,1.64,0.21
0,1125.0,143.9,734930.50,7171112.50,2000.00,3.30,0.50,-0.30
0,1175.0,572.2,734930.62,7171162.50,100.00,2.00,10.00,1.00
0,1175.0,562.2,734930.62,7171162.50,100.00,2.00,10.00,1.00
0,1175.0,552.2,734930.62,7171162.50,100.00,2.00,10.00,1.00
0,1175.0,542.2,734930.62,7171162.50,100.00,2.00,10.00,1.00
0,1175.0,532.2,734930.62,7171162.50,100.00,2.00,10.00,1.00
0,1175.0,519.7,734930.62,7171162.50,100.00,2.00,10.00,1.00
0,1175.0,502.2,734930.62,7171162.50,100.00,2.00,10.00,1.00
0,1175.0,481.6,734930.62,7171162.50,100.00,2.00,10.00,1.00
0,1175.0,459.8,734930.62,7171162.50,32.80,1.52,30.49,1.48
0,1175.0,436.7,734930.62,7171162.50,16.00,1.20,62.50,1.80
0,1175.0,412.1,734930.62,7171162.50,16.00,1.20,62.50,1.80
0,1175.0,386.1,734930.62,7171162.50,16.00,1.20,62.50,1.80
0,1175.0,358.5,734930.62,7171162.50,16.00,1.20,62.50,1.80
0,1175.0,329.3,734930.62,7171162.50,16.00,1.20,62.50,1.80
0,1175.0,298.3,734930.62,7171162.50,16.00,1.20,62.50,1.80
0,1175.0,264.0,734930.62,7171162.50,16.00,1.20,62.50,1.80
0,1175.0,226.1,734930.62,7171162.50,16.00,1.20,62.50,1.80
0,1175.0,186.1,734930.62,7171162.50,16.00,1.20,62.50,1.80
0,1175.0,143.9,734930.62,7171162.50,2000.00,3.30,0.50,-0.30
0,1225.0,572.1,734930.62,7171212.50,100.00,2.00,10.00,1.00
0,1225.0,562.1,734930.62,7171212.50,100.00,2.00,10.00,1.00
0,1225.0,552.1,734930.62,7171212.50,100.00,2.00,10.00,1.00
0,1225.0,542.1,734930.62,7171212.50,100.00,2.00,10.00,1.00
0,1225.0,532.1,734930.62,7171212.50,100.00,2.00,10.00,1.00
0,1225.0,519.6,734930.62,7171212.50,100.00,2.00,10.00,1.00
0,1225.0,502.1,734930.62,7171212.50,100.00,2.00,10.00,1.00
0,1225.0,481.5,734930.62,7171212.50,100.00,2.00,10.00,1.00
0,1225.0,459.6,734930.62,7171212.50,16.00,1.20,62.50,1.80
0,1225.0,436.5,734930.62,7171212.50,16.00,1.20,62.50,1.80
0,1225.0,411.9,734930.62,7171212.50,16.00,1.20,62.50,1.80
0,1225.0,385.9,734930.62,7171212.50,16.00,1.20,62.50,1.80
0,1225.0,358.4,734930.62,7171212.50,16.00,1.20,62.50,1.80
0,1225.0,329.1,734930.62,7171212.50,16.00,1.20,62.50,1.80
0,1225.0,298.2,734930.62,7171212.50,16.00,1.20,62.50,1.80
0,1225.0,263.8,734930.62,7171212.50,16.00,1.20,62.50,1.80
0,1225.0,225.9,734930.62,7171212.50,16.00,1.20,62.50,1.80
0,1225.0,186.0,734930.62,7171212.50,412.80,2.62,2.42,0.38
0,1225.0,143.8,734930.62,7171212.50,2000.00,3.30,0.50,-0.30
0,1275.0,573.9,734930.62,7171262.50,100.00,2.00,10.00,1.00
0,1275.0,563.9,734930.62,7171262.50,100.00,2.00,10.00,1.00
0,1275.0,553.9,734930.62,7171262.50,100.00,2.00,10.00,1.00
0,1275.0,543.9,734930.62,7171262.50,100.00,2.00,10.00,1.00
0,1275.0,533.9,734930.62,7171262.50,100.00,2.00,10.00,1.00
0,1275.0,521.4,734930.62,7171262.50,100.00,2.00,10.00,1.00
0,1275.0,503.9,734930.62,7171262.50,100.00,2.00,10.00,1.00
0,1275.0,483.3,734930.62,7171262.50,100.00,2.00,10.00,1.00
0,1275.0,461.4,734930.62,7171262.50,16.00,1.20,62.50,1.80
0,1275.0,438.3,734930.62,7171262.50,16.00,1.20,62.50,1.80
0,1275.0,413.7,734930.62,7171262.50,16.00,1.20,62.50,1.80
0,1275.0,387.7,734930.62,7171262.50,16.00,1.20,62.50,1.80
0,1275.0,360.2,734930.62,7171262.50,16.00,1.20,62.50,1.80
0,1275.0,330.9,734930.62,7171262.50,16.00,1.20,62.50,1.80
0,1275.0,300.0,734930.62,7171262.50,16.00,1.20,62.50,1.80
0,1275.0,265.4,734930.62,7171262.50,16.00,1.20,62.50,1.80
0,1275.0,227.1,734930.62,7171262.50,16.00,1.20,62.50,1.80
0,1275.0,186.7,734930.62,7171262.50,1008.00,3.00,0.99,-0.00
0,1275.0,144.1,734930.62,7171262.50,2000.00,3.30,0.50,-0.30
0,1325.0,576.1,734930.75,7171312.50,100.00,2.00,10.00,1.00
0,1325.0,566.1,734930.75,7171312.50,100.00,2.00,10.00,1.00
0,1325.0,556.1,734930.75,7171312.50,100.00,2.00,10.00,1.00
0,1325.0,546.1,734930.75,7171312.50,100.00,2.00,10.00,1.00
0,1325.0,536.1,734930.75,7171312.50,100.00,2.00,10.00,1.00
0,1325.0,523.6,734930.75,7171312.50,100.00,2.00,10.00,1.00
0,1325.0,506.1,734930.75,7171312.50,100.00,2.00,10.00,1.00
0,1325.0,485.5,734930.75,7171312.50,100.00,2.00,10.00,1.00
0,1325.0,463.6,734930.75,7171312.50,16.00,1.20,62.50,1.80
0,1325.0,440.5,734930.75,7171312.50,16.00,1.20,62.50,1.80
0,1325.0,416.0,734930.75,7171312.50,16.00,1.20,62.50,1.80
0,1325.0,389.9,734930.75,7171312.50,16.00,1.20,62.50,1.80
0,1325.0,362.4,734930.75,7171312.50,16.00,1.20,62.50,1.80
0,1325.0,333.2,734930.75,7171312.50,16.00,1.20,62.50,1.80
0,1325.0,302.2,734930.75,7171312.50,16.00,1.20,62.50,1.80
0,1325.0,267.3,734930.75,7171312.50,16.00,1.20,62.50,1.80
0,1325.0,228.5,734930.75,7171312.50,16.00,1.20,62.50,1.80
0,1325.0,187.5,734930.75,7171312.50,2000.00,3.30,0.50,-0.30
0,1325.0,144.3,734930.75,7171312.50,2000.00,3.30,0.50,-0.30
0,1375.0,576.2,734930.81,7171362.50,100.00,2.00,10.00,1.00
0,1375.0,566.2,734930.81,7171362.50,100.00,2.00,10.00,1.00
0,1375.0,556.2,734930.81,7171362.50,100.00,2.00,10.00,1.00
0,1375.0,546.2,734930.81,7171362.50,100.00,2.00,10.00,1.00
0,1375.0,536.2,734930.81,7171362.50,100.00,2.00,10.00,1.00
0,1375.0,523.8,734930.81,7171362.50,100.00,2.00,10.00,1.00
0,1375.0,506.2,734930.81,7171362.50,100.00,2.00,10.00,1.00
0,1375.0,485.7,734930.81,7171362.50,58.00,1.76,17.24,1.24
0,1375.0,463.8,734930.81,7171362.50,16.00,1.20,62.50,1.80
0,1375.0,440.7,734930.81,7171362.50,16.00,1.20,62.50,1.80
0,1375.0,416.1,734930.81,7171362.50,16.00,1.20,62.50,1.80
0,1375.0,390.1,734930.81,7171362.50,16.00,1.20,62.50,1.80
0,1375.0,362.6,734930.81,7171362.50,16.00,1.20,62.50,1.80
0,1375.0,333.3,734930.81,7171362.50,16.00,1.20,62.50,1.80
0,1375.0,302.4,734930.81,7171362.50,16.00,1.20,62.50,1.80
0,1375.0,267.5,734930.81,7171362.50,16.00,1.20,62.50,1.80
0,1375.0,228.6,734930.81,7171362.50,1008.00,3.00,0.99,-0.00
0,1375.0,187.6,734930.81,7171362.50,2000.00,3.30,0.50,-0.30
0,1375.0,144.4,734930.81,7171362.50,2000.00,3.30,0.50,-0.30
0,1425.0,576.2,734930.81,7171412.50,100.00,2.00,10.00,1.00
0,1425.0,566.2,734930.81,7171412.50,100.00,2.00,10.00,1.00
0,1425.0,556.2,734930.81,7171412.50,100.00,2.00,10.00,1.00
0,1425.0,546.2,734930.81,7171412.50,100.00,2.00,10.00,1.00
0,1425.0,536.2,734930.81,7171412.50,100.00,2.00,10.00,1.00
0,1425.0,523.7,734930.81,7171412.50,100.00,2.00,10.00,1.00
0,1425.0,506.2,734930.81,7171412.50,83.20,1.92,12.02,1.08
0,1425.0,485.6,734930.81,7171412.50,16.00,1.20,62.50,1.80
0,1425.0,463.8,734930.81,7171412.50,16.00,1.20,62.50,1.80
0,1425.0,440.6,734930.81,7171412.50,16.00,1.20,62.50,1.80
0,1425.0,416.1,734930.81,7171412.50,16.00,1.20,62.50,1.80
0,1425.0,390.1,734930.81,7171412.50,16.00,1.20,62.50,1.80
0,1425.0,362.5,734930.81,7171412.50,16.00,1.20,62.50,1.80
0,1425.0,333.3,734930.81,7171412.50,16.00,1.20,62.50,1.80
0,1425.0,302.3,734930.81,7171412.50,16.00,1.20,62.50,1.80
0,1425.0,267.5,734930.81,7171412.50,16.00,1.20,62.50,1.80
0,1425.0,228.6,734930.81,7171412.50,1801.60,3.26,0.56,-0.26
0,1425.0,187.6,734930.81,7171412.50,2000.00,3.30,0.50,-0.30
0,1425.0,144.4,734930.81,7171412.50,2000.00,3.30,0.50,-0.30
0,1475.0,576.4,734930.88,7171462.50,100.00,2.00,10.00,1.00
0,1475.0,566.4,734930.88,7171462.50,100.00,2.00,10.00,1.00
0,1475.0,556.4,734930.88,7171462.50,100.00,2.00,10.00,1.00
0,1475.0,546.4,734930.88,7171462.50,100.00,2.00,10.00,1.00
0,1475.0,536.4,734930.88,7171462.50,100.00,2.00,10.00,1.00
0,1475.0,523.9,734930.88,7171462.50,100.00,2.00,10.00,1.00
0,1475.0,506.4,734930.88,7171462.50,79.00,1.90,12.66,1.10
0,1475.0,485.8,734930.88,7171462.50,16.00,1.20,62.50,1.80
0,1475.0,463.9,734930.88,7171462.50,16.00,1.20,62.50,1.80
0,1475.0,440.8,734930.88,7171462.50,16.00,1.20,62.50,1.80
0,1475.0,416.2,734930.88,7171462.50,16.00,1.20,62.50,1.80
0,1475.0,390.2,734930.88,7171462.50,16.00,1.20,62.50,1.80
0,1475.0,362.7,734930.88,7171462.50,16.00,1.20,62.50,1.80
0,1475.0,333.4,734930.88,7171462.50,16.00,1.20,62.50,1.80
0,1475.0,302.5,734930.88,7171462.50,16.00,1.20,62.50,1.80
0,1475.0,267.6,734930.88,7171462.50,214.40,2.33,4.66,0.67
0,1475.0,228.6,734930.88,7171462.50,2000.00,3.30,0.50,-0.30
0,1475.0,187.6,734930.88,7171462.50,2000.00,3.30,0.50,-0.30
0,1475.0,144.4,734930.88,7171462.50,2000.00,3.30,0.50,-0.30
0,1525.0,575.5,734930.94,7171512.50,100.00,2.00,10.00,1.00
0,1525.0,565.5,734930.94,7171512.50,100.00,2.00,10.00,1.00
0,1525.0,555.5,734930.94,7171512.50,100.00,2.00,10.00,1.00
0,1525.0,545.5,734930.94,7171512.50,100.00,2.00,10.00,1.00
0,1525.0,535.5,734930.94,7171512.50,100.00,2.00,10.00,1.00
0,1525.0,523.0,734930.94,7171512.50,100.00,2.00,10.00,1.00
0,1525.0,505.5,734930.94,7171512.50,49.60,1.70,20.16,1.30
0,1525.0,484.9,734930.94,7171512.50,16.00,1.20,62.50,1.80
0,1525.0,463.1,734930.94,7171512.50,16.00,1.20,62.50,1.80
0,1525.0,439.9,734930.94,7171512.50,16.00,1.20,62.50,1.80
0,1525.0,415.4,734930.94,7171512.50,16.00,1.20,62.50,1.80
0,1525.0,389.4,734930.94,7171512.50,16.00,1.20,62.50,1.80
0,1525.0,361.8,734930.94,7171512.50,16.00,1.20,62.50,1.80
0,1525.0,332.6,734930.94,7171512.50,16.00,1.20,62.50,1.80
0,1525.0,301.6,734930.94,7171512.50,16.00,1.20,62.50,1.80
0,1525.0,266.8,734930.94,7171512.50,677.33,2.83,1.48,0.17
0,1525.0,228.1,734930.94,7171512.50,2000.00,3.30,0.50,-0.30
0,1525.0,187.3,734930.94,7171512.50,2000.00,3.30,0.50,-0.30
0,1525.0,144.3,734930.94,7171512.50,2000.00,3.30,0.50,-0.30
0,1575.0,573.1,734931.00,7171562.50,100.00,2.00,10.00,1.00
0,1575.0,563.1,734931.00,7171562.50,100.00,2.00,10.00,1.00
0,1575.0,553.1,734931.00,7171562.50,100.00,2.00,10.00,1.00
0,1575.0,543.1,734931.00,7171562.50,100.00,2.00,10.00,1.00
0,1575.0,533.1,734931.00,7171562.50,100.00,2.00,10.00,1.00
0,1575.0,520.6,734931.00,7171562.50,100.00,2.00,10.00,1.00
0,1575.0,503.1,734931.00,7171562.50,49.60,1.70,20.16,1.30
0,1575.0,482.5,734931.00,7171562.50,16.00,1.20,62.50,1.80
0,1575.0,460.7,734931.00,7171562.50,16.00,1.20,62.50,1.80
0,1575.0,437.5,734931.00,7171562.50,16.00,1.20,62.50,1.80
0,1575.0,413.0,734931.00,7171562.50,16.00,1.20,62.50,1.80
0,1575.0,387.0,734931.00,7171562.50,16.00,1.20,62.50,1.80
0,1575.0,359.4,734931.00,7171562.50,16.00,1.20,62.50,1.80
0,1575.0,330.2,734931.00,7171562.50,16.00,1.20,62.50,1.80
0,1575.0,299.2,734931.00,7171562.50,16.00,1.20,62.50,1.80
0,1575.0,264.7,734931.00,7171562.50,1338.67,3.13,0.75,-0.13
0,1575.0,226.6,734931.00,7171562.50,2000.00,3.30,0.50,-0.30
0,1575.0,186.4,734931.00,7171562.50,2000.00,3.30,0.50,-0.30
0,1575.0,144.0,734931.00,7171562.50,2000.00,3.30,0.50,-0.30
0,1625.0,572.2,734931.06,7171612.50,100.00,2.00,10.00,1.00
0,1625.0,562.2,734931.06,7171612.50,100.00,2.00,10.00,1.00
0,1625.0,552.2,734931.06,7171612.50,100.00,2.00,10.00,1.00
0,1625.0,542.2,734931.06,7171612.50,100.00,2.00,10.00,1.00
0,1625.0,532.2,734931.06,7171612.50,100.00,2.00,10.00,1.00
0,1625.0,519.7,734931.06,7171612.50,100.00,2.00,10.00,1.00
0,1625.0,502.2,734931.06,7171612.50,32.80,1.52,30.49,1.48
0,1625.0,481.6,734931.06,7171612.50,16.00,1.20,62.50,1.80
0,1625.0,459.8,734931.06,7171612.50,16.00,1.20,62.50,1.80
0,1625.0,436.6,734931.06,7171612.50,16.00,1.20,62.50,1.80
0,1625.0,412.1,734931.06,7171612.50,16.00,1.20,62.50,1.80
0,1625.0,386.1,734931.06,7171612.50,16.00,1.20,62.50,1.80
0,1625.0,358.5,734931.06,7171612.50,16.00,1.20,62.50,1.80
0,1625.0,329.3,734931.06,7171612.50,16.00,1.20,62.50,1.80
0,1625.0,298.3,734931.06,7171612.50,16.00,1.20,62.50,1.80
0,1625.0,263.9,734931.06,7171612.50,1801.60,3.26,0.56,-0.26
0,1625.0,226.0,734931.06,7171612.50,2000.00,3.30,0.50,-0.30
0,1625.0,186.1,734931.06,7171612.50,2000.00,3.30,0.50,-0.30
0,1625.0,143.9,734931.06,7171612.50,2000.00,3.30,0.50,-0.30
0,1675.0,570.8,734931.12,7171662.50,100.00,2.00,10.00,1.00
0,1675.0,560.8,734931.12,7171662.50,100.00,2.00,10.00,1.00
0,1675.0,550.8,734931.12,7171662.50,100.00,2.00,10.00,1.00
0,1675.0,540.8,734931.12,7171662.50,100.00,2.00,10.00,1.00
0,1675.0,530.8,734931.12,7171662.50,100.00,2.00,10.00,1.00
0,1675.0,518.3,734931.12,7171662.50,100.00,2.00,10.00,1.00
0,1675.0,500.8,734931.12,7171662.50,32.80,1.52,30.49,1.48
0,1675.0,480.2,734931.12,7171662.50,16.00,1.20,62.50,1.80
0,1675.0,458.4,734931.12,7171662.50,16.00,1.20,62.50,1.80
0,1675.0,435.2,734931.12,7171662.50,16.00,1.20,62.50,1.80
0,1675.0,410.7,734931.12,7171662.50,16.00,1.20,62.50,1.80
0,1675.0,384.7,734931.12,7171662.50,16.00,1.20,62.50,1.80
0,1675.0,357.1,734931.12,7171662.50,16.00,1.20,62.50,1.80
0,1675.0,327.9,734931.12,7171662.50,16.00,1.20,62.50,1.80
0,1675.0,296.9,734931.12,7171662.50,760.00,2.88,1.32,0.12
0,1675.0,262.7,734931.12,7171662.50,2000.00,3.30,0.50,-0.30
0,1675.0,225.1,734931.12,7171662.50,2000.00,3.30,0.50,-0.30
0,1675.0,185.5,734931.12,7171662.50,2000.00,3.30,0.50,-0.30
0,1675.0,143.7,734931.12,7171662.50,2000.00,3.30,0.50,-0.30
0,1725.0,568.5,734931.12,7171712.50,100.00,2.00,10.00,1.00
0,1725.0,558.5,734931.12,7171712.50,100.00,2.00,10.00,1.00
0,1725.0,548.5,734931.12,7171712.50,100.00,2.00,10.00,1.00
0,1725.0,538.5,734931.12,7171712.50,100.00,2.00,10.00,1.00
0,1725.0,528.5,734931.12,7171712.50,100.00,2.00,10.00,1.00
0,1725.0,516.0,734931.12,7171712.50,100.00,2.00,10.00,1.00
0,1725.0,498.5,734931.12,7171712.50,32.80,1.52,30.49,1.48
0,1725.0,477.9,734931.12,7171712.50,16.00,1.20,62.50,1.80
0,1725.0,456.1,734931.12,7171712.50,16.00,1.20,62.50,1.80
0,1725.0,432.9,734931.12,7171712.50,16.00,1.20,62.50,1.80
0,1725.0,408.4,734931.12,7171712.50,16.00,1.20,62.50,1.80
0,1725.0,382.4,734931.12,7171712.50,16.00,1.20,62.50,1.80
0,1725.0,354.8,734931.12,7171712.50,16.00,1.20,62.50,1.80
0,1725.0,325.6,734931.12,7171712.50,16.00,1.20,62.50,1.80
0,1725.0,294.6,734931.12,7171712.50,1504.00,3.18,0.66,-0.18
0,1725.0,260.7,734931.12,7171712.50,2000.00,3.30,0.50,-0.30
0,1725.0,223.7,734931.12,7171712.50,2000.00,3.30,0.50,-0.30
0,1725.0,184.7,734931.12,7171712.50,2000.00,3.30,0.50,-0.30
0,1725.0,143.4,734931.12,7171712.50,2000.00,3.30,0.50,-0.30
0,1775.0,568.1,734931.19,7171762.50,100.00,2.00,10.00,1.00
0,1775.0,558.1,734931.19,7171762.50,100.00,2.00,10.00,1.00
0,1775.0,548.1,734931.19,7171762.50,100.00,2.00,10.00,1.00
0,1775.0,538.1,734931.19,7171762.50,100.00,2.00,10.00,1.00
0,1775.0,528.1,734931.19,7171762.50,100.00,2.00,10.00,1.00
0,1775.0,515.6,734931.19,7171762.50,100.00,2.00,10.00,1.00
0,1775.0,498.1,734931.19,7171762.50,32.80,1.52,30.49,1.48
0,1775.0,477.5,734931.19,7171762.50,16.00,1.20,62.50,1.80
0,1775.0,455.7,734931.19,7171762.50,16.00,1.20,62.50,1.80
0,1775.0,432.6,734931.19,7171762.50,16.00,1.20,62.50,1.80
0,1775.0,408.0,734931.19,7171762.50,16.00,1.20,62.50,1.80
0,1775.0,382.0,734931.19,7171762.50,16.00,1.20,62.50,1.80
0,1775.0,354.4,734931.19,7171762.50,16.00,1.20,62.50,1.80
0,1775.0,325.2,734931.19,7171762.50,512.00,2.71,1.95,0.29
0,1775.0,294.2,734931.19,7171762.50,2000.00,3.30,0.50,-0.30
0,1775.0,260.4,734931.19,7171762.50,2000.00,3.30,0.50,-0.30
0,1775.0,223.5,734931.19,7171762.50,2000.00,3.30,0.50,-0.30
0,1775.0,184.5,734931.19,7171762.50,2000.00,3.30,0.50,-0.30
0,1775.0,143.3,734931.19,7171762.50,2000.00,3.30,0.50,-0.30
0,1825.0,570.3,734931.19,7171812.50,100.00,2.00,10.00,1.00
0,1825.0,560.3,734931.19,7171812.50,100.00,2.00,10.00,1.00
0,1825.0,550.3,734931.19,7171812.50,100.00,2.00,10.00,1.00
0,1825.0,540.3,734931.19,7171812.50,100.00,2.00,10.00,1.00
0,1825.0,530.3,734931.19,7171812.50,100.00,2.00,10.00,1.00
0,1825.0,517.8,734931.19,7171812.50,100.00,2.00,10.00,1.00
0,1825.0,500.3,734931.19,7171812.50,83.20,1.92,12.02,1.08
0,1825.0,479.7,734931.19,7171812.50,32.80,1.52,30.49,1.48
0,1825.0,457.9,734931.19,7171812.50,16.00,1.20,62.50,1.80
0,1825.0,434.7,734931.19,7171812.50,16.00,1.20,62.50,1.80
0,1825.0,410.2,734931.19,7171812.50,16.00,1.20,62.50,1.80
0,1825.0,384.2,734931.19,7171812.50,16.00,1.20,62.50,1.80
0,1825.0,356.6,734931.19,7171812.50,866.29,2.94,1.15,0.06
0,1825.0,327.4,734931.19,7171812.50,1876.00,3.27,0.53,-0.27
0,1825.0,296.4,734931.19,7171812.50,2000.00,3.30,0.50,-0.30
0,1825.0,262.3,734931.19,7171812.50,2000.00,3.30,0.50,-0.30
0,1825.0,224.8,734931.19,7171812.50,2000.00,3.30,0.50,-0.30
0,1825.0,185.3,734931.19,7171812.50,2000.00,3.30,0.50,-0.30
0,1825.0,143.6,734931.19,7171812.50,2000.00,3.30,0.50,-0.30
0,1875.0,572.3,734931.25,7171862.50,100.00,2.00,10.00,1.00
0,1875.0,562.3,734931.25,7171862.50,100.00,2.00,10.00,1.00
0,1875.0,552.3,734931.25,7171862.50,100.00,2.00,10.00,1.00
0,1875.0,542.3,734931.25,7171862.50,100.00,2.00,10.00,1.00
0,1875.0,532.3,734931.25,7171862.50,100.00,2.00,10.00,1.00
0,1875.0,519.8,734931.25,7171862.50,100.00,2.00,10.00,1.00
0,1875.0,502.3,734931.25,7171862.50,100.00,2.00,10.00,1.00
0,1875.0,481.7,734931.25,7171862.50,100.00,2.00,10.00,1.00
0,1875.0,459.8,734931.25,7171862.50,16.00,1.20,62.50,1.80
0,1875.0,436.7,734931.25,7171862.50,16.00,1.20,62.50,1.80
0,1875.0,412.1,734931.25,7171862.50,1008.00,3.00,0.99,-0.00
0,1875.0,386.1,734931.25,7171862.50,2000.00,3.30,0.50,-0.30
0,1875.0,358.6,734931.25,7171862.50,2000.00,3.30,0.50,-0.30
0,1875.0,329.3,734931.25,7171862.50,2000.00,3.30,0.50,-0.30
0,1875.0,298.4,734931.25,7171862.50,2000.00,3.30,0.50,-0.30
0,1875.0,264.0,734931.25,7171862.50,2000.00,3.30,0.50,-0.30
0,1875.0,226.1,734931.25,7171862.50,2000.00,3.30,0.50,-0.30
0,1875.0,186.1,734931.25,7171862.50,2000.00,3.30,0.50,-0.30
0,1875.0,143.9,734931.25,7171862.50,2000.00,3.30,0.50,-0.30
0,1925.0,572.2,734931.38,7171912.50,100.00,2.00,10.00,1.00
0,1925.0,562.2,734931.38,7171912.50,100.00,2.00,10.00,1.00
0,1925.0,552.2,734931.38,7171912.50,100.00,2.00,10.00,1.00
0,1925.0,542.2,734931.38,7171912.50,100.00,2.00,10.00,1.00
0,1925.0,532.2,734931.38,7171912.50,100.00,2.00,10.00,1.00
0,1925.0,519.7,734931.38,7171912.50,100.00,2.00,10.00,1.00
0,1925.0,502.2,734931.38,7171912.50,100.00,2.00,10.00,1.00
0,1925.0,481.6,734931.38,7171912.50,100.00,2.00,10.00,1.00
0,1925.0,459.7,734931.38,7171912.50,446.40,2.65,2.24,0.35
0,1925.0,436.6,734931.38,7171912.50,2000.00,3.30,0.50,-0.30
0,1925.0,412.0,734931.38,7171912.50,2000.00,3.30,0.50,-0.30
0,1925.0,386.0,734931.38,7171912.50,2000.00,3.30,0.50,-0.30
0,1925.0,358.5,734931.38,7171912.50,2000.00,3.30,0.50,-0.30
0,1925.0,329.3,734931.38,7171912.50,2000.00,3.30,0.50,-0.30
0,1925.0,298.3,734931.38,7171912.50,2000.00,3.30,0.50,-0.30
0,1925.0,263.9,734931.38,7171912.50,2000.00,3.30,0.50,-0.30
0,1925.0,226.0,734931.38,7171912.50,2000.00,3.30,0.50,-0.30
0,1925.0,186.0,734931.38,7171912.50,2000.00,3.30,0.50,-0.30
0,1925.0,143.9,734931.38,7171912.50,2000.00,3.30,0.50,-0.30
0,1975.0,572.2,734931.38,7171962.50,100.00,2.00,10.00,1.00
0,1975.0,562.2,734931.38,7171962.50,100.00,2.00,10.00,1.00
0,1975.0,552.2,734931.38,7171962.50,100.00,2.00,10.00,1.00
0,1975.0,542.2,734931.38,7171962.50,100.00,2.00,10.00,1.00
0,1975.0,532.2,734931.38,7171962.50,100.00,2.00,10.00,1.00
0,1975.0,519.7,734931.38,7171962.50,100.00,2.00,10.00,1.00
0,1975.0,502.2,734931.38,7171962.50,100.00,2.00,10.00,1.00
0,1975.0,481.6,734931.38,7171962.50,100.00,2.00,10.00,1.00
0,1975.0,459.7,734931.38,7171962.50,860.00,2.93,1.16,0.07
0,1975.0,436.6,734931.38,7171962.50,2000.00,3.30,0.50,-0.30
0,1975.0,412.0,734931.38,7171962.50,2000.00,3.30,0.50,-0.30
0,1975.0,386.0,734931.38,7171962.50,2000.00,3.30,0.50,-0.30
0,1975.0,358.5,734931.38,7171962.50,2000.00,3.30,0.50,-0.30
0,1975.0,329.2,734931.38,7171962.50,2000.00,3.30,0.50,-0.30
0,1975.0,298.3,734931.38,7171962.50,2000.00,3.30,0.50,-0.30
0,1975.0,263.9,734931.38,7171962.50,2000.00,3.30,0.50,-0.30
0,1975.0,226.0,734931.38,7171962.50,2000.00,3.30,0.50,-0.30
0,1975.0,186.0,734931.38,7171962.50,2000.00,3.30,0.50,-0.30
0,1975.0,143.9,734931.38,7171962.50,2000.00,3.30,0.50,-0.30
0,2025.0,572.3,734931.38,7172012.50,100.00,2.00,10.00,1.00
0,2025.0,562.3,734931.38,7172012.50,100.00,2.00,10.00,1.00
0,2025.0,552.3,734931.38,7172012.50,100.00,2.00,10.00,1.00
0,2025.0,542.3,734931.38,7172012.50,100.00,2.00,10.00,1.00
0,2025.0,532.3,734931.38,7172012.50,100.00,2.00,10.00,1.00
0,2025.0,519.8,734931.38,7172012.50,100.00,2.00,10.00,1.00
0,2025.0,502.4,734931.38,7172012.50,100.00,2.00,10.00,1.00
0,2025.0,481.8,734931.38,7172012.50,100.00,2.00,10.00,1.00
0,2025.0,459.9,734931.38,7172012.50,1620.00,3.21,0.62,-0.21
0,2025.0,436.8,734931.38,7172012.50,2000.00,3.30,0.50,-0.30
0,2025.0,412.2,734931.38,7172012.50,2000.00,3.30,0.50,-0.30
0,2025.0,386.2,734931.38,7172012.50,2000.00,3.30,0.50,-0.30
0,2025.0,358.7,734931.38,7172012.50,2000.00,3.30,0.50,-0.30
0,2025.0,329.4,734931.38,7172012.50,2000.00,3.30,0.50,-0.30
0,2025.0,298.5,734931.38,7172012.50,2000.00,3.30,0.50,-0.30
0,2025.0,264.1,734931.38,7172012.50,2000.00,3.30,0.50,-0.30
0,2025.0,226.1,734931.38,7172012.50,2000.00,3.30,0.50,-0.30
0,2025.0,186.1,734931.38,7172012.50,2000.00,3.30,0.50,-0.30
0,2025.0,143.9,734931.38,7172012.50,2000.00,3.30,0.50,-0.30
0,2075.0,571.0,734931.50,7172062.50,100.00,2.00,10.00,1.00
0,2075.0,561.0,734931.50,7172062.50,100.00,2.00,10.00,1.00
0,2075.0,551.0,734931.50,7172062.50,100.00,2.00,10.00,1.00
0,2075.0,541.0,734931.50,7172062.50,100.00,2.00,10.00,1.00
0,2075.0,531.0,734931.50,7172062.50,100.00,2.00,10.00,1.00
0,2075.0,518.5,734931.50,7172062.50,100.00,2.00,10.00,1.00
0,2075.0,501.0,734931.50,7172062.50,100.00,2.00,10.00,1.00
0,2075.0,480.4,734931.50,7172062.50,1240.00,3.09,0.81,-0.09
0,2075.0,458.6,734931.50,7172062.50,2000.00,3.30,0.50,-0.30
0,2075.0,435.4,734931.50,7172062.50,2000.00,3.30,0.50,-0.30
0,2075.0,410.9,734931.50,7172062.50,2000.00,3.30,0.50,-0.30
0,2075.0,384.9,734931.50,7172062.50,2000.00,3.30,0.50,-0.30
0,2075.0,357.3,734931.50,7172062.50,2000.00,3.30,0.50,-0.30
0,2075.0,328.1,734931.50,7172062.50,2000.00,3.30,0.50,-0.30
0,2075.0,297.1,734931.50,7172062.50,2000.00,3.30,0.50,-0.30
0,2075.0,262.9,734931.50,7172062.50,2000.00,3.30,0.50,-0.30
0,2075.0,225.3,734931.50,7172062.50,2000.00,3.30,0.50,-0.30
0,2075.0,185.6,734931.50,7172062.50,2000.00,3.30,0.50,-0.30
0,2075.0,143.7,734931.50,7172062.50,2000.00,3.30,0.50,-0.30
0,2125.0,568.7,734931.62,7172112.50,100.00,2.00,10.00,1.00
0,2125.0,558.7,734931.62,7172112.50,100.00,2.00,10.00,1.00
0,2125.0,548.7,734931.62,7172112.50,100.00,2.00,10.00,1.00
0,2125.0,538.7,734931.62,7172112.50,100.00,2.00,10.00,1.00
0,2125.0,528.7,734931.62,7172112.50,100.00,2.00,10.00,1.00
0,2125.0,516.2,734931.62,7172112.50,100.00,2.00,10.00,1.00
0,2125.0,498.7,734931.62,7172112.50,860.00,2.93,1.16,0.07
0,2125.0,478.1,734931.62,7172112.50,2000.00,3.30,0.50,-0.30
0,2125.0,456.2,734931.62,7172112.50,2000.00,3.30,0.50,-0.30
0,2125.0,433.1,734931.62,7172112.50,2000.00,3.30,0.50,-0.30
0,2125.0,408.6,734931.62,7172112.50,2000.00,3.30,0.50,-0.30
0,2125.0,382.5,734931.62,7172112.50,2000.00,3.30,0.50,-0.30
0,2125.0,355.0,734931.62,7172112.50,2000.00,3.30,0.50,-0.30
0,2125.0,325.8,734931.62,7172112.50,2000.00,3.30,0.50,-0.30
0,2125.0,294.8,734931.62,7172112.50,2000.00,3.30,0.50,-0.30
0,2125.0,260.8,734931.62,7172112.50,2000.00,3.30,0.50,-0.30
0,2125.0,223.8,734931.62,7172112.50,2000.00,3.30,0.50,-0.30
0,2125.0,184.7,734931.62,7172112.50,2000.00,3.30,0.50,-0.30
0,2125.0,143.4,734931.62,7172112.50,2000.00,3.30,0.50,-0.30
0,2175.0,568.1,734931.62,7172162.50,100.00,2.00,10.00,1.00
0,2175.0,558.1,734931.62,7172162.50,100.00,2.00,10.00,1.00
0,2175.0,548.1,734931.62,7172162.50,100.00,2.00,10.00,1.00
0,2175.0,538.1,734931.62,7172162.50,100.00,2.00,10.00,1.00
0,2175.0,528.1,734931.62,7172162.50,100.00,2.00,10.00,1.00
0,2175.0,515.6,734931.62,7172162.50,1050.00,3.02,0.95,-0.02
0,2175.0,498.1,734931.62,7172162.50,2000.00,3.30,0.50,-0.30
0,2175.0,477.5,734931.62,7172162.50,2000.00,3.30,0.50,-0.30
0,2175.0,455.6,734931.62,7172162.50,2000.00,3.30,0.50,-0.30
0,2175.0,432.5,734931.62,7172162.50,2000.00,3.30,0.50,-0.30
0,2175.0,408.0,734931.62,7172162.50,2000.00,3.30,0.50,-0.30
0,2175.0,381.9,734931.62,7172162.50,2000.00,3.30,0.50,-0.30
0,2175.0,354.4,734931.62,7172162.50,2000.00,3.30,0.50,-0.30
0,2175.0,325.1,734931.62,7172162.50,2000.00,3.30,0.50,-0.30
0,2175.0,294.2,734931.62,7172162.50,2000.00,3.30,0.50,-0.30
0,2175.0,260.3,734931.62,7172162.50,2000.00,3.30,0.50,-0.30
0,2175.0,223.5,734931.62,7172162.50,2000.00,3.30,0.50,-0.30
0,2175.0,184.5,734931.62,7172162.50,2000.00,3.30,0.50,-0.30
0,2175.0,143.3,734931.62,7172162.50,2000.00,3.30,0.50,-0.30
0,2225.0,568.2,734931.62,7172212.50,100.00,2.00,10.00,1.00
0,2225.0,558.2,734931.62,7172212.50,100.00,2.00,10.00,1.00
0,2225.0,548.2,734931.62,7172212.50,100.00,2.00,10.00,1.00
0,2225.0,538.2,734931.62,7172212.50,100.00,2.00,10.00,1.00
0,2225.0,528.2,734931.62,7172212.50,100.00,2.00,10.00,1.00
0,2225.0,515.7,734931.62,7172212.50,1525.00,3.18,0.66,-0.18
0,2225.0,498.2,734931.62,7172212.50,2000.00,3.30,0.50,-0.30
0,2225.0,477.6,734931.62,7172212.50,2000.00,3.30,0.50,-0.30
0,2225.0,455.7,734931.62,7172212.50,2000.00,3.30,0.50,-0.30
0,2225.0,432.6,734931.62,7172212.50,2000.00,3.30,0.50,-0.30
0,2225.0,408.0,734931.62,7172212.50,2000.00,3.30,0.50,-0.30
0,2225.0,382.0,734931.62,7172212.50,2000.00,3.30,0.50,-0.30
0,2225.0,354.5,734931.62,7172212.50,2000.00,3.30,0.50,-0.30
0,2225.0,325.2,734931.62,7172212.50,2000.00,3.30,0.50,-0.30
0,2225.0,294.3,734931.62,7172212.50,2000.00,3.30,0.50,-0.30
0,2225.0,260.4,734931.62,7172212.50,2000.00,3.30,0.50,-0.30
0,2225.0,223.5,734931.62,7172212.50,2000.00,3.30,0.50,-0.30
0,2225.0,184.5,734931.62,7172212.50,2000.00,3.30,0.50,-0.30
0,2225.0,143.4,734931.62,7172212.50,2000.00,3.30,0.50,-0.30
0,2275.0,568.2,734931.75,7172262.50,100.00,2.00,10.00,1.00
0,2275.0,558.2,734931.75,7172262.50,100.00,2.00,10.00,1.00
0,2275.0,548.2,734931.75,7172262.50,100.00,2.00,10.00,1.00
0,2275.0,538.2,734931.75,7172262.50,100.00,2.00,10.00,1.00
0,2275.0,528.2,734931.75,7172262.50,100.00,2.00,10.00,1.00
0,2275.0,515.7,734931.75,7172262.50,2000.00,3.30,0.50,-0.30
0,2275.0,498.2,734931.75,7172262.50,2000.00,3.30,0.50,-0.30
0,2275.0,477.6,734931.75,7172262.50,2000.00,3.30,0.50,-0.30
0,2275.0,455.8,734931.75,7172262.50,2000.00,3.30,0.50,-0.30
0,2275.0,432.6,734931.75,7172262.50,2000.00,3.30,0.50,-0.30
0,2275.0,408.1,734931.75,7172262.50,2000.00,3.30,0.50,-0.30
0,2275.0,382.1,734931.75,7172262.50,2000.00,3.30,0.50,-0.30
0,2275.0,354.5,734931.75,7172262.50,2000.00,3.30,0.50,-0.30
0,2275.0,325.3,734931.75,7172262.50,2000.00,3.30,0.50,-0.30
0,2275.0,294.3,734931.75,7172262.50,2000.00,3.30,0.50,-0.30
0,2275.0,260.4,734931.75,7172262.50,2000.00,3.30,0.50,-0.30
0,2275.0,223.5,734931.75,7172262.50,2000.00,3.30,0.50,-0.30
0,2275.0,184.6,734931.75,7172262.50,2000.00,3.30,0.50,-0.30
0,2275.0,143.4,734931.75,7172262.50,2000.00,3.30,0.50,-0.30
0,2325.0,567.8,734931.81,7172312.50,100.00,2.00,10.00,1.00
0,2325.0,557.8,734931.81,7172312.50,100.00,2.00,10.00,1.00
0,2325.0,547.8,734931.81,7172312.50,100.00,2.00,10.00,1.00
0,2325.0,537.8,734931.81,7172312.50,100.00,2.00,10.00,1.00
0,2325.0,527.8,734931.81,7172312.50,100.00,2.00,10.00,1.00
0,2325.0,515.3,734931.81,7172312.50,2000.00,3.30,0.50,-0.30
0,2325.0,497.8,734931.81,7172312.50,2000.00,3.30,0.50,-0.30
0,2325.0,477.2,734931.81,7172312.50,2000.00,3.30,0.50,-0.30
0,2325.0,455.4,734931.81,7172312.50,2000.00,3.30,0.50,-0.30
0,2325.0,432.2,734931.81,7172312.50,2000.00,3.30,0.50,-0.30
0,2325.0,407.7,734931.81,7172312.50,2000.00,3.30,0.50,-0.30
0,2325.0,381.7,734931.81,7172312.50,2000.00,3.30,0.50,-0.30
0,2325.0,354.1,734931.81,7172312.50,2000.00,3.30,0.50,-0.30
0,2325.0,324.9,734931.81,7172312.50,2000.00,3.30,0.50,-0.30
0,2325.0,293.9,734931.81,7172312.50,2000.00,3.30,0.50,-0.30
0,2325.0,260.1,734931.81,7172312.50,2000.00,3.30,0.50,-0.30
0,2325.0,223.3,734931.81,7172312.50,2000.00,3.30,0.50,-0.30
0,2325.0,184.4,734931.81,7172312.50,2000.00,3.30,0.50,-0.30
0,2325.0,143.3,734931.81,7172312.50,2000.00,3.30,0.50,-0.30
0,2375.0,565.5,734931.81,7172362.50,100.00,2.00,10.00,1.00
0,2375.0,555.5,734931.81,7172362.50,100.00,2.00,10.00,1.00
0,2375.0,545.5,734931.81,7172362.50,100.00,2.00,10.00,1.00
0,2375.0,535.5,734931.81,7172362.50,100.00,2.00,10.00,1.00
0,2375.0,525.5,734931.81,7172362.50,1366.67,3.14,0.73,-0.14
0,2375.0,513.0,734931.81,7172362.50,2000.00,3.30,0.50,-0.30
0,2375.0,495.5,734931.81,7172362.50,2000.00,3.30,0.50,-0.30
0,2375.0,474.9,734931.81,7172362.50,2000.00,3.30,0.50,-0.30
0,2375.0,453.1,734931.81,7172362.50,2000.00,3.30,0.50,-0.30
0,2375.0,430.0,734931.81,7172362.50,2000.00,3.30,0.50,-0.30
0,2375.0,405.4,734931.81,7172362.50,2000.00,3.30,0.50,-0.30
0,2375.0,379.4,734931.81,7172362.50,2000.00,3.30,0.50,-0.30
0,2375.0,351.8,734931.81,7172362.50,2000.00,3.30,0.50,-0.30
0,2375.0,322.6,734931.81,7172362.50,2000.00,3.30,0.50,-0.30
0,2375.0,291.6,734931.81,7172362.50,2000.00,3.30,0.50,-0.30
0,2375.0,258.1,734931.81,7172362.50,2000.00,3.30,0.50,-0.30
0,2375.0,221.9,734931.81,7172362.50,2000.00,3.30,0.50,-0.30
0,2375.0,183.6,734931.81,7172362.50,2000.00,3.30,0.50,-0.30
0,2375.0,143.0,734931.81,7172362.50,2000.00,3.30,0.50,-0.30
0,2425.0,563.9,734931.88,7172412.50,100.00,2.00,10.00,1.00
0,2425.0,553.9,734931.88,7172412.50,100.00,2.00,10.00,1.00
0,2425.0,543.9,734931.88,7172412.50,100.00,2.00,10.00,1.00
0,2425.0,533.9,734931.88,7172412.50,100.00,2.00,10.00,1.00
0,2425.0,523.9,734931.88,7172412.50,2000.00,3.30,0.50,-0.30
0,2425.0,511.4,734931.88,7172412.50,2000.00,3.30,0.50,-0.30
0,2425.0,493.9,734931.88,7172412.50,2000.00,3.30,0.50,-0.30
0,2425.0,473.3,734931.88,7172412.50,2000.00,3.30,0.50,-0.30
0,2425.0,451.5,734931.88,7172412.50,2000.00,3.30,0.50,-0.30
0,2425.0,428.4,734931.88,7172412.50,2000.00,3.30,0.50,-0.30
0,2425.0,403.8,734931.88,7172412.50,2000.00,3.30,0.50,-0.30
0,2425.0,377.8,734931.88,7172412.50,2000.00,3.30,0.50,-0.30
0,2425.0,350.2,734931.88,7172412.50,2000.00,3.30,0.50,-0.30
0,2425.0,321.0,734931.88,7172412.50,2000.00,3.30,0.50,-0.30
0,2425.0,290.1,734931.88,7172412.50,2000.00,3.30,0.50,-0.30
0,2425.0,256.7,734931.88,7172412.50,2000.00,3.30,0.50,-0.30
0,2425.0,220.9,734931.88,7172412.50,2000.00,3.30,0.50,-0.30
0,2425.0,183.0,734931.88,7172412.50,2000.00,3.30,0.50,-0.30
0,2425.0,142.8,734931.88,7172412.50,2000.00,3.30,0.50,-0.30
0,2475.0,564.1,734931.94,7172462.50,100.00,2.00,10.00,1.00
0,2475.0,554.1,734931.94,7172462.50,100.00,2.00,10.00,1.00
0,2475.0,544.1,734931.94,7172462.50,100.00,2.00,10.00,1.00
0,2475.0,534.1,734931.94,7172462.50,1050.00,3.02,0.95,-0.02
0,2475.0,524.1,734931.94,7172462.50,2000.00,3.30,0.50,-0.30
0,2475.0,511.6,734931.94,7172462.50,2000.00,3.30,0.50,-0.30
0,2475.0,494.1,734931.94,7172462.50,2000.00,3.30,0.50,-0.30
0,2475.0,473.5,734931.94,7172462.50,2000.00,3.30,0.50,-0.30
0,2475.0,451.7,734931.94,7172462.50,2000.00,3.30,0.50,-0.30
0,2475.0,428.6,734931.94,7172462.50,2000.00,3.30,0.50,-0.30
0,2475.0,404.0,734931.94,7172462.50,2000.00,3.30,0.50,-0.30
0,2475.0,378.0,734931.94,7172462.50,2000.00,3.30,0.50,-0.30
0,2475.0,350.5,734931.94,7172462.50,2000.00,3.30,0.50,-0.30
0,2475.0,321.2,734931.94,7172462.50,2000.00,3.30,0.50,-0.30
0,2475.0,290.3,734931.94,7172462.50,2000.00,3.30,0.50,-0.30
0,2475.0,256.9,734931.94,7172462.50,2000.00,3.30,0.50,-0.30
0,2475.0,221.0,734931.94,7172462.50,2000.00,3.30,0.50,-0.30
0,2475.0,183.0,734931.94,7172462.50,2000.00,3.30,0.50,-0.30
0,2475.0,142.9,734931.94,7172462.50,2000.00,3.30,0.50,-0.30
0,2525.0,564.1,734932.06,7172512.50,100.00,2.00,10.00,1.00
0,2525.0,554.1,734932.06,7172512.50,100.00,2.00,10.00,1.00
0,2525.0,544.1,734932.06,7172512.50,100.00,2.00,10.00,1.00
0,2525.0,534.1,734932.06,7172512.50,100.00,2.00,10.00,1.00
0,2525.0,524.1,734932.06,7172512.50,2000.00,3.30,0.50,-0.30
0,2525.0,511.6,734932.06,7172512.50,2000.00,3.30,0.50,-0.30
0,2525.0,494.1,734932.06,7172512.50,2000.00,3.30,0.50,-0.30
0,2525.0,473.5,734932.06,7172512.50,2000.00,3.30,0.50,-0.30
0,2525.0,451.7,734932.06,7172512.50,2000.00,3.30,0.50,-0.30
0,2525.0,428.5,734932.06,7172512.50,2000.00,3.30,0.50,-0.30
0,2525.0,404.0,734932.06,7172512.50,2000.00,3.30,0.50,-0.30
0,2525.0,378.0,734932.06,7172512.50,2000.00,3.30,0.50,-0.30
0,2525.0,350.4,734932.06,7172512.50,2000.00,3.30,0.50,-0.30
0,2525.0,321.2,734932.06,7172512.50,2000.00,3.30,0.50,-0.30
0,2525.0,290.2,734932.06,7172512.50,2000.00,3.30,0.50,-0.30
0,2525.0,256.8,734932.06,7172512.50,2000.00,3.30,0.50,-0.30
0,2525.0,221.0,734932.06,7172512.50,2000.00,3.30,0.50,-0.30
0,2525.0,183.0,734932.06,7172512.50,2000.00,3.30,0.50,-0.30
0,2525.0,142.8,734932.06,7172512.50,2000.00,3.30,0.50,-0.30
0,2575.0,564.1,734932.12,7172562.50,100.00,2.00,10.00,1.00
0,2575.0,554.1,734932.12,7172562.50,100.00,2.00,10.00,1.00
0,2575.0,544.1,734932.12,7172562.50,100.00,2.00,10.00,1.00
0,2575.0,534.1,734932.12,7172562.50,100.00,2.00,10.00,1.00
0,2575.0,524.1,734932.12,7172562.50,1366.67,3.14,0.73,-0.14
0,2575.0,511.6,734932.12,7172562.50,2000.00,3.30,0.50,-0.30
0,2575.0,494.1,734932.12,7172562.50,2000.00,3.30,0.50,-0.30
0,2575.0,473.5,734932.12,7172562.50,2000.00,3.30,0.50,-0.30
0,2575.0,451.7,734932.12,7172562.50,2000.00,3.30,0.50,-0.30
0,2575.0,428.5,734932.12,7172562.50,2000.00,3.30,0.50,-0.30
0,2575.0,404.0,734932.12,7172562.50,2000.00,3.30,0.50,-0.30
0,2575.0,378.0,734932.12,7172562.50,2000.00,3.30,0.50,-0.30
0,2575.0,350.4,734932.12,7172562.50,2000.00,3.30,0.50,-0.30
0,2575.0,321.2,734932.12,7172562.50,2000.00,3.30,0.50,-0.30
0,2575.0,290.2,734932.12,7172562.50,2000.00,3.30,0.50,-0.30
0,2575.0,256.9,734932.12,7172562.50,2000.00,3.30,0.50,-0.30
0,2575.0,221.0,734932.12,7172562.50,2000.00,3.30,0.50,-0.30
0,2575.0,183.0,734932.12,7172562.50,2000.00,3.30,0.50,-0.30
0,2575.0,142.8,734932.12,7172562.50,2000.00,3.30,0.50,-0.30
0,2625.0,564.1,734932.12,7172612.50,100.00,2.00,10.00,1.00
0,2625.0,554.1,734932.12,7172612.50,100.00,2.00,10.00,1.00
0,2625.0,544.1,734932.12,7172612.50,100.00,2.00,10.00,1.00
0,2625.0,534.1,734932.12,7172612.50,100.00,2.00,10.00,1.00
0,2625.0,524.1,734932.12,7172612.50,100.00,2.00,10.00,1.00
0,2625.0,511.6,734932.12,7172612.50,1050.00,3.02,0.95,-0.02
0,2625.0,494.1,734932.12,7172612.50,2000.00,3.30,0.50,-0.30
0,2625.0,473.5,734932.12,7172612.50,2000.00,3.30,0.50,-0.30
0,2625.0,451.6,734932.12,7172612.50,2000.00,3.30,0.50,-0.30
0,2625.0,428.5,734932.12,7172612.50,2000.00,3.30,0.50,-0.30
0,2625.0,404.0,734932.12,7172612.50,2000.00,3.30,0.50,-0.30
0,2625.0,378.0,734932.12,7172612.50,2000.00,3.30,0.50,-0.30
0,2625.0,350.4,734932.12,7172612.50,2000.00,3.30,0.50,-0.30
0,2625.0,321.2,734932.12,7172612.50,2000.00,3.30,0.50,-0.30
0,2625.0,290.2,734932.12,7172612.50,2000.00,3.30,0.50,-0.30
0,2625.0,256.8,734932.12,7172612.50,2000.00,3.30,0.50,-0.30
0,2625.0,221.0,734932.12,7172612.50,2000.00,3.30,0.50,-0.30
0,2625.0,183.0,734932.12,7172612.50,2000.00,3.30,0.50,-0.30
0,2625.0,142.8,734932.12,7172612.50,2000.00,3.30,0.50,-0.30
0,2675.0,564.1,734932.12,7172662.50,100.00,2.00,10.00,1.00
0,2675.0,554.1,734932.12,7172662.50,100.00,2.00,10.00,1.00
0,2675.0,544.1,734932.12,7172662.50,100.00,2.00,10.00,1.00
0,2675.0,534.1,734932.12,7172662.50,100.00,2.00,10.00,1.00
0,2675.0,524.1,734932.12,7172662.50,100.00,2.00,10.00,1.00
0,2675.0,511.6,734932.12,7172662.50,100.00,2.00,10.00,1.00
0,2675.0,494.1,734932.12,7172662.50,1240.00,3.09,0.81,-0.09
0,2675.0,473.5,734932.12,7172662.50,2000.00,3.30,0.50,-0.30
0,2675.0,451.6,734932.12,7172662.50,2000.00,3.30,0.50,-0.30
0,2675.0,428.5,734932.12,7172662.50,2000.00,3.30,0.50,-0.30
0,2675.0,404.0,734932.12,7172662.50,2000.00,3.30,0.50,-0.30
0,2675.0,377.9,734932.12,7172662.50,2000.00,3.30,0.50,-0.30
0,2675.0,350.4,734932.12,7172662.50,2000.00,3.30,0.50,-0.30
0,2675.0,321.2,734932.12,7172662.50,2000.00,3.30,0.50,-0.30
0,2675.0,290.2,734932.12,7172662.50,2000.00,3.30,0.50,-0.30
0,2675.0,256.8,734932.12,7172662.50,2000.00,3.30,0.50,-0.30
0,2675.0,221.0,734932.12,7172662.50,2000.00,3.30,0.50,-0.30
0,2675.0,183.0,734932.12,7172662.50,2000.00,3.30,0.50,-0.30
0,2675.0,142.8,734932.12,7172662.50,2000.00,3.30,0.50,-0.30
0,2725.0,562.0,734932.19,7172712.50,100.00,2.00,10.00,1.00
0,2725.0,552.0,734932.19,7172712.50,100.00,2.00,10.00,1.00
0,2725.0,542.0,734932.19,7172712.50,100.00,2.00,10.00,1.00
0,2725.0,532.0,734932.19,7172712.50,100.00,2.00,10.00,1.00
0,2725.0,522.0,734932.19,7172712.50,100.00,2.00,10.00,1.00
0,2725.0,509.5,734932.19,7172712.50,100.00,2.00,10.00,1.00
0,2725.0,492.0,734932.19,7172712.50,100.00,2.00,10.00,1.00
0,2725.0,471.4,734932.19,7172712.50,963.64,2.98,1.04,0.02
0,2725.0,449.5,734932.19,7172712.50,2000.00,3.30,0.50,-0.30
0,2725.0,426.4,734932.19,7172712.50,2000.00,3.30,0.50,-0.30
0,2725.0,401.8,734932.19,7172712.50,2000.00,3.30,0.50,-0.30
0,2725.0,375.8,734932.19,7172712.50,2000.00,3.30,0.50,-0.30
0,2725.0,348.3,734932.19,7172712.50,2000.00,3.30,0.50,-0.30
0,2725.0,319.0,734932.19,7172712.50,2000.00,3.30,0.50,-0.30
0,2725.0,288.1,734932.19,7172712.50,2000.00,3.30,0.50,-0.30
0,2725.0,255.0,734932.19,7172712.50,2000.00,3.30,0.50,-0.30
0,2725.0,219.6,734932.19,7172712.50,2000.00,3.30,0.50,-0.30
0,2725.0,182.2,734932.19,7172712.50,2000.00,3.30,0.50,-0.30
0,2725.0,142.6,734932.19,7172712.50,2000.00,3.30,0.50,-0.30
0,2775.0,560.0,734932.19,7172762.50,100.00,2.00,10.00,1.00
0,2775.0,550.0,734932.19,7172762.50,100.00,2.00,10.00,1.00
0,2775.0,540.0,734932.19,7172762.50,100.00,2.00,10.00,1.00
0,2775.0,530.0,734932.19,7172762.50,100.00,2.00,10.00,1.00
0,2775.0,520.0,734932.19,7172762.50,100.00,2.00,10.00,1.00
0,2775.0,507.5,734932.19,7172762.50,100.00,2.00,10.00,1.00
0,2775.0,490.0,734932.19,7172762.50,100.00,2.00,10.00,1.00
0,2775.0,469.4,734932.19,7172762.50,480.00,2.68,2.08,0.32
0,2775.0,447.6,734932.19,7172762.50,2000.00,3.30,0.50,-0.30
0,2775.0,424.4,734932.19,7172762.50,2000.00,3.30,0.50,-0.30
0,2775.0,399.9,734932.19,7172762.50,2000.00,3.30,0.50,-0.30
0,2775.0,373.9,734932.19,7172762.50,2000.00,3.30,0.50,-0.30
0,2775.0,346.3,734932.19,7172762.50,2000.00,3.30,0.50,-0.30
0,2775.0,317.1,734932.19,7172762.50,2000.00,3.30,0.50,-0.30
0,2775.0,286.1,734932.19,7172762.50,2000.00,3.30,0.50,-0.30
0,2775.0,253.3,734932.19,7172762.50,2000.00,3.30,0.50,-0.30
0,2775.0,218.4,734932.19,7172762.50,2000.00,3.30,0.50,-0.30
0,2775.0,181.5,734932.19,7172762.50,2000.00,3.30,0.50,-0.30
0,2775.0,142.3,734932.19,7172762.50,2000.00,3.30,0.50,-0.30
0,2825.0,560.1,734932.25,7172812.50,100.00,2.00,10.00,1.00
0,2825.0,550.1,734932.25,7172812.50,100.00,2.00,10.00,1.00
0,2825.0,540.1,734932.25,7172812.50,100.00,2.00,10.00,1.00
0,2825.0,530.1,734932.25,7172812.50,100.00,2.00,10.00,1.00
0,2825.0,520.1,734932.25,7172812.50,100.00,2.00,10.00,1.00
0,2825.0,507.6,734932.25,7172812.50,100.00,2.00,10.00,1.00
0,2825.0,490.1,734932.25,7172812.50,100.00,2.00,10.00,1.00
0,2825.0,469.5,734932.25,7172812.50,480.00,2.68,2.08,0.32
0,2825.0,447.7,734932.25,7172812.50,2000.00,3.30,0.50,-0.30
0,2825.0,424.5,734932.25,7172812.50,2000.00,3.30,0.50,-0.30
0,2825.0,400.0,734932.25,7172812.50,2000.00,3.30,0.50,-0.30
0,2825.0,374.0,734932.25,7172812.50,2000.00,3.30,0.50,-0.30
0,2825.0,346.4,734932.25,7172812.50,2000.00,3.30,0.50,-0.30
0,2825.0,317.2,734932.25,7172812.50,2000.00,3.30,0.50,-0.30
0,2825.0,286.2,734932.25,7172812.50,2000.00,3.30,0.50,-0.30
0,2825.0,253.3,734932.25,7172812.50,2000.00,3.30,0.50,-0.30
0,2825.0,218.5,734932.25,7172812.50,2000.00,3.30,0.50,-0.30
0,2825.0,181.5,734932.25,7172812.50,2000.00,3.30,0.50,-0.30
0,2825.0,142.3,734932.25,7172812.50,2000.00,3.30,0.50,-0.30
0,2875.0,560.1,734932.38,7172862.50,100.00,2.00,10.00,1.00
0,2875.0,550.1,734932.38,7172862.50,100.00,2.00,10.00,1.00
0,2875.0,540.1,734932.38,7172862.50,100.00,2.00,10.00,1.00
0,2875.0,530.1,734932.38,7172862.50,100.00,2.00,10.00,1.00
0,2875.0,520.1,734932.38,7172862.50,100.00,2.00,10.00,1.00
0,2875.0,507.6,734932.38,7172862.50,100.00,2.00,10.00,1.00
0,2875.0,490.0,734932.38,7172862.50,100.00,2.00,10.00,1.00
0,2875.0,469.4,734932.38,7172862.50,860.00,2.93,1.16,0.07
0,2875.0,447.6,734932.38,7172862.50,2000.00,3.30,0.50,-0.30
0,2875.0,424.5,734932.38,7172862.50,2000.00,3.30,0.50,-0.30
0,2875.0,399.9,734932.38,7172862.50,2000.00,3.30,0.50,-0.30
0,2875.0,373.9,734932.38,7172862.50,2000.00,3.30,0.50,-0.30
0,2875.0,346.4,734932.38,7172862.50,2000.00,3.30,0.50,-0.30
0,2875.0,317.1,734932.38,7172862.50,2000.00,3.30,0.50,-0.30
0,2875.0,286.2,734932.38,7172862.50,2000.00,3.30,0.50,-0.30
0,2875.0,253.3,734932.38,7172862.50,2000.00,3.30,0.50,-0.30
0,2875.0,218.4,734932.38,7172862.50,2000.00,3.30,0.50,-0.30
0,2875.0,181.5,734932.38,7172862.50,2000.00,3.30,0.50,-0.30
0,2875.0,142.3,734932.38,7172862.50,2000.00,3.30,0.50,-0.30
0,2925.0,560.1,734932.44,7172912.50,100.00,2.00,10.00,1.00
0,2925.0,550.1,734932.44,7172912.50,100.00,2.00,10.00,1.00
0,2925.0,540.1,734932.44,7172912.50,100.00,2.00,10.00,1.00
0,2925.0,530.1,734932.44,7172912.50,100.00,2.00,10.00,1.00
0,2925.0,520.1,734932.44,7172912.50,100.00,2.00,10.00,1.00
0,2925.0,507.6,734932.44,7172912.50,100.00,2.00,10.00,1.00
0,2925.0,490.1,734932.44,7172912.50,100.00,2.00,10.00,1.00
0,2925.0,469.5,734932.44,7172912.50,1620.00,3.21,0.62,-0.21
0,2925.0,447.6,734932.44,7172912.50,2000.00,3.30,0.50,-0.30
0,2925.0,424.5,734932.44,7172912.50,2000.00,3.30,0.50,-0.30
0,2925.0,400.0,734932.44,7172912.50,2000.00,3.30,0.50,-0.30
0,2925.0,373.9,734932.44,7172912.50,2000.00,3.30,0.50,-0.30
0,2925.0,346.4,734932.44,7172912.50,2000.00,3.30,0.50,-0.30
0,2925.0,317.1,734932.44,7172912.50,2000.00,3.30,0.50,-0.30
0,2925.0,286.2,734932.44,7172912.50,2000.00,3.30,0.50,-0.30
0,2925.0,253.3,734932.44,7172912.50,2000.00,3.30,0.50,-0.30
0,2925.0,218.5,734932.44,7172912.50,2000.00,3.30,0.50,-0.30
0,2925.0,181.5,734932.44,7172912.50,2000.00,3.30,0.50,-0.30
0,2925.0,142.3,734932.44,7172912.50,2000.00,3.30,0.50,-0.30
0,2975.0,560.1,734932.50,7172962.50,100.00,2.00,10.00,1.00
0,2975.0,550.1,734932.50,7172962.50,100.00,2.00,10.00,1.00
0,2975.0,540.1,734932.50,7172962.50,100.00,2.00,10.00,1.00
0,2975.0,530.1,734932.50,7172962.50,100.00,2.00,10.00,1.00
0,2975.0,520.1,734932.50,7172962.50,100.00,2.00,10.00,1.00
0,2975.0,507.6,734932.50,7172962.50,100.00,2.00,10.00,1.00
0,2975.0,490.1,734932.50,7172962.50,860.00,2.93,1.16,0.07
0,2975.0,469.5,734932.50,7172962.50,2000.00,3.30,0.50,-0.30
0,2975.0,447.6,734932.50,7172962.50,2000.00,3.30,0.50,-0.30
0,2975.0,424.5,734932.50,7172962.50,2000.00,3.30,0.50,-0.30
0,2975.0,399.9,734932.50,7172962.50,2000.00,3.30,0.50,-0.30
0,2975.0,373.9,734932.50,7172962.50,2000.00,3.30,0.50,-0.30
0,2975.0,346.4,734932.50,7172962.50,2000.00,3.30,0.50,-0.30
0,2975.0,317.1,734932.50,7172962.50,2000.00,3.30,0.50,-0.30
0,2975.0,286.2,734932.50,7172962.50,2000.00,3.30,0.50,-0.30
0,2975.0,253.3,734932.50,7172962.50,2000.00,3.30,0.50,-0.30
0,2975.0,218.4,734932.50,7172962.50,2000.00,3.30,0.50,-0.30
0,2975.0,181.5,734932.50,7172962.50,2000.00,3.30,0.50,-0.30
0,2975.0,142.3,734932.50,7172962.50,2000.00,3.30,0.50,-0.30
0,3025.0,560.1,734932.56,7173012.50,100.00,2.00,10.00,1.00
0,3025.0,550.1,734932.56,7173012.50,100.00,2.00,10.00,1.00
0,3025.0,540.1,734932.56,7173012.50,100.00,2.00,10.00,1.00
0,3025.0,530.1,734932.56,7173012.50,100.00,2.00,10.00,1.00
0,3025.0,520.1,734932.56,7173012.50,100.00,2.00,10.00,1.00
0,3025.0,507.6,734932.56,7173012.50,100.00,2.00,10.00,1.00
0,3025.0,490.1,734932.56,7173012.50,860.00,2.93,1.16,0.07
0,3025.0,469.5,734932.56,7173012.50,2000.00,3.30,0.50,-0.30
0,3025.0,447.6,734932.56,7173012.50,2000.00,3.30,0.50,-0.30
0,3025.0,424.5,734932.56,7173012.50,2000.00,3.30,0.50,-0.30
0,3025.0,399.9,734932.56,7173012.50,2000.00,3.30,0.50,-0.30
0,3025.0,373.9,734932.56,7173012.50,2000.00,3.30,0.50,-0.30
0,3025.0,346.4,734932.56,7173012.50,2000.00,3.30,0.50,-0.30
0,3025.0,317.1,734932.56,7173012.50,2000.00,3.30,0.50,-0.30
0,3025.0,286.2,734932.56,7173012.50,2000.00,3.30,0.50,-0.30
0,3025.0,253.3,734932.56,7173012.50,2000.00,3.30,0.50,-0.30
0,3025.0,218.4,734932.56,7173012.50,2000.00,3.30,0.50,-0.30
0,3025.0,181.5,734932.56,7173012.50,2000.00,3.30,0.50,-0.30
0,3025.0,142.3,734932.56,7173012.50,2000.00,3.30,0.50,-0.30
0,3075.0,560.1,734932.62,7173062.50,100.00,2.00,10.00,1.00
0,3075.0,550.1,734932.62,7173062.50,100.00,2.00,10.00,1.00
0,3075.0,540.1,734932.62,7173062.50,100.00,2.00,10.00,1.00
0,3075.0,530.1,734932.62,7173062.50,100.00,2.00,10.00,1.00
0,3075.0,520.1,734932.62,7173062.50,100.00,2.00,10.00,1.00
0,3075.0,507.6,734932.62,7173062.50,100.00,2.00,10.00,1.00
0,3075.0,490.1,734932.62,7173062.50,100.00,2.00,10.00,1.00
0,3075.0,469.5,734932.62,7173062.50,1240.00,3.09,0.81,-0.09
0,3075.0,447.6,734932.62,7173062.50,2000.00,3.30,0.50,-0.30
0,3075.0,424.5,734932.62,7173062.50,2000.00,3.30,0.50,-0.30
0,3075.0,399.9,734932.62,7173062.50,2000.00,3.30,0.50,-0.30
0,3075.0,373.9,734932.62,7173062.50,2000.00,3.30,0.50,-0.30
0,3075.0,346.4,734932.62,7173062.50,2000.00,3.30,0.50,-0.30
0,3075.0,317.1,734932.62,7173062.50,2000.00,3.30,0.50,-0.30
0,3075.0,286.2,734932.62,7173062.50,2000.00,3.30,0.50,-0.30
0,3075.0,253.3,734932.62,7173062.50,2000.00,3.30,0.50,-0.30
0,3075.0,218.4,734932.62,7173062.50,2000.00,3.30,0.50,-0.30
0,3075.0,181.5,734932.62,7173062.50,2000.00,3.30,0.50,-0.30
0,3075.0,142.3,734932.62,7173062.50,2000.00,3.30,0.50,-0.30
0,3125.0,560.1,734932.62,7173112.50,100.00,2.00,10.00,1.00
0,3125.0,550.1,734932.62,7173112.50,100.00,2.00,10.00,1.00
0,3125.0,540.1,734932.62,7173112.50,100.00,2.00,10.00,1.00
0,3125.0,530.1,734932.62,7173112.50,100.00,2.00,10.00,1.00
0,3125.0,520.1,734932.62,7173112.50,100.00,2.00,10.00,1.00
0,3125.0,507.6,734932.62,7173112.50,100.00,2.00,10.00,1.00
0,3125.0,490.1,734932.62,7173112.50,100.00,2.00,10.00,1.00
0,3125.0,469.5,734932.62,7173112.50,100.00,2.00,10.00,1.00
0,3125.0,447.6,734932.62,7173112.50,860.00,2.93,1.16,0.07
0,3125.0,424.5,734932.62,7173112.50,2000.00,3.30,0.50,-0.30
0,3125.0,399.9,734932.62,7173112.50,2000.00,3.30,0.50,-0.30
0,3125.0,373.9,734932.62,7173112.50,2000.00,3.30,0.50,-0.30
0,3125.0,346.4,734932.62,7173112.50,2000.00,3.30,0.50,-0.30
0,3125.0,317.1,734932.62,7173112.50,2000.00,3.30,0.50,-0.30
0,3125.0,286.2,734932.62,7173112.50,2000.00,3.30,0.50,-0.30
0,3125.0,253.3,734932.62,7173112.50,2000.00,3.30,0.50,-0.30
0,3125.0,218.4,734932.62,7173112.50,2000.00,3.30,0.50,-0.30
0,3125.0,181.5,734932.62,7173112.50,2000.00,3.30,0.50,-0.30
0,3125.0,142.3,734932.62,7173112.50,2000.00,3.30,0.50,-0.30
0,3175.0,560.1,734932.69,7173162.50,100.00,2.00,10.00,1.00
0,3175.0,550.1,734932.69,7173162.50,100.00,2.00,10.00,1.00
0,3175.0,540.1,734932.69,7173162.50,100.00,2.00,10.00,1.00
0,3175.0,530.1,734932.69,7173162.50,100.00,2.00,10.00,1.00
0,3175.0,520.1,734932.69,7173162.50,100.00,2.00,10.00,1.00
0,3175.0,507.6,734932.69,7173162.50,100.00,2.00,10.00,1.00
0,3175.0,490.1,734932.69,7173162.50,100.00,2.00,10.00,1.00
0,3175.0,469.5,734932.69,7173162.50,100.00,2.00,10.00,1.00
0,3175.0,447.6,734932.69,7173162.50,100.00,2.00,10.00,1.00
0,3175.0,424.5,734932.69,7173162.50,1841.67,3.27,0.54,-0.27
0,3175.0,399.9,734932.69,7173162.50,2000.00,3.30,0.50,-0.30
0,3175.0,373.9,734932.69,7173162.50,2000.00,3.30,0.50,-0.30
0,3175.0,346.4,734932.69,7173162.50,2000.00,3.30,0.50,-0.30
0,3175.0,317.1,734932.69,7173162.50,2000.00,3.30,0.50,-0.30
0,3175.0,286.2,734932.69,7173162.50,2000.00,3.30,0.50,-0.30
0,3175.0,253.3,734932.69,7173162.50,2000.00,3.30,0.50,-0.30
0,3175.0,218.4,734932.69,7173162.50,2000.00,3.30,0.50,-0.30
0,3175.0,181.5,734932.69,7173162.50,2000.00,3.30,0.50,-0.30
0,3175.0,142.3,734932.69,7173162.50,2000.00,3.30,0.50,-0.30
0,3225.0,560.1,734932.75,7173212.50,100.00,2.00,10.00,1.00
0,3225.0,550.1,734932.75,7173212.50,100.00,2.00,10.00,1.00
0,3225.0,540.1,734932.75,7173212.50,100.00,2.00,10.00,1.00
0,3225.0,530.1,734932.75,7173212.50,100.00,2.00,10.00,1.00
0,3225.0,520.1,734932.75,7173212.50,100.00,2.00,10.00,1.00
0,3225.0,507.6,734932.75,7173212.50,100.00,2.00,10.00,1.00
0,3225.0,490.1,734932.75,7173212.50,100.00,2.00,10.00,1.00
0,3225.0,469.5,734932.75,7173212.50,100.00,2.00,10.00,1.00
0,3225.0,447.6,734932.75,7173212.50,2000.00,3.30,0.50,-0.30
0,3225.0,424.5,734932.75,7173212.50,2000.00,3.30,0.50,-0.30
0,3225.0,399.9,734932.75,7173212.50,2000.00,3.30,0.50,-0.30
0,3225.0,373.9,734932.75,7173212.50,2000.00,3.30,0.50,-0.30
0,3225.0,346.4,734932.75,7173212.50,2000.00,3.30,0.50,-0.30
0,3225.0,317.1,734932.75,7173212.50,2000.00,3.30,0.50,-0.30
0,3225.0,286.2,734932.75,7173212.50,2000.00,3.30,0.50,-0.30
0,3225.0,253.3,734932.75,7173212.50,2000.00,3.30,0.50,-0.30
0,3225.0,218.4,734932.75,7173212.50,2000.00,3.30,0.50,-0.30
0,3225.0,181.5,734932.75,7173212.50,2000.00,3.30,0.50,-0.30
0,3225.0,142.3,734932.75,7173212.50,2000.00,3.30,0.50,-0.30
