Loop,Line,Fid,East,North,Ter,Alt,Pitch,MAG,HCP106140Hz_IP,HCP106140Hz_OP,HCP25380Hz_IP,HCP25380Hz_OP,HCP6135Hz_IP,HCP6135Hz_OP,HCP1518Hz_IP,HCP1518Hz_OP,HCP385Hz_IP,HCP385Hz_OP,VCA3323Hz_IP,VCA3323Hz_OP
1,0,1,478997.8,6196041.0,26.8,34.4,0.0,0.0,1224.582,271.1973,1121.930,177.9432,976.3840,220.8663,751.4157,289.5273,434.9595,349.1337,287.1767,68.66817
1,0,2,478997.8,6196066.0,27.0,34.4,0.0,0.0,1286.970,283.8855,1178.253,185.4336,1030.386,227.0795,799.4039,308.2478,454.1748,366.5375,317.1411,86.28437
1,0,3,478997.8,6196091.0,26.9,34.4,0.0,0.0,1304.594,289.5808,1190.728,188.1950,1042.379,227.7220,813.9116,316.3980,444.3207,378.4401,340.0691,93.43797
1,0,4,478997.8,6196116.0,26.6,34.4,0.0,0.0,1317.289,299.7941,1197.760,192.5931,1048.272,229.1841,818.7568,323.9288,434.9155,386.5310,356.6405,97.86129
1,0,5,478997.8,6196141.0,26.0,34.4,0.0,0.0,1341.126,319.8572,1209.591,200.5664,1057.960,232.2868,825.2523,334.8906,426.6261,392.5569,366.7791,100.4717
1,0,6,478997.8,6196166.0,25.4,34.4,0.0,0.0,1366.679,346.3412,1219.631,209.8933,1066.199,235.3834,831.2717,344.9366,418.2984,397.0630,372.1773,103.0314
1,0,7,478997.8,6196191.0,24.9,34.4,0.0,0.0,1384.444,367.0369,1225.537,217.1980,1070.829,237.4435,834.2555,351.9510,411.3150,399.7772,373.5277,103.5983
1,0,8,478997.8,6196216.0,24.4,34.4,0.0,0.0,1383.480,363.3536,1226.964,215.8763,1073.132,236.7507,835.7448,356.0081,406.7672,401.3095,372.6660,102.9795
1,0,9,478997.8,6196241.0,24.2,34.4,0.0,0.0,1369.461,343.4934,1225.443,208.8725,1073.689,234.4315,836.3314,357.0947,404.7780,402.2737,369.6756,100.9585
1,0,10,478997.8,6196266.0,24.2,34.4,0.0,0.0,1345.827,314.5906,1218.772,198.6490,1069.772,230.7574,834.1967,354.9659,403.5993,401.8190,364.3447,97.84639
1,0,11,478997.8,6196291.0,24.5,34.4,0.0,0.0,1318.597,286.5218,1207.036,188.1827,1061.247,226.4722,828.6672,350.0720,402.5097,399.9532,359.8858,96.08979
1,0,12,478997.8,6196316.0,25.0,34.4,0.0,0.0,1296.405,262.4019,1196.158,179.9504,1052.363,223.2688,822.5741,344.3756,401.7155,398.4753,356.8200,94.55895
1,0,13,478997.8,6196341.0,25.5,34.4,0.0,0.0,1280.498,242.8089,1188.802,173.5554,1046.257,221.4681,818.1452,341.1470,398.7935,397.8131,355.8059,94.01633
1,0,14,478997.8,6196366.0,25.9,34.4,0.0,0.0,1272.960,231.9530,1184.864,171.1858,1041.726,222.8599,810.0344,343.5320,389.7749,394.4377,355.8682,94.05036
1,0,15,478997.8,6196391.0,26.3,34.4,0.0,0.0,1270.843,231.3461,1179.719,174.6116,1031.518,229.3217,791.0098,345.4271,376.5575,385.8899,355.5332,95.13563
1,0,16,478997.8,6196416.0,26.6,34.4,0.0,0.0,1271.586,239.0920,1172.767,182.9548,1014.950,238.5134,765.8224,344.7101,361.8288,374.6996,347.2729,99.48318
1,0,17,478997.8,6196441.0,26.9,34.4,0.0,0.0,1280.182,254.3732,1168.982,195.0834,999.3591,249.3665,741.7146,346.0168,344.9895,363.8989,333.6778,103.8464
1,0,18,478997.8,6196466.0,27.2,34.4,0.0,0.0,1291.732,275.5495,1165.995,207.9021,984.7110,260.7463,719.2670,348.0027,326.9080,354.0244,327.8216,105.8842
1,0,19,478997.8,6196491.0,27.6,34.4,0.0,0.0,1301.974,301.6133,1160.522,221.6817,967.9089,270.8617,695.9393,349.3466,309.0770,343.6644,323.9374,107.6087
1,0,20,478997.8,6196516.0,28.0,34.4,0.0,0.0,1312.895,325.1915,1154.141,236.2268,949.9774,279.0025,674.3831,348.7393,294.5202,334.1357,312.3193,109.1798
1,0,21,478997.8,6196541.0,28.5,34.4,0.0,0.0,1322.768,344.8440,1147.453,249.5606,931.5478,286.5687,653.8132,346.1110,282.8044,325.1310,304.1104,111.7099
1,0,22,478997.8,6196566.0,28.9,34.4,0.0,0.0,1332.137,360.5132,1144.836,259.6469,920.3268,293.3317,637.4890,346.4304,272.9203,318.0749,300.5513,113.1817
1,0,23,478997.8,6196591.0,29.3,34.4,0.0,0.0,1344.724,374.2590,1145.031,269.5857,911.7417,297.9304,630.1422,345.8383,266.5334,315.3075,296.4841,113.4501
1,0,24,478997.8,6196616.0,29.8,34.4,0.0,0.0,1345.102,378.2855,1141.106,273.7249,902.6315,299.4868,623.7701,343.9664,260.9792,313.0196,293.4014,113.3785
1,0,25,478997.8,6196641.0,30.4,34.4,0.0,0.0,1347.709,383.8949,1137.820,278.6194,895.0837,300.5941,618.2144,343.0836,255.8307,311.0584,289.1956,111.4809
1,0,26,478997.8,6196666.0,30.9,34.4,0.0,0.0,1336.694,378.2111,1130.897,277.0972,886.7689,300.0229,611.8827,340.8663,251.0574,308.6265,288.1764,112.5307
1,0,27,478997.8,6196691.0,31.4,34.4,0.0,0.0,1325.769,369.7486,1124.784,275.4073,879.7644,299.6936,603.9459,340.7267,245.1413,304.9786,287.3463,113.1695
1,0,28,478997.8,6196716.0,31.9,34.4,0.0,0.0,1312.341,355.4331,1118.894,271.0239,875.7684,298.7837,595.7131,342.9073,238.3783,300.8005,283.4754,111.8310
1,0,29,478997.8,6196741.0,32.3,34.4,0.0,0.0,1305.390,350.6070,1116.182,268.8864,874.3779,299.2094,590.3436,345.6830,232.5121,298.0441,282.4707,113.7481
1,0,30,478997.8,6196766.0,32.6,34.4,0.0,0.0,1301.959,348.9138,1115.021,267.8042,873.7520,301.0668,584.2994,348.8141,226.4713,295.0089,286.2664,116.8455
1,0,31,478997.8,6196791.0,32.9,34.4,0.0,0.0,1299.693,345.3041,1115.065,265.9333,876.4014,301.5346,580.7755,354.0649,220.9534,292.8297,286.9803,117.7987
1,0,32,478997.8,6196816.0,33.0,34.4,0.0,0.0,1302.434,343.3453,1118.249,265.1089,881.6790,302.5185,580.5308,359.2556,217.5515,292.3624,285.7693,118.4088
1,0,33,478997.8,6196841.0,33.0,34.4,0.0,0.0,1307.285,344.4783,1123.822,264.7249,888.3245,304.9355,581.1313,363.4710,216.1204,292.7248,289.3730,121.1202
1,0,34,478997.8,6196866.0,33.1,34.4,0.0,0.0,1313.192,346.9651,1129.889,264.1456,896.5858,306.8960,583.4686,367.5465,216.2873,293.9863,292.1649,122.7839
1,0,35,478997.8,6196891.0,33.2,34.4,0.0,0.0,1315.208,346.6873,1132.621,262.7726,901.7126,306.3227,587.4733,369.4221,217.7920,295.7328,291.9402,121.9965
1,0,36,478997.8,6196916.0,33.5,34.4,0.0,0.0,1309.485,342.5331,1130.501,259.9906,900.8736,303.6503,590.9956,367.6436,220.3412,296.9908,292.9264,120.9875
1,0,37,478997.8,6196941.0,33.8,34.4,0.0,0.0,1298.210,330.5998,1126.327,255.0845,897.8316,299.8194,594.0832,363.1859,224.7109,298.2132,293.1394,118.7475
1,0,38,478997.8,6196966.0,34.0,34.4,0.0,0.0,1288.689,314.4788,1123.952,250.2005,895.0295,295.7687,600.4430,356.5568,232.2324,301.1785,290.3282,115.8727
1,0,39,478997.8,6196991.0,34.4,34.4,0.0,0.0,1279.159,301.6868,1121.013,245.9523,891.0200,292.0782,606.2075,348.8604,240.9263,303.7063,288.1460,113.3239
1,0,40,478997.8,6197016.0,34.8,34.4,0.0,0.0,1270.490,296.8741,1115.790,243.9619,884.6395,289.1809,607.4536,340.3419,249.6790,304.1281,288.1694,110.0086
1,0,41,478997.8,6197041.0,35.3,34.4,0.0,0.0,1263.375,295.6086,1109.249,243.6857,875.9645,285.6117,610.6632,328.2083,261.2982,305.9312,287.2917,107.7407
1,0,42,478997.8,6197066.0,35.7,34.4,0.0,0.0,1258.081,296.2983,1102.663,245.0713,865.7734,281.8000,615.2192,314.4853,273.8827,308.3977,286.3237,106.5165
1,0,43,478997.8,6197091.0,35.9,34.4,0.0,0.0,1257.718,297.7203,1100.524,246.9949,860.4549,279.1950,620.0273,304.9377,285.3283,310.5033,285.5963,103.3336
1,0,44,478997.8,6197116.0,35.9,34.4,0.0,0.0,1263.854,299.6600,1105.116,248.8277,861.9353,278.1586,629.4377,297.6084,298.8303,314.8377,286.7109,101.7655
1,0,45,478997.8,6197141.0,35.6,34.4,0.0,0.0,1275.957,303.7324,1115.314,250.9676,869.0342,280.1065,638.3364,293.6934,311.8435,318.8765,291.0818,102.9028
1,0,46,478997.8,6197166.0,35.3,34.4,0.0,0.0,1292.243,314.4150,1126.190,254.8828,877.9250,283.3513,644.5240,294.2652,320.4083,320.8813,293.2056,103.1143
1,0,47,478997.8,6197191.0,35.1,34.4,0.0,0.0,1305.849,330.4718,1132.123,260.0811,882.6441,285.6434,647.7402,295.1442,324.6252,321.2790,292.4134,103.2670
1,0,48,478997.8,6197216.0,35.1,34.4,0.0,0.0,1315.674,344.6138,1134.594,265.0379,883.7112,287.3947,648.1903,295.4125,325.8853,320.7488,290.9215,102.9907
1,0,49,478997.8,6197241.0,35.2,34.4,0.0,0.0,1317.436,348.3767,1133.430,266.6442,881.9590,287.8373,646.4261,294.9542,325.1624,319.4624,289.0681,102.0502
1,0,50,478997.8,6197266.0,35.4,34.4,0.0,0.0,1311.876,348.0782,1127.686,266.7467,875.8440,287.1685,641.4520,293.1696,322.6647,316.7236,287.6428,101.4053
1,0,51,478997.8,6197291.0,35.7,34.4,0.0,0.0,1301.650,345.7511,1118.068,266.9896,865.1258,285.4132,633.7102,289.7532,319.1960,312.5935,286.4687,101.2459
1,0,52,478997.8,6197316.0,36.0,34.4,0.0,0.0,1287.425,336.3507,1107.006,265.7888,853.2680,282.1628,626.1558,285.5128,316.2691,308.4740,283.4458,100.7019
1,0,53,478997.8,6197341.0,36.1,34.4,0.0,0.0,1274.267,321.6879,1098.012,263.5292,843.6130,278.7987,620.5333,281.6660,314.4898,305.3163,279.6638,99.05941
1,0,54,478997.8,6197366.0,36.1,34.4,0.0,0.0,1264.304,309.2930,1093.308,260.3563,839.0532,276.7184,617.8151,279.6426,313.8450,303.6376,278.6403,98.35964
1,0,55,478997.8,6197391.0,35.9,34.4,0.0,0.0,1261.980,305.4891,1094.384,258.4640,840.5716,276.6562,618.7298,279.7867,314.8284,303.8558,281.8540,100.0772
1,0,56,478997.8,6197416.0,35.5,34.4,0.0,0.0,1267.806,305.6006,1102.071,256.9655,849.4003,278.2716,624.3052,282.3119,318.0962,306.4580,286.1347,101.9581
1,0,57,478997.8,6197441.0,35.0,34.4,0.0,0.0,1276.739,306.9430,1111.950,255.2282,861.5492,280.0391,632.2630,285.7617,322.8116,310.1541,289.9849,103.1132
1,0,58,478997.8,6197466.0,34.4,34.4,0.0,0.0,1286.777,311.9891,1121.977,253.9164,874.5703,281.7895,640.8677,289.3561,328.1597,314.0820,294.8357,104.6718
1,0,59,478997.8,6197491.0,33.8,34.4,0.0,0.0,1294.614,316.5627,1130.996,251.3112,888.5590,282.4915,650.4915,293.0471,334.0822,318.4060,299.1204,106.3321
1,0,60,478997.8,6197516.0,33.3,34.4,0.0,0.0,1301.071,317.9481,1139.019,247.8451,902.3076,282.5852,659.8992,296.6054,339.9246,322.4941,303.2721,106.6461
1,0,61,478997.8,6197541.0,32.7,34.4,0.0,0.0,1298.110,310.6372,1143.047,240.8849,913.0979,280.8364,667.5612,298.8344,345.4029,325.4398,309.4873,107.6212
1,0,62,478997.8,6197566.0,32.2,34.4,0.0,0.0,1294.055,300.8046,1145.909,234.0312,922.6877,277.9824,675.3734,300.1633,351.6563,328.2621,312.7280,107.7859
1,0,63,478997.8,6197591.0,31.6,34.4,0.0,0.0,1287.196,286.0224,1147.246,225.9784,931.2318,273.7347,683.4453,300.7054,358.6662,330.9045,313.6924,106.9621
1,0,64,478997.8,6197616.0,31.0,34.4,0.0,0.0,1279.632,271.6198,1149.312,217.2164,940.7589,269.3025,692.6421,301.2496,366.8658,333.8998,319.6642,107.7447
1,0,65,478997.8,6197641.0,30.3,34.4,0.0,0.0,1277.782,256.6357,1156.364,207.8625,957.4989,263.8497,708.7738,303.6439,378.6212,340.2777,325.4013,107.4909
1,0,66,478997.8,6197666.0,29.5,34.4,0.0,0.0,1279.352,247.7113,1165.684,199.2997,977.8992,257.6388,729.1209,306.8310,392.8844,348.8038,334.1679,106.7180
1,0,67,478997.8,6197691.0,28.8,34.4,0.0,0.0,1282.254,246.7408,1175.141,191.9182,999.0571,250.7616,751.6477,309.5823,408.8353,358.8827,347.8066,106.4287
1,0,68,478997.8,6197716.0,27.9,34.4,0.0,0.0,1290.557,247.9884,1187.716,186.4298,1022.574,242.9053,779.4728,312.5866,426.1734,372.3192,356.7310,105.3553
1,0,69,478997.8,6197741.0,27.0,34.4,0.0,0.0,1298.503,250.9951,1197.894,182.6483,1040.952,236.6012,802.3321,316.2018,437.5418,383.4633,367.0470,103.1580
1,0,70,478997.8,6197766.0,26.2,34.4,0.0,0.0,1307.774,261.7396,1205.553,182.3732,1054.281,232.1160,819.2725,321.2731,442.6021,391.5490,374.6079,101.6510
1,0,71,478997.8,6197791.0,25.4,34.4,0.0,0.0,1317.699,277.4346,1210.054,185.8275,1060.648,230.0763,828.5135,325.6705,442.2509,396.0389,375.5101,102.1472
1,0,72,478997.8,6197816.0,24.6,34.4,0.0,0.0,1328.249,292.4099,1214.435,190.3801,1065.057,230.4301,832.1359,333.8418,434.4310,397.2333,376.3653,102.6293
1,0,73,478997.8,6197841.0,23.9,34.4,0.0,0.0,1335.303,298.5991,1218.384,192.5950,1069.063,230.6489,835.3417,341.0752,426.0449,398.8272,375.9769,102.3624
1,0,74,478997.8,6197866.0,23.3,34.4,0.0,0.0,1339.616,301.5664,1221.396,193.5732,1072.534,230.5788,837.7771,346.8674,419.2556,400.2709,374.4825,101.4704
1,0,75,478997.8,6197891.0,23.0,34.4,0.0,0.0,1341.993,302.2434,1223.561,193.8143,1075.162,230.3020,839.2691,352.3135,413.6374,400.4047,370.1253,99.80005
1,0,76,478997.8,6197916.0,23.0,34.4,0.0,0.0,1337.974,298.4167,1221.610,192.2144,1074.201,229.3278,838.1693,352.7850,412.4216,399.3690,364.6511,97.50955
1,0,77,478997.8,6197941.0,23.3,34.4,0.0,0.0,1326.524,286.6071,1215.642,188.0006,1069.571,227.5316,834.0030,348.9660,415.1716,396.9822,359.2922,95.24905
1,0,78,478997.8,6197966.0,24.1,34.4,0.0,0.0,1309.986,270.7246,1205.740,182.6946,1060.513,225.4658,827.5045,340.3544,420.4931,394.1949,352.8694,92.47113
1,0,79,478997.8,6197991.0,25.1,34.4,0.0,0.0,1289.308,253.9238,1192.365,176.4585,1048.156,223.3091,819.4335,328.4322,426.0108,391.4920,347.6803,90.95731
1,0,80,478997.8,6198016.0,26.1,34.4,0.0,0.0,1272.997,240.2814,1180.512,172.6791,1035.291,223.7030,807.6755,318.4580,428.2425,386.7347,345.1138,90.13498
1,0,81,478997.8,6198041.0,27.1,34.4,0.0,0.0,1261.138,228.2404,1170.573,171.6114,1020.897,227.4586,790.1085,310.4267,427.2198,378.4149,343.6051,90.66142
1,0,82,478997.8,6198066.0,28.0,34.4,0.0,0.0,1257.002,223.3676,1164.645,174.8910,1007.042,233.6239,771.2571,306.1270,422.1772,368.6239,336.8307,93.19483
1,0,83,478997.8,6198091.0,28.6,34.4,0.0,0.0,1257.519,226.5676,1159.028,181.6761,991.3751,241.6664,750.3030,304.5471,410.5954,357.7676,329.8256,95.90517
1,0,84,478997.7,6198116.0,29.2,34.4,0.0,0.0,1260.851,236.0228,1155.025,189.6469,977.7424,249.4420,732.5110,304.4976,397.2052,349.3972,324.3937,97.74444
1,0,85,478997.7,6198141.0,29.6,34.4,0.0,0.0,1263.535,247.0441,1150.028,197.8561,963.2082,256.0778,716.1591,303.3553,384.6820,342.5173,319.4532,99.49268
1,0,86,478997.7,6198166.0,30.1,34.4,0.0,0.0,1270.504,260.2468,1147.186,207.3501,950.5505,262.5097,702.2912,302.4678,373.9370,337.0915,314.2656,100.0606
1,0,87,478997.7,6198191.0,30.4,34.4,0.0,0.0,1280.631,281.1154,1143.675,219.4951,936.3778,268.8665,688.3984,300.5569,364.2913,331.5759,309.5052,100.9612
1,0,88,478997.7,6198216.0,30.7,34.4,0.0,0.0,1293.061,309.2925,1140.187,233.4396,922.5540,274.8059,675.6855,298.4348,356.0051,326.4135,305.6020,102.7779
1,0,89,478997.7,6198241.0,30.9,34.4,0.0,0.0,1311.629,335.4105,1140.212,248.1633,912.1542,280.5304,666.4766,296.9046,350.1890,322.8233,300.7636,103.5778
1,0,90,478997.7,6198266.0,31.0,34.4,0.0,0.0,1338.181,360.5803,1145.634,263.1146,907.4998,287.0666,661.2765,297.1776,346.5839,321.1186,298.2813,104.0729
1,0,91,478997.7,6198291.0,31.0,34.4,0.0,0.0,1377.677,394.5722,1156.362,281.2949,908.3539,295.0757,659.8667,299.4330,344.7913,321.2870,298.1674,105.8988
1,0,92,478997.7,6198316.0,31.0,34.4,0.0,0.0,1440.972,440.2455,1174.990,307.1650,914.1133,306.6378,661.0787,303.8396,344.2824,322.9184,299.8758,108.0729
1,0,93,478997.7,6198341.0,31.0,34.4,0.0,0.0,1505.945,482.8549,1192.090,332.0115,919.9073,317.1024,662.8276,307.8942,344.3961,324.6823,302.5974,112.3751
1,0,94,478997.7,6198366.0,31.0,34.4,0.0,0.0,1550.205,513.1479,1203.148,348.9107,923.6639,323.9381,664.1065,310.4683,344.7028,325.8899,304.7091,115.7305
1,0,95,478997.7,6198391.0,31.0,34.4,0.0,0.0,1527.077,497.1240,1198.238,339.8415,922.5913,320.4472,664.1979,309.3504,344.8848,325.7837,303.9577,114.9635
1,0,96,478997.7,6198416.0,31.0,34.4,0.0,0.0,1471.752,458.6973,1185.573,318.4933,918.9012,312.0726,663.4261,306.4333,344.7913,324.8803,300.8140,110.4544
1,0,97,478997.7,6198441.0,31.1,34.4,0.0,0.0,1424.986,431.2605,1171.806,300.5745,913.9424,304.2724,661.6923,303.3517,344.1921,323.4734,298.2658,107.0921
1,0,98,478997.7,6198466.0,31.2,34.4,0.0,0.0,1403.161,423.1790,1162.605,293.2452,909.1459,300.3255,659.0490,301.2046,343.1032,321.7924,297.7033,106.9545
1,0,99,478997.7,6198491.0,31.4,34.4,0.0,0.0,1393.966,421.0316,1156.247,290.9189,904.8014,298.2621,656.1787,299.4676,342.1802,320.0938,297.6198,106.9143
1,0,100,478997.7,6198516.0,31.5,34.4,0.0,0.0,1391.268,420.0038,1154.909,289.4485,905.3465,297.0428,657.0392,299.1481,343.2660,320.3141,298.7818,107.5786
1,0,101,478997.7,6198541.0,31.4,34.4,0.0,0.0,1397.626,420.2903,1162.362,288.2758,914.8033,297.5867,664.0937,301.8659,347.0162,323.6955,301.8919,108.6499
1,0,102,478997.7,6198566.0,31.2,34.4,0.0,0.0,1405.968,420.6803,1172.567,286.6158,927.1096,298.8423,672.8947,305.5592,351.5466,327.9524,307.1433,109.5263
1,0,103,478997.7,6198591.0,31.0,34.4,0.0,0.0,1410.082,419.3264,1179.316,284.0707,936.8459,298.8944,680.1607,308.1825,355.5447,331.3969,309.1175,109.1021
1,0,104,478997.7,6198616.0,31.1,34.4,0.0,0.0,1410.402,417.8608,1181.302,282.5642,940.6302,298.2274,683.4078,308.8571,357.7769,332.7762,306.7758,107.7557
1,0,105,478997.7,6198641.0,31.3,34.4,0.0,0.0,1400.931,412.5065,1176.849,280.0616,936.4567,297.1646,680.1133,307.3721,356.6285,330.7198,304.3231,106.6518
1,0,106,478997.7,6198666.0,31.9,34.4,0.0,0.0,1369.996,389.1734,1162.197,272.0066,921.7708,293.1732,669.4830,302.1234,352.3578,324.7676,300.6530,105.3874
1,0,107,478997.7,6198691.0,32.6,34.4,0.0,0.0,1321.308,341.0257,1138.882,258.3892,898.2130,285.3626,653.7734,292.8875,346.6254,316.2462,291.6456,101.7822
1,0,108,478997.7,6198716.0,33.5,34.4,0.0,0.0,1269.542,288.4060,1110.405,244.3512,869.8118,275.8628,635.2007,281.7261,339.7330,306.3850,279.6634,96.78573
1,0,109,478997.7,6198741.0,34.4,34.4,0.0,0.0,1229.425,254.0674,1084.489,235.6189,843.3768,268.3611,617.4496,271.8154,332.7099,297.1890,272.7524,94.42638
1,0,110,478997.7,6198766.0,35.2,34.4,0.0,0.0,1208.359,238.2484,1068.479,232.6480,826.2539,264.5021,605.3859,265.6651,327.6987,291.1288,270.2424,93.78972
1,0,111,478997.7,6198791.0,35.6,34.4,0.0,0.0,1199.432,232.5889,1060.639,232.2173,817.4451,262.8533,598.9744,262.8172,324.9527,287.8535,270.8829,94.32388
1,0,112,478997.7,6198816.0,35.7,34.4,0.0,0.0,1201.456,232.6451,1062.443,233.0233,818.0988,263.5636,599.1639,263.2358,325.1453,287.8693,274.7520,96.17732
1,0,113,478997.7,6198841.0,35.3,34.4,0.0,0.0,1213.955,237.5190,1073.541,234.7019,828.1248,266.4105,606.0003,266.9774,328.0191,291.1983,280.2323,98.69156
1,0,114,478997.7,6198866.0,34.7,34.4,0.0,0.0,1231.617,246.6619,1089.473,236.7536,843.5672,270.1633,617.0663,272.6004,332.4717,296.6256,286.8440,101.8822
1,0,115,478997.7,6198891.0,33.8,34.4,0.0,0.0,1255.237,260.6143,1110.249,239.0402,865.1537,275.0735,632.0905,280.3256,338.4933,304.2021,292.6710,104.2028
1,0,116,478997.7,6198916.0,33.0,34.4,0.0,0.0,1278.614,278.0192,1129.667,241.6022,886.2279,279.8382,646.4784,287.9227,344.2289,311.5894,298.5501,105.7679
1,0,117,478997.7,6198941.0,32.3,34.4,0.0,0.0,1297.346,297.6906,1142.840,244.4681,901.9523,283.3446,656.9668,293.7760,348.0356,317.1305,302.2235,106.2659
1,0,118,478997.7,6198966.0,32.0,34.4,0.0,0.0,1308.349,315.5258,1147.211,247.2869,909.4062,284.5908,662.0901,296.6553,349.4232,320.0482,301.2292,105.3834
1,0,119,478997.7,6198991.0,31.9,34.4,0.0,0.0,1309.413,325.0987,1144.855,248.8670,908.3247,284.4963,661.2776,296.4891,348.4268,320.0039,300.6913,105.0404
1,0,120,478997.7,6199016.0,31.9,34.4,0.0,0.0,1302.985,319.9561,1140.189,247.5200,903.7429,283.3554,658.0662,295.0838,346.3927,318.6486,298.3570,103.8671
1,0,121,478997.7,6199041.0,32.1,34.4,0.0,0.0,1291.434,307.9201,1132.283,245.6050,894.2920,281.3242,651.9047,291.8985,343.3111,315.7099,294.0224,102.0418
1,0,122,478997.7,6199066.0,32.3,34.4,0.0,0.0,1278.950,299.0748,1122.548,244.8815,882.2928,279.3157,643.8669,288.0017,339.3369,311.8110,289.0415,100.5197
1,0,123,478997.7,6199091.0,32.7,34.4,0.0,0.0,1266.887,293.7855,1111.339,245.5029,868.5372,277.1692,634.7791,283.5380,334.8790,307.4064,284.7554,99.63401
1,0,124,478997.7,6199116.0,33.0,34.4,0.0,0.0,1257.025,286.0631,1102.862,245.2417,858.1427,275.3748,627.8143,280.2298,331.1890,304.1214,281.3287,98.61870
1,0,125,478997.7,6199141.0,33.3,34.4,0.0,0.0,1248.006,277.3967,1095.933,243.9048,850.3924,273.6642,622.5327,277.7571,328.2017,301.6841,278.9435,97.55971
1,0,126,478997.7,6199166.0,33.6,34.4,0.0,0.0,1237.273,269.8288,1088.602,241.3792,843.6475,271.7528,617.6690,275.6060,325.4524,299.3667,279.3254,97.72694
1,0,127,478997.7,6199191.0,33.7,34.4,0.0,0.0,1230.599,263.5716,1084.930,238.4864,841.7543,270.2841,616.3042,274.9310,324.4415,298.6960,281.1938,98.58346
1,0,128,478997.7,6199216.0,33.4,34.4,0.0,0.0,1234.305,261.0635,1089.839,236.9036,847.8917,270.8971,620.4971,276.9600,326.1865,300.7127,285.4210,100.1354
1,0,129,478997.7,6199241.0,32.9,34.4,0.0,0.0,1244.501,264.1586,1100.840,236.2934,860.2133,272.7818,629.3646,280.8314,330.5818,304.9326,292.5398,103.1814
1,0,130,478997.7,6199266.0,32.1,34.4,0.0,0.0,1260.148,270.6405,1116.836,235.4902,879.3989,275.0062,643.5224,286.5945,337.8750,311.7141,299.0637,105.9922
1,0,131,478997.7,6199291.0,31.2,34.4,0.0,0.0,1279.978,278.2539,1135.510,234.4218,903.0263,277.0002,661.2004,293.5426,347.1006,320.2125,305.0855,107.0784
1,0,132,478997.7,6199316.0,30.4,34.4,0.0,0.0,1296.398,288.9123,1151.564,232.2271,926.5161,277.8553,678.8071,300.3288,356.4011,328.6025,313.4773,108.2811
1,0,133,478997.7,6199341.0,29.7,34.4,0.0,0.0,1307.416,300.0652,1162.663,229.3423,946.7757,276.6085,695.0562,305.6055,365.5058,336.2819,321.0880,109.2453
1,0,134,478997.7,6199366.0,29.1,34.4,0.0,0.0,1317.389,305.7236,1171.724,226.6791,964.4025,273.9775,710.5321,309.6923,374.5105,343.6273,324.1056,107.7890
1,0,135,478997.7,6199391.0,28.7,34.4,0.0,0.0,1322.571,309.6386,1177.242,223.9617,976.7758,271.2982,721.9758,312.3221,381.4111,348.9890,327.9407,106.6154
1,0,136,478997.7,6199416.0,28.4,34.4,0.0,0.0,1330.065,317.9841,1183.157,223.9737,986.5027,270.6178,730.3229,314.9919,385.8940,352.9705,331.0410,105.8826
1,0,137,478997.7,6199441.0,28.4,34.4,0.0,0.0,1330.513,318.3973,1183.288,223.9449,987.1019,270.3097,731.0888,315.0520,386.3501,353.3050,328.0025,104.0869
1,0,138,478997.7,6199466.0,28.6,34.4,0.0,0.0,1315.807,307.6755,1172.887,221.5292,974.9496,269.2722,721.2751,311.2751,381.4900,348.4146,321.8675,102.7955
1,0,139,478997.7,6199491.0,29.1,34.4,0.0,0.0,1295.426,289.8983,1158.370,218.4256,957.0604,268.1288,706.5176,306.1430,373.5163,341.1637,313.3091,101.1813
1,0,140,478997.7,6199516.0,29.7,34.4,0.0,0.0,1273.298,271.9772,1142.246,215.4372,936.6257,267.2623,689.5138,300.5143,364.0651,332.9024,307.3364,100.4018
1,0,141,478997.7,6199541.0,30.2,34.4,0.0,0.0,1259.674,261.2210,1130.823,215.1103,920.5840,267.3764,675.9956,296.5394,355.9241,326.5426,302.3193,99.83385
1,0,142,478997.7,6199566.0,30.7,34.4,0.0,0.0,1254.121,260.6082,1123.402,218.0603,907.8318,268.6378,665.3696,293.5009,349.5397,321.7182,299.3081,99.96593
1,0,143,478997.7,6199591.0,30.9,34.4,0.0,0.0,1254.602,265.7429,1121.131,222.3675,900.2449,270.7538,658.9386,292.0002,345.5109,318.9513,299.0506,101.4199
1,0,144,478997.7,6199616.0,31.0,34.4,0.0,0.0,1260.313,269.7269,1122.830,226.7253,897.4329,272.7380,656.7478,291.6162,343.9378,318.2487,296.6824,101.5128
1,0,145,478997.7,6199641.0,31.1,34.4,0.0,0.0,1266.297,272.7809,1125.511,230.0537,896.5215,274.6049,655.8743,291.6991,343.2460,318.1151,295.2805,101.1654
1,0,146,478997.7,6199666.0,31.1,34.4,0.0,0.0,1271.922,280.9806,1127.818,233.4156,896.7114,276.3915,655.5359,292.2772,342.6719,318.1718,295.2890,101.6525
1,0,147,478997.7,6199691.0,31.2,34.4,0.0,0.0,1278.363,292.5081,1128.684,237.6174,896.1291,277.9795,654.4753,292.6627,341.7590,317.8337,294.7198,101.6585
1,0,148,478997.7,6199716.0,31.4,34.4,0.0,0.0,1284.554,305.4894,1127.343,242.3612,893.5555,279.2392,651.8364,292.3888,340.2931,316.6346,294.2988,101.5413
1,0,149,478997.7,6199741.0,31.5,34.4,0.0,0.0,1290.725,321.6833,1125.282,247.5614,890.6404,280.2968,649.1416,291.8465,339.1217,315.3181,295.4771,102.9476
1,0,150,478997.7,6199766.0,31.5,34.4,0.0,0.0,1308.295,340.7925,1130.998,255.2467,893.9246,283.3661,650.9024,293.3813,340.1750,316.2395,298.2119,104.7890
1,0,151,478997.7,6199791.0,31.2,34.4,0.0,0.0,1340.068,362.7268,1145.788,265.5464,904.7447,288.8412,657.8605,297.5728,343.6800,319.7404,301.9131,106.6287
1,0,152,478997.7,6199816.0,30.7,34.4,0.0,0.0,1386.133,395.4725,1164.957,281.0391,918.0669,296.3916,666.4020,302.7513,348.3625,324.0618,306.6015,109.3900
1,0,153,478997.7,6199841.0,30.3,34.4,0.0,0.0,1458.668,442.3068,1190.322,306.2303,934.3646,307.0040,676.6615,309.3664,354.0844,329.4899,309.3267,111.5125
1,0,154,478997.7,6199866.0,30.0,34.4,0.0,0.0,1534.018,487.6337,1212.124,330.6458,950.1208,315.8951,686.8843,315.7762,359.5160,334.8476,313.1907,115.9168
1,0,155,478997.7,6199891.0,29.7,34.4,0.0,0.0,1599.681,525.1702,1232.194,350.6049,965.7099,324.0564,696.2705,322.2149,364.1629,339.7005,322.7798,119.3977
1,0,156,478997.7,6199916.0,29.4,34.4,0.0,0.0,1611.274,526.0982,1240.734,349.7057,978.4503,323.9625,705.8339,325.8845,369.2752,344.0919,328.2086,119.3026
1,0,157,478997.7,6199941.0,29.1,34.4,0.0,0.0,1575.992,506.1871,1234.311,334.1257,981.6122,316.6437,711.1923,324.4940,373.7274,345.8195,326.5865,117.9357
1,0,158,478997.7,6199966.0,29.0,34.4,0.0,0.0,1539.648,480.5092,1227.121,320.0832,980.2911,310.6663,712.2255,321.9372,376.4893,345.2842,322.2986,112.6069
1,0,159,478997.7,6199991.0,28.9,34.4,0.0,0.0,1523.000,479.7920,1218.882,313.1686,978.6365,305.6605,713.4060,319.7177,379.0161,344.8820,321.0959,112.6362
1,0,160,478997.7,6200016.0,29.0,34.4,0.0,0.0,1502.044,473.9356,1212.021,303.3240,980.6498,299.7014,717.3834,318.8059,382.0923,345.8606,322.6644,114.2314
1,0,161,478997.7,6200041.0,29.1,34.4,0.0,0.0,1437.034,416.5147,1199.874,274.4415,982.1597,288.3403,721.0142,316.7482,384.9325,346.1606,325.0764,108.9044
1,0,162,478997.7,6200066.0,29.3,34.4,0.0,0.0,1362.219,354.0186,1181.141,241.5471,979.8987,273.8225,723.3675,312.3946,388.6233,345.3306,326.1024,104.0053
1,0,163,478997.7,6200091.0,29.5,34.4,0.0,0.0,1311.598,311.5225,1164.665,219.5157,975.4942,261.5302,725.4296,306.5075,394.7357,344.3499,325.3611,102.9439
1,0,164,478997.7,6200116.0,29.5,34.4,0.0,0.0,1291.295,287.9982,1161.407,206.9195,981.2724,252.7340,736.0760,303.9479,405.4341,347.8759,328.8361,103.0494
1,0,165,478997.7,6200141.0,29.1,34.4,0.0,0.0,1290.039,275.5593,1171.964,197.0537,1001.952,245.5953,759.0475,306.7486,420.6138,357.6458,343.0893,103.3468
1,0,166,478997.7,6200166.0,28.5,34.4,0.0,0.0,1300.561,273.7040,1189.206,190.3032,1029.322,239.6746,787.5660,311.8730,438.2934,370.1969,362.5361,101.8788
1,0,167,478997.7,6200191.0,27.7,34.4,0.0,0.0,1309.640,272.3774,1202.690,185.5892,1050.265,233.6424,812.4542,313.7727,456.2095,380.7989,371.3703,100.7883
1,0,168,478997.7,6200216.0,27.0,34.4,0.0,0.0,1317.476,274.4641,1210.914,185.1833,1060.309,231.1783,825.5451,313.1108,468.5947,385.5150,371.0715,100.3993
1,0,169,478997.7,6200241.0,26.4,34.4,0.0,0.0,1318.132,273.3938,1212.141,184.3806,1062.252,230.1402,828.6066,312.1495,473.0799,385.4895,369.0536,99.42126
1,0,170,478997.7,6200266.0,26.0,34.4,0.0,0.0,1316.216,276.6288,1208.604,185.1619,1058.917,229.5261,826.4321,310.8135,472.6257,383.5572,366.1144,97.98418
1,0,171,478997.7,6200291.0,25.7,34.4,0.0,0.0,1314.849,282.0697,1204.676,186.4119,1055.214,229.1865,823.6144,309.7355,471.1195,381.8187,364.9659,97.59885
1,0,172,478997.7,6200316.0,25.3,34.4,0.0,0.0,1318.532,290.1919,1205.254,188.7260,1055.424,229.8718,823.7205,309.9951,471.0264,381.7528,365.4789,98.13687
1,0,173,478997.7,6200341.0,25.0,34.4,0.0,0.0,1323.399,292.4729,1208.420,190.0388,1057.842,230.6679,825.6166,310.7499,472.0768,382.6219,365.0794,97.67798
1,0,174,478997.7,6200366.0,24.8,34.4,0.0,0.0,1326.083,294.3703,1210.204,190.6137,1059.514,230.9590,827.0834,311.0836,473.1438,383.2769,363.7789,97.20882
1,0,175,478997.7,6200391.0,24.6,34.4,0.0,0.0,1328.081,297.9969,1210.698,191.6218,1059.909,231.2061,827.4383,311.1127,473.6376,383.3824,361.6886,96.50919
1,0,176,478997.7,6200416.0,24.6,34.4,0.0,0.0,1324.431,295.6259,1208.299,190.5664,1058.050,230.4963,826.0604,310.3739,473.2497,382.5686,359.1040,95.53191
1,0,177,478997.7,6200441.0,24.8,34.4,0.0,0.0,1314.445,282.9793,1204.348,186.1523,1055.451,228.6894,824.2304,309.2584,472.5582,381.4775,357.1637,94.86250
1,0,178,478997.7,6200466.0,25.0,34.4,0.0,0.0,1303.592,263.4597,1201.865,180.2217,1054.135,226.8353,823.3011,308.6205,472.0349,380.9500,355.0873,93.59112
1,0,179,478997.7,6200491.0,25.4,34.4,0.0,0.0,1290.069,243.4348,1197.066,173.6691,1051.014,224.5429,820.8618,307.5653,470.2937,380.0105,352.6207,92.40772
1,0,180,478997.7,6200516.0,25.9,34.4,0.0,0.0,1276.735,226.9273,1190.354,168.2879,1045.701,222.6767,816.0129,306.6045,465.9409,378.3343,350.5311,91.57838
1,0,181,478997.7,6200541.0,26.5,34.4,0.0,0.0,1263.828,211.0963,1182.178,164.0873,1037.527,222.4606,806.5477,306.3118,457.4155,374.4861,349.7650,90.86546
1,0,182,478997.7,6200566.0,27.1,34.4,0.0,0.0,1251.760,199.7736,1171.421,162.9840,1023.551,224.8582,789.8135,304.8918,445.7131,366.9418,348.3831,91.30845
1,0,183,478997.7,6200591.0,27.5,34.4,0.0,0.0,1244.896,195.6403,1162.943,165.2868,1009.570,228.3098,774.0401,302.6211,435.9252,359.8558,341.5845,94.07741
1,0,184,478997.7,6200616.0,27.7,34.4,0.0,0.0,1246.435,201.5275,1159.794,170.2183,1001.066,233.0146,762.5142,302.3434,427.9808,354.8300,338.1012,97.15826
1,0,185,478997.7,6200641.0,27.6,34.4,0.0,0.0,1255.831,211.5016,1165.234,174.7156,1003.151,237.7167,760.2940,305.4889,423.8743,354.4492,342.1125,99.20539
1,0,186,478997.7,6200666.0,27.4,34.4,0.0,0.0,1267.927,219.8709,1174.292,178.2520,1010.312,240.7224,764.8579,308.8547,424.2058,357.4882,344.6184,100.4690
1,0,187,478997.7,6200691.0,27.1,34.4,0.0,0.0,1274.287,223.6606,1178.980,179.8756,1014.187,241.9437,767.9148,310.3023,425.0399,359.5441,344.2325,100.2993
1,0,188,478997.7,6200716.0,27.0,34.4,0.0,0.0,1276.102,227.3853,1179.392,181.0037,1014.410,242.2291,768.2952,310.4601,424.9461,360.0054,342.8536,99.72539
1,0,189,478997.7,6200741.0,27.0,34.4,0.0,0.0,1275.718,231.6817,1177.811,181.9799,1012.921,242.2000,767.2313,310.1310,424.1839,359.5951,341.7386,99.39320
1,0,190,478997.7,6200766.0,27.0,34.4,0.0,0.0,1274.082,232.5321,1176.044,182.0422,1011.327,241.9516,766.0295,309.7845,423.2595,358.9831,341.0586,99.16001
1,0,191,478997.7,6200791.0,27.0,34.4,0.0,0.0,1271.095,228.3603,1174.188,180.8387,1009.749,241.3528,764.8817,309.3094,422.4643,358.2106,340.4957,98.72921
1,0,192,478997.7,6200816.0,27.0,34.4,0.0,0.0,1268.361,224.8305,1172.590,179.6977,1008.504,240.7276,764.0236,308.7650,422.3649,357.2934,340.3871,98.50179
1,0,193,478997.7,6200841.0,27.0,34.4,0.0,0.0,1267.756,226.7560,1171.484,180.0102,1007.653,240.2181,763.8486,307.8402,423.9367,356.4540,340.7174,98.63930
1,0,194,478997.7,6200866.0,27.0,34.4,0.0,0.0,1269.110,231.6713,1172.012,180.5431,1009.426,238.6077,767.6946,306.5227,428.9540,357.6148,341.3082,99.29264
1,0,195,478997.7,6200891.0,26.9,34.4,0.0,0.0,1272.470,235.4386,1176.336,179.3196,1017.601,235.2052,778.7751,306.7126,437.1182,362.4140,344.6345,99.43565
1,0,196,478997.7,6200916.0,26.6,34.4,0.0,0.0,1275.082,234.0258,1182.498,175.2727,1029.536,231.2021,792.5581,308.4341,445.8492,368.4264,355.8461,98.08115
1,0,197,478997.7,6200941.0,26.2,34.4,0.0,0.0,1279.298,229.9162,1190.458,171.2819,1042.501,227.0786,808.0534,309.8661,456.2693,375.1637,364.2733,96.71088
1,0,198,478997.7,6200966.0,25.8,34.4,0.0,0.0,1283.805,232.3504,1194.681,171.1467,1048.244,224.8825,816.6740,308.9509,464.4392,378.3932,365.0146,96.73261
1,0,199,478997.7,6200991.0,25.4,34.4,0.0,0.0,1293.757,247.9456,1199.038,175.5946,1051.953,225.9493,820.5947,309.2079,468.6803,379.3439,366.7581,97.76908
1,0,200,478997.6,6201016.0,24.9,34.4,0.0,0.0,1303.483,261.0590,1204.171,179.4188,1056.335,227.3939,824.4601,310.3370,471.3872,380.6240,367.8646,98.78345
1,0,201,478997.6,6201041.0,24.4,34.4,0.0,0.0,1307.089,261.2458,1207.377,179.9183,1059.073,227.8446,826.9418,310.9247,472.9438,381.5471,366.6154,97.98961
1,0,202,478997.6,6201066.0,24.1,34.4,0.0,0.0,1304.133,253.8675,1206.930,177.8595,1058.955,227.1304,827.1724,310.6045,473.1479,381.5209,363.9092,96.36676
1,0,203,478997.6,6201091.0,23.9,34.4,0.0,0.0,1301.902,256.0594,1203.913,178.1754,1056.242,226.7155,825.1309,309.8028,471.9859,380.5249,361.2178,95.32320
1,0,204,478997.6,6201116.0,23.9,34.4,0.0,0.0,1302.850,265.4679,1201.118,180.6619,1053.328,226.9870,822.6580,309.2149,470.4616,379.4162,359.6720,95.02699
1,0,205,478997.6,6201141.0,23.9,34.4,0.0,0.0,1304.604,274.0234,1199.315,183.1409,1051.182,227.4449,820.7242,308.8989,469.1945,378.5792,358.9860,94.98739
1,0,206,478997.6,6201166.0,23.9,34.4,0.0,0.0,1305.415,276.7744,1198.625,184.1105,1050.234,227.6737,819.8036,308.8168,468.5044,378.1918,358.7673,94.90759
1,0,207,478997.6,6201191.0,23.9,34.4,0.0,0.0,1305.351,277.2310,1198.275,184.2760,1049.838,227.7031,819.4224,308.7843,468.1860,378.0214,358.7530,94.91150
1,0,208,478997.6,6201216.0,23.9,34.4,0.0,0.0,1305.499,277.3955,1198.307,184.3566,1049.831,227.7461,819.3854,308.8198,468.1220,377.9847,358.8701,94.95798
1,0,209,478997.6,6201241.0,23.9,34.4,0.0,0.0,1305.919,277.6395,1198.563,184.4726,1050.031,227.8105,819.5435,308.8784,468.2376,378.0096,359.0410,95.02269
1,0,210,478997.6,6201266.0,23.9,34.4,0.0,0.0,1307.074,278.2046,1199.255,184.7450,1050.600,227.9546,820.0248,309.0098,468.6030,378.1642,359.2660,95.12637
1,0,211,478997.6,6201291.0,23.9,34.4,0.0,0.0,1312.193,282.7045,1201.495,186.6003,1052.139,228.7442,821.1993,309.5184,469.3721,378.6700,359.3676,95.08398
1,0,212,478997.6,6201316.0,23.9,34.4,0.0,0.0,1323.429,296.5319,1205.130,191.4841,1054.403,230.5180,822.8241,310.4398,470.3855,379.4407,359.2645,95.18601
1,0,213,478997.6,6201341.0,23.9,34.4,0.0,0.0,1331.916,309.8920,1207.384,195.2825,1056.186,231.6955,824.2687,311.0862,471.3549,380.0833,359.2106,96.13072
1,0,214,478997.6,6201366.0,24.0,34.4,0.0,0.0,1333.641,310.7230,1208.979,195.7703,1057.439,232.0427,825.2678,311.4335,472.0666,380.4945,357.8319,95.57249
1,0,215,478997.6,6201391.0,24.3,34.4,0.0,0.0,1320.897,291.9760,1205.556,189.5658,1055.579,229.8515,824.1422,310.3854,471.6974,379.8655,355.2993,94.15404
1,0,216,478997.6,6201416.0,24.7,34.4,0.0,0.0,1305.213,269.9171,1200.682,182.0806,1052.723,227.2367,822.0815,309.1657,470.3668,379.0909,353.0862,93.18516
1,0,217,478997.6,6201441.0,25.2,34.4,0.0,0.0,1290.594,245.6085,1196.233,174.5879,1049.789,225.1710,819.1727,308.6956,467.0888,378.3326,350.7857,91.91861
1,0,218,478997.6,6201466.0,25.8,34.4,0.0,0.0,1273.348,224.0858,1186.636,168.4628,1040.715,224.2268,809.0985,307.9100,458.3333,374.0752,348.6421,90.54450
1,0,219,478997.6,6201491.0,26.6,34.4,0.0,0.0,1254.469,209.0162,1171.246,165.5996,1023.007,225.4123,789.5821,305.1918,445.4258,364.8386,346.1830,90.72852
1,0,220,478997.6,6201516.0,27.2,34.4,0.0,0.0,1240.689,199.8773,1157.799,165.9184,1004.997,227.2385,771.1966,301.0990,435.5363,356.0670,339.3060,93.35383
1,0,221,478997.6,6201541.0,27.5,34.4,0.0,0.0,1234.255,196.3158,1150.259,166.9731,994.4355,228.4811,760.7054,298.3284,430.4775,351.5658,336.4257,96.50122
1,0,222,478997.6,6201566.0,27.4,34.4,0.0,0.0,1240.898,199.3375,1156.952,167.1808,1002.196,228.5889,767.9999,301.2137,431.8963,356.6137,345.0232,98.81763
1,0,223,478997.6,6201591.0,26.7,34.4,0.0,0.0,1260.186,209.7251,1175.257,168.1133,1023.711,228.4399,788.8672,308.7605,437.5622,368.8697,362.5110,100.3581
1,0,224,478997.6,6201616.0,25.8,34.4,0.0,0.0,1286.786,228.8738,1197.136,172.0287,1048.327,228.1691,814.0228,318.2943,443.9630,382.7922,375.0146,101.1383
1,0,225,478997.6,6201641.0,24.8,34.4,0.0,0.0,1311.807,256.1711,1212.443,179.8534,1063.732,228.8622,830.2001,326.7634,445.5844,391.3139,376.7207,102.2832
1,0,226,478997.6,6201666.0,24.0,34.4,0.0,0.0,1329.378,284.4051,1218.988,188.2139,1069.797,230.3734,834.7571,335.4215,439.2866,393.3445,376.1153,102.4329
1,0,227,478997.6,6201691.0,23.4,34.4,0.0,0.0,1339.536,301.5746,1220.670,193.8970,1071.035,231.1823,834.8455,342.5119,429.8961,393.6376,373.7339,101.2076
1,0,228,478997.6,6201716.0,23.0,34.4,0.0,0.0,1344.026,312.9965,1218.701,197.6230,1068.933,231.3782,832.7398,346.8055,420.6579,393.7287,370.5866,99.88017
1,0,229,478997.6,6201741.0,22.9,34.4,0.0,0.0,1338.644,315.0554,1212.535,197.3615,1063.909,230.1060,829.2827,348.0489,412.7881,393.5342,367.6169,99.53985
1,0,230,478997.6,6201766.0,22.9,34.4,0.0,0.0,1327.899,303.9031,1207.021,193.8807,1059.321,228.3713,826.0651,348.2061,406.9305,393.2842,365.2548,98.29304
1,0,231,478997.6,6201791.0,22.9,34.4,0.0,0.0,1314.096,286.5489,1202.145,188.1079,1056.186,226.0720,823.1275,348.8889,402.4572,392.4809,363.9797,97.20193
1,0,232,478997.6,6201816.0,22.9,34.4,0.0,0.0,1306.835,279.7623,1199.262,185.3689,1054.649,224.8304,821.0623,349.9774,399.3712,391.6860,364.3704,97.36867
1,0,233,478997.6,6201841.0,22.9,34.4,0.0,0.0,1305.076,278.3702,1198.570,184.8100,1054.475,224.4815,819.9822,351.6466,396.9872,391.0278,364.8858,97.47990
1,0,234,478997.6,6201866.0,22.9,34.4,0.0,0.0,1302.685,275.1137,1198.006,183.6033,1054.421,223.9832,819.6402,352.6107,395.6860,390.6251,365.1145,97.66270
1,0,235,478997.6,6201891.0,22.9,34.4,0.0,0.0,1297.070,264.0849,1197.220,180.0633,1054.419,222.9537,820.0198,351.7320,396.5668,390.8601,365.3465,97.67085
1,0,236,478997.6,6201916.0,22.9,34.4,0.0,0.0,1290.064,247.4105,1196.590,175.2223,1054.352,221.6910,821.0101,349.6520,398.8770,391.4496,364.9529,96.90555
1,0,237,478997.6,6201941.0,22.9,34.4,0.0,0.0,1284.131,233.4387,1196.298,170.8671,1054.688,220.5366,822.5067,347.7162,401.5945,391.9331,363.9094,96.21551
1,0,238,478997.6,6201966.0,22.9,34.4,0.0,0.0,1282.738,227.3639,1197.432,168.9233,1055.917,220.2491,824.4857,345.9933,405.2306,392.2609,362.8762,95.86587
1,0,239,478997.6,6201991.0,23.0,34.4,0.0,0.0,1284.369,227.8476,1198.619,169.2408,1056.765,220.5975,825.0751,344.3786,409.4362,391.3471,361.3122,94.99670
1,0,240,478997.6,6202016.0,23.2,34.4,0.0,0.0,1284.361,231.5638,1197.647,169.9241,1055.853,220.7509,823.8319,341.7510,414.4308,389.1289,359.4930,94.38893
1,0,241,478997.6,6202041.0,23.6,34.4,0.0,0.0,1281.426,230.5764,1195.312,169.2376,1053.545,220.5653,822.2695,336.6832,421.4062,386.9836,357.4337,93.68346
1,0,242,478997.6,6202066.0,24.1,34.4,0.0,0.0,1275.678,219.2012,1192.707,166.0479,1050.734,219.9588,820.9501,329.6497,430.1453,385.4464,354.4327,92.22353
1,0,243,478997.6,6202091.0,24.7,34.4,0.0,0.0,1265.941,206.9389,1186.797,162.1379,1044.938,218.8591,817.8418,320.2991,439.1217,383.4549,351.0450,90.95987
1,0,244,478997.6,6202116.0,25.4,34.4,0.0,0.0,1253.222,198.4610,1177.084,158.7924,1035.977,217.2699,811.2956,310.9618,446.0599,379.4213,349.1958,90.58377
1,0,245,478997.6,6202141.0,25.9,34.4,0.0,0.0,1245.879,193.6888,1170.878,157.2189,1029.890,216.5533,805.8197,304.6462,451.8915,375.2749,350.3696,90.85694
1,0,246,478997.6,6202166.0,26.2,34.4,0.0,0.0,1247.188,195.4688,1171.074,158.0372,1029.563,217.1204,804.4132,302.5478,456.7120,372.7026,354.0354,91.79078
1,0,247,478997.6,6202191.0,26.1,34.4,0.0,0.0,1259.603,209.3273,1178.933,162.6102,1035.940,219.5418,808.7709,304.1660,461.2681,373.1920,359.2295,93.90633
1,0,248,478997.6,6202216.0,25.8,34.4,0.0,0.0,1278.601,228.6795,1191.618,168.9846,1046.583,222.9835,817.0294,307.3774,466.4459,376.3043,364.1907,96.42137
1,0,249,478997.6,6202241.0,25.4,34.4,0.0,0.0,1293.637,242.1648,1201.802,173.6276,1055.188,225.4836,824.0244,309.8040,470.7136,379.2840,365.3096,97.04406
1,0,250,478997.6,6202266.0,25.0,34.4,0.0,0.0,1299.420,246.6895,1205.544,175.2552,1058.395,226.2224,826.9191,310.4590,472.7425,380.4747,363.4241,96.18970
1,0,251,478997.6,6202291.0,24.9,34.4,0.0,0.0,1299.592,248.9796,1204.759,175.7932,1057.701,226.0874,826.6345,310.0518,472.8577,380.2538,360.5768,95.03709
1,0,252,478997.6,6202316.0,24.9,34.4,0.0,0.0,1297.641,250.1045,1202.518,175.8189,1055.764,225.7218,825.1703,309.4487,472.0720,379.5611,358.1518,94.20283
1,0,253,478997.6,6202341.0,25.1,34.4,0.0,0.0,1293.417,248.4302,1198.929,175.1129,1052.566,225.0527,822.5883,308.5542,470.5406,378.3597,356.0767,93.44511
1,0,254,478997.6,6202366.0,25.4,34.4,0.0,0.0,1286.078,242.8698,1193.827,173.0456,1048.293,223.7951,819.2214,307.2557,468.6089,376.7530,354.5440,92.85715
1,0,255,478997.6,6202391.0,25.7,34.4,0.0,0.0,1279.122,233.7039,1190.476,169.9813,1045.832,222.5297,817.3384,306.4153,467.5021,375.8615,354.1607,92.73315
1,0,256,478997.6,6202416.0,26.0,34.4,0.0,0.0,1275.156,222.1100,1190.350,166.7946,1046.102,221.7470,817.5541,306.3778,467.5396,376.0594,354.0412,92.33563
1,0,257,478997.6,6202441.0,26.3,34.4,0.0,0.0,1270.319,211.3645,1189.355,163.5218,1045.794,220.7686,817.3812,306.1130,467.4033,376.2206,353.4044,91.93963
1,0,258,478997.6,6202466.0,26.7,34.4,0.0,0.0,1264.653,202.6555,1186.811,160.6809,1044.014,219.7523,815.9548,305.5724,466.2110,376.1019,352.7422,91.80611
1,0,259,478997.6,6202491.0,27.0,34.4,0.0,0.0,1260.496,194.1590,1184.931,158.4483,1042.314,219.4077,813.9644,305.7678,463.3711,376.1449,352.2902,91.47919
1,0,260,478997.6,6202516.0,27.4,34.4,0.0,0.0,1255.953,187.6303,1181.582,157.2567,1038.117,220.5603,807.8751,306.6410,456.6789,374.3324,352.5429,91.29153
1,0,261,478997.6,6202541.0,27.7,34.4,0.0,0.0,1252.242,185.4593,1176.240,159.0088,1028.746,224.4107,795.0676,306.7357,446.6197,369.2668,351.4973,92.21152
1,0,262,478997.6,6202566.0,28.0,34.4,0.0,0.0,1253.947,186.5386,1174.113,163.6303,1019.776,229.7988,782.8569,306.6320,437.3269,364.7335,343.4879,94.54964
1,0,263,478997.6,6202591.0,28.2,34.4,0.0,0.0,1254.738,192.1317,1169.856,169.0795,1008.796,235.9567,767.6558,306.9178,425.3699,358.7391,336.8984,96.35092
1,0,264,478997.6,6202616.0,28.6,34.4,0.0,0.0,1254.402,201.1340,1164.357,174.8307,996.6736,242.1668,751.5164,307.2370,412.3429,352.3433,335.3487,97.13301
1,0,265,478997.6,6202641.0,28.9,34.4,0.0,0.0,1254.759,207.6111,1159.830,180.3422,985.8047,246.4058,739.6597,306.3372,402.7686,348.2069,327.7120,98.14646
1,0,266,478997.6,6202666.0,29.2,34.4,0.0,0.0,1256.598,215.3503,1156.291,186.2121,975.4434,251.3787,727.6290,305.5739,393.7184,343.7984,322.2209,98.93272
1,0,267,478997.6,6202691.0,29.6,34.4,0.0,0.0,1256.682,221.3929,1152.706,191.0190,965.1429,256.2197,715.5806,304.9090,384.6919,339.0841,320.6671,99.49152
1,0,268,478997.6,6202716.0,30.0,34.4,0.0,0.0,1258.083,224.3127,1150.258,196.1456,955.2150,260.2459,705.4699,303.6251,377.4365,335.1442,314.0245,99.46330
1,0,269,478997.6,6202741.0,30.6,34.4,0.0,0.0,1255.837,224.8744,1143.764,201.8260,938.9825,264.1824,690.7055,299.7938,369.3330,328.6588,306.3754,98.79581
1,0,270,478997.6,6202766.0,31.3,34.4,0.0,0.0,1248.274,225.3159,1132.196,207.6780,917.6874,266.6129,672.8802,294.0527,360.3670,320.4062,297.1255,97.56792
1,0,271,478997.6,6202791.0,32.3,34.4,0.0,0.0,1237.782,226.1680,1116.408,214.5368,892.0555,267.3882,653.1055,286.3455,351.2703,311.1479,286.4837,96.04201
1,0,272,478997.6,6202816.0,33.4,34.4,0.0,0.0,1222.336,225.0499,1095.766,220.6974,863.0580,266.0697,631.6199,277.0162,341.8302,301.1224,277.2183,94.15617
1,0,273,478997.6,6202841.0,34.6,34.4,0.0,0.0,1204.885,221.1337,1074.390,224.7674,836.5970,263.1693,612.2509,268.6144,332.6668,292.1018,268.5560,92.09156
1,0,274,478997.6,6202866.0,35.6,34.4,0.0,0.0,1191.919,217.6970,1057.668,228.7604,815.3580,261.5165,595.0939,262.8661,323.8262,283.9865,264.8130,91.41224
1,0,275,478997.6,6202891.0,36.4,34.4,0.0,0.0,1183.573,214.9027,1045.625,232.3294,799.8960,261.4702,580.0612,259.1455,316.4909,276.8440,263.0522,91.72990
1,0,276,478997.6,6202916.0,37.0,34.4,0.0,0.0,1177.374,214.7349,1035.469,235.2760,788.2068,261.1176,568.9371,255.8122,311.7608,271.5541,259.9248,93.59168
1,0,277,478997.6,6202941.0,37.1,34.4,0.0,0.0,1175.558,217.7004,1030.163,238.2731,781.3156,261.2882,562.8389,253.7765,309.0811,268.7538,259.8245,96.38879
1,0,278,478997.6,6202966.0,36.9,34.4,0.0,0.0,1182.232,224.1431,1033.912,241.3940,783.4299,262.1244,565.6135,255.0057,309.2181,270.2914,264.4359,98.33868
1,0,279,478997.6,6202991.0,36.2,34.4,0.0,0.0,1201.238,236.5776,1049.734,245.6249,796.7669,265.1259,577.8981,259.9723,313.4229,276.5538,273.1400,99.74122
1,0,280,478997.6,6203016.0,35.0,34.4,0.0,0.0,1233.484,256.3775,1077.240,251.7142,820.5772,270.9528,598.4585,267.7965,322.3460,287.0190,283.3610,102.3313
1,0,281,478997.6,6203041.0,33.7,34.4,0.0,0.0,1270.767,281.5370,1107.646,258.0987,848.1595,278.5372,620.2046,276.6260,332.5535,298.1409,290.4136,105.3553
1,0,282,478997.6,6203066.0,32.5,34.4,0.0,0.0,1308.984,313.0299,1134.012,265.7987,873.0771,286.7838,637.2499,285.4890,340.0351,306.9207,294.7668,106.7424
1,0,283,478997.6,6203091.0,31.7,34.4,0.0,0.0,1350.290,354.3158,1155.040,277.7808,891.8292,295.1589,648.9595,293.0166,344.4864,313.1524,297.0575,107.5766
1,0,284,478997.6,6203116.0,31.4,34.4,0.0,0.0,1382.115,392.6955,1166.292,289.7379,900.6145,301.0993,653.8911,297.0456,346.1643,316.0453,295.3920,107.7515
1,0,285,478997.6,6203141.0,31.5,34.4,0.0,0.0,1380.044,399.2530,1159.843,292.5293,893.2310,300.3717,648.5693,294.7733,343.9061,313.5917,288.5862,105.2364
1,0,286,478997.6,6203166.0,32.3,34.4,0.0,0.0,1337.113,363.1852,1133.943,282.3635,869.6956,291.8446,632.5918,286.1823,336.9519,305.6355,277.6631,99.58549
1,0,287,478997.6,6203191.0,33.6,34.4,0.0,0.0,1275.961,316.1079,1094.540,268.2327,835.2238,279.5463,608.0331,274.0728,325.5251,293.4608,265.9974,93.77882
1,0,288,478997.6,6203216.0,35.0,34.4,0.0,0.0,1221.099,278.2525,1053.885,257.2338,799.4018,269.0818,579.9930,262.2668,311.9996,279.8762,256.6806,90.34176
1,0,289,478997.6,6203241.0,36.1,34.4,0.0,0.0,1183.903,256.1601,1021.975,252.3360,769.5916,262.0472,556.8788,252.2911,300.8599,269.0687,252.5733,91.35857
1,0,290,478997.6,6203266.0,36.7,34.4,0.0,0.0,1168.109,250.1631,1002.974,254.9422,749.4354,257.8180,543.1307,245.8431,293.6648,262.8105,255.0105,95.23547
1,0,291,478997.6,6203291.0,36.5,34.4,0.0,0.0,1174.460,257.5210,996.9979,263.5995,742.2082,254.2253,542.7345,244.4494,291.3536,262.7019,257.7746,96.45985
1,0,292,478997.6,6203316.0,35.5,34.4,0.0,0.0,1197.796,275.7955,1001.272,276.8724,744.2636,252.0084,551.7069,245.9369,293.2538,267.1674,260.0756,93.86377
1,0,293,478997.6,6203341.0,34.1,34.4,0.0,0.0,1228.746,301.5468,1012.815,291.8246,751.4485,252.2878,564.8367,248.8460,297.2701,273.9021,262.3315,91.63380
1,0,294,478997.6,6203366.0,32.8,34.4,0.0,0.0,1255.148,326.3020,1027.328,302.9911,760.4982,255.4466,576.2827,252.6263,300.3269,280.1115,262.6765,92.45497
1,0,295,478997.6,6203391.0,31.8,34.4,0.0,0.0,1273.989,342.7993,1042.725,309.0264,769.2737,261.2514,582.7651,257.1601,300.6821,284.1166,263.6362,93.36842
1,0,296,478997.6,6203416.0,31.0,34.4,0.0,0.0,1279.580,345.5060,1052.720,308.5854,775.2384,265.2524,585.8699,260.6808,299.5208,286.3959,265.4840,94.73482
1,0,297,478997.6,6203441.0,30.5,34.4,0.0,0.0,1279.381,343.9250,1056.933,306.2484,778.5038,267.0552,587.2283,262.8149,298.0742,287.7174,263.9308,93.68735
1,0,298,478997.6,6203466.0,30.4,34.4,0.0,0.0,1272.439,339.8281,1051.261,304.0787,774.9609,265.0457,585.1075,262.0201,295.8360,287.0455,259.7869,90.99500
1,0,299,478997.6,6203491.0,30.5,34.4,0.0,0.0,1258.798,336.2752,1036.677,302.4380,764.6901,260.1270,579.1705,258.4351,292.5178,284.2740,255.7363,89.21012
1,0,300,478997.6,6203516.0,30.8,34.4,0.0,0.0,1249.961,334.9005,1025.916,301.4859,757.0997,257.0227,574.2816,255.9426,289.6188,282.0799,250.8785,86.26168
1,0,301,478997.6,6203541.0,31.2,34.4,0.0,0.0,1244.673,336.0704,1019.160,302.2144,750.9941,255.3484,570.2193,254.1637,287.1942,280.2990,250.2993,86.17738
1,0,302,478997.6,6203566.0,31.6,34.4,0.0,0.0,1244.692,338.4327,1018.043,303.9254,748.5746,255.5978,568.3661,253.7984,285.7392,279.6525,252.0118,87.64314
1,0,303,478997.6,6203591.0,31.9,34.4,0.0,0.0,1247.657,340.4395,1019.532,304.6071,749.9272,256.1773,569.3250,254.6079,285.5135,280.3539,250.8475,86.73549
1,0,304,478997.6,6203616.0,32.2,34.4,0.0,0.0,1251.151,342.1280,1021.577,305.9300,751.1870,256.7056,570.4753,255.3580,285.4972,281.1159,250.5926,86.47803
1,0,305,478997.6,6203641.0,32.5,34.4,0.0,0.0,1250.829,342.2030,1021.008,306.5627,749.9318,256.6617,569.7121,255.2223,284.6340,280.8928,251.0823,86.86668
1,0,306,478997.6,6203666.0,33.0,34.4,0.0,0.0,1247.593,342.1132,1017.024,306.5822,746.6229,255.6461,567.5365,254.4177,283.0233,279.8767,250.1478,86.37759
1,0,307,478997.6,6203691.0,33.4,34.4,0.0,0.0,1243.743,344.1402,1009.077,307.8697,740.7435,253.0598,564.3802,252.5096,281.2711,278.2914,249.1556,86.00793
1,0,308,478997.6,6203716.0,33.8,34.4,0.0,0.0,1242.854,347.3964,1002.717,309.8143,736.5679,250.7622,562.6265,250.9818,280.3886,277.4976,247.9418,85.25012
1,0,309,478997.6,6203741.0,34.1,34.4,0.0,0.0,1246.124,350.3883,1002.126,311.7647,736.3264,250.3467,563.1592,251.0287,280.2838,277.9938,246.4448,83.87921
1,0,310,478997.6,6203766.0,34.4,34.4,0.0,0.0,1248.738,352.0788,1002.248,314.2039,735.1363,250.2796,562.8826,251.0863,279.5044,278.1493,247.5633,84.70670
1,0,311,478997.6,6203791.0,34.7,34.4,0.0,0.0,1248.548,353.3593,998.8216,316.1076,731.8252,249.1725,561.1464,250.4107,277.8774,277.7258,248.0001,85.42114
1,0,312,478997.6,6203816.0,35.1,34.4,0.0,0.0,1250.669,359.9250,991.9337,319.3924,727.3693,247.1814,558.9656,249.2495,275.6452,277.3363,244.8877,83.27127
1,0,313,478997.6,6203841.0,35.5,34.4,0.0,0.0,1255.398,373.8017,981.4300,326.2397,719.6703,244.6222,554.4725,247.9988,270.9799,275.7503,242.3245,81.90094
1,0,314,478997.6,6203866.0,36.0,34.4,0.0,0.0,1256.044,386.5199,968.1683,332.1597,709.8773,242.2195,546.1450,247.9579,262.7023,271.9363,240.8584,82.14718
1,0,315,478997.6,6203891.0,36.4,34.4,0.0,0.0,1258.223,399.3450,954.9529,337.7613,700.2225,241.3197,534.9881,248.8774,252.7003,266.7256,238.3614,81.68071
1,0,316,478997.6,6203916.0,36.8,34.4,0.0,0.0,1251.589,402.8885,941.2594,337.7041,692.1794,239.6141,524.5468,250.1836,242.7928,261.6889,234.1546,82.95921
1,0,317,478997.6,6203941.0,37.1,34.4,0.0,0.0,1246.042,403.6537,931.5212,337.5570,685.8580,240.5567,511.5079,253.8347,231.1355,255.0649,231.0516,83.63352
1,0,318,478997.6,6203966.0,37.5,34.4,0.0,0.0,1232.352,394.8409,921.1591,333.8417,678.0317,242.2539,495.0154,256.9120,218.6632,246.7333,228.7642,83.80558
1,0,319,478997.6,6203991.0,37.9,34.4,0.0,0.0,1213.183,384.8008,908.2806,327.9173,668.1614,242.2710,480.7130,256.5977,208.8741,239.7932,222.6946,86.20399
1,0,320,478997.6,6204016.0,38.4,34.4,0.0,0.0,1194.096,376.7911,893.6111,322.5951,656.6077,241.7562,466.3668,254.3322,200.6400,233.0262,218.0894,87.85522
1,0,321,478997.6,6204041.0,38.8,34.4,0.0,0.0,1179.749,372.2867,881.8704,318.6927,648.0944,240.9023,455.6047,253.1690,194.1817,227.8628,217.4144,88.14277
1,0,322,478997.6,6204066.0,38.8,34.4,0.0,0.0,1176.102,372.7551,877.5237,317.6993,645.9095,239.7304,453.6695,253.3739,191.6521,227.0010,218.1632,89.26530
1,0,323,478997.6,6204091.0,38.5,34.4,0.0,0.0,1186.173,376.9442,883.3114,320.6529,650.8952,240.3839,458.8780,255.2863,192.8601,229.8813,221.8987,91.03188
1,0,324,478997.6,6204116.0,37.9,34.4,0.0,0.0,1205.993,386.2021,895.6851,326.6499,660.9323,242.3263,468.0551,259.2019,196.1422,234.6635,226.8259,91.57695
1,0,325,478997.6,6204141.0,37.2,34.4,0.0,0.0,1225.951,397.2035,908.5734,333.0811,671.1168,244.1978,477.6935,263.0992,200.1762,239.4897,230.1721,91.34304
1,0,326,478997.6,6204166.0,36.6,34.4,0.0,0.0,1242.706,407.3258,918.5674,339.1744,677.9956,245.7097,485.3013,264.9963,204.4257,243.3398,231.2074,91.07228
1,0,327,478997.6,6204191.0,36.2,34.4,0.0,0.0,1254.094,413.2576,925.4041,343.5874,681.6640,246.9657,490.0691,264.9031,208.4414,246.0082,230.4521,90.61401
1,0,328,478997.6,6204216.0,36.0,34.4,0.0,0.0,1258.473,417.0617,927.6183,345.4099,682.7191,246.6693,493.6970,263.3993,211.7939,248.1176,228.5477,89.89130
1,0,329,478997.5,6204241.0,36.1,34.4,0.0,0.0,1266.047,423.6103,929.5255,348.7893,683.3461,246.3815,497.3885,262.7950,213.5945,249.9755,226.9928,87.76637
1,0,330,478997.5,6204266.0,36.4,34.4,0.0,0.0,1266.953,427.6573,928.5257,350.4955,681.9294,246.2151,496.9803,262.7882,212.7328,249.5354,228.0529,85.73672
1,0,331,478997.5,6204291.0,36.9,34.4,0.0,0.0,1261.281,427.8642,923.5632,349.9677,677.5629,245.8296,492.6185,261.5260,210.9491,247.2036,228.4480,85.81696
1,0,332,478997.5,6204316.0,37.4,34.4,0.0,0.0,1251.283,419.6385,918.4095,346.3663,672.2094,246.2915,486.0658,258.8091,209.6788,244.1460,224.7595,86.25133
1,0,333,478997.5,6204341.0,37.9,34.4,0.0,0.0,1240.996,413.8889,913.1130,342.9283,667.1193,247.1137,478.7808,256.5186,207.9948,240.6984,220.8087,87.47378
1,0,334,478997.5,6204366.0,38.3,34.4,0.0,0.0,1245.864,420.1732,912.8563,346.6439,664.7322,249.3707,474.2306,256.9187,205.7189,238.2887,220.0049,88.86180
1,0,335,478997.5,6204391.0,38.7,34.4,0.0,0.0,1254.302,429.7223,914.6438,351.8826,664.0430,251.5309,472.1629,258.2082,203.6766,237.0191,222.4503,89.63860
1,0,336,478997.5,6204416.0,38.8,34.4,0.0,0.0,1266.237,440.9711,918.5997,357.3913,666.1176,252.8139,474.5924,259.6058,203.8367,238.0715,225.3131,90.61261
1,0,337,478997.5,6204441.0,38.8,34.4,0.0,0.0,1278.665,445.7659,926.6667,361.1199,671.5882,254.5168,479.7524,261.3629,206.1844,240.6513,227.5360,91.40553
1,0,338,478997.5,6204466.0,38.5,34.4,0.0,0.0,1289.594,446.9153,937.1385,363.5728,678.7377,256.9847,484.9993,263.6635,209.3860,243.2847,229.6177,91.96726
1,0,339,478997.5,6204491.0,38.3,34.4,0.0,0.0,1300.565,448.0175,946.8935,366.7418,684.2344,259.4673,489.4530,264.9623,212.9162,245.5569,230.7347,92.47029
1,0,340,478997.5,6204516.0,38.1,34.4,0.0,0.0,1317.093,455.6854,956.3146,373.2414,688.1135,262.2086,494.2278,265.0309,216.9275,248.1927,231.1126,92.88774
1,0,341,478997.5,6204541.0,38.0,34.4,0.0,0.0,1335.423,470.5591,962.6505,381.2185,690.8940,263.3934,500.1837,264.5823,220.9899,251.3791,231.7820,93.50221
1,0,342,478997.5,6204566.0,38.0,34.4,0.0,0.0,1348.753,482.3859,965.8286,387.0673,692.8652,263.1482,505.5619,263.9360,224.4012,254.2854,233.9814,92.34895
1,0,343,478997.5,6204591.0,38.0,34.4,0.0,0.0,1341.396,475.3604,963.6128,382.5565,694.2975,259.2401,511.4145,262.3365,227.7055,257.3199,234.8258,90.13548
1,0,344,478997.5,6204616.0,38.1,34.4,0.0,0.0,1322.950,458.7903,958.1997,373.0583,694.2067,254.6508,514.3422,260.5838,229.3097,258.8072,233.3291,87.72879
1,0,345,478997.5,6204641.0,38.3,34.4,0.0,0.0,1299.075,443.0196,948.5467,362.7313,690.8761,250.8387,510.5226,259.6761,227.0342,256.6508,231.6309,86.06831
1,0,346,478997.5,6204666.0,38.8,34.4,0.0,0.0,1273.425,429.2123,935.1171,352.9167,683.9623,247.9366,501.0505,258.7043,221.6434,251.5931,229.2758,86.11485
1,0,347,478997.5,6204691.0,39.3,34.4,0.0,0.0,1248.509,413.1526,921.1249,343.2393,675.2316,246.2231,488.8849,257.2892,214.7864,245.3790,224.5651,85.83953
1,0,348,478997.5,6204716.0,39.9,34.4,0.0,0.0,1219.948,396.4366,904.0532,332.8444,663.6108,244.8365,473.4523,254.8164,206.4854,237.7188,220.1153,86.06647
1,0,349,478997.5,6204741.0,40.5,34.4,0.0,0.0,1196.391,384.2915,888.5189,325.0999,651.1316,244.9342,457.6364,252.0881,197.7682,230.0062,215.5306,86.35503
1,0,350,478997.5,6204766.0,41.1,34.4,0.0,0.0,1174.188,372.5311,874.5536,318.1100,638.1929,245.5096,442.8652,248.8100,189.5713,222.8274,209.7831,86.77248
1,0,351,478997.5,6204791.0,41.6,34.4,0.0,0.0,1157.549,363.5208,864.0341,314.0702,625.7928,247.5183,428.2796,245.7657,182.1700,215.8388,205.8291,87.91692
1,0,352,478997.5,6204816.0,41.9,34.4,0.0,0.0,1149.060,357.7670,859.6093,313.3204,616.7370,250.8726,416.6120,243.4434,177.0220,210.5159,203.9403,90.04339
1,0,353,478997.5,6204841.0,41.8,34.4,0.0,0.0,1154.471,360.3808,863.5018,316.6255,616.0029,254.1415,414.2328,243.7087,175.6586,209.7167,202.4528,93.76315
1,0,354,478997.5,6204866.0,41.3,34.4,0.0,0.0,1173.699,371.3846,874.6939,323.4431,623.7791,258.0274,418.5922,247.8384,176.3381,212.0008,204.4117,96.29084
1,0,355,478997.5,6204891.0,40.6,34.4,0.0,0.0,1203.949,390.7798,890.7463,334.0349,636.0911,263.2151,425.6439,254.5505,177.7031,215.3992,211.9303,95.82862
1,0,356,478997.5,6204916.0,39.9,34.4,0.0,0.0,1239.650,416.6308,907.6426,347.1197,650.3808,266.6458,437.3744,261.5595,181.0635,220.8332,216.0350,95.87086
1,0,357,478997.5,6204941.0,39.4,34.4,0.0,0.0,1271.315,441.5882,921.4783,360.5951,659.6514,269.9981,446.4783,264.8955,185.4225,225.1927,217.3684,97.56848
1,0,358,478997.5,6204966.0,39.2,34.4,0.0,0.0,1291.761,455.8350,931.0200,369.5307,664.1602,273.5184,450.1502,265.5228,189.3767,226.9034,218.0453,97.21258
1,0,359,478997.5,6204991.0,39.2,34.4,0.0,0.0,1293.790,456.1693,932.7273,370.5585,663.5973,274.4830,450.1867,263.4301,193.0488,226.4859,215.9328,95.28115
1,0,360,478997.5,6205016.0,39.5,34.4,0.0,0.0,1285.216,451.2813,928.5310,368.1233,657.9346,274.6064,446.6305,257.6168,197.3029,224.5814,213.5180,94.02528
1,0,361,478997.5,6205041.0,39.9,34.4,0.0,0.0,1279.008,448.0923,925.5104,366.9024,650.9586,276.1409,443.5223,249.0935,203.3994,223.5388,210.0155,92.85735
1,0,362,478997.5,6205066.0,40.3,34.4,0.0,0.0,1272.486,446.8758,922.4153,366.3467,642.1956,278.0849,440.9277,239.2211,209.8727,222.8497,206.4038,92.64484
1,0,363,478997.5,6205091.0,40.8,34.4,0.0,0.0,1258.759,439.4572,916.2065,362.5814,632.8320,278.0150,437.0952,230.0851,215.3051,221.2989,201.5987,91.62678
1,0,364,478997.5,6205116.0,41.3,34.4,0.0,0.0,1240.138,424.7000,908.3765,355.9426,623.1506,276.5849,433.1317,220.5724,221.0321,219.7660,197.7450,89.35536
1,0,365,478997.5,6205141.0,41.8,34.4,0.0,0.0,1221.601,412.8898,899.6439,349.1349,614.9706,274.6046,428.7915,212.8359,225.5761,218.0482,196.9171,88.32397
1,0,366,478997.5,6205166.0,42.0,34.4,0.0,0.0,1214.275,409.5518,896.3865,346.6808,611.9244,274.0678,426.4193,210.5324,226.6032,217.0756,196.3225,88.46894
1,0,367,478997.5,6205191.0,42.0,34.4,0.0,0.0,1217.772,410.4869,899.3304,347.9763,613.5281,275.2198,426.9067,213.1421,223.6104,217.4423,197.4778,90.09378
1,0,368,478997.5,6205216.0,41.8,34.4,0.0,0.0,1229.259,413.3090,908.2054,351.1396,620.3662,278.2770,429.1960,220.5799,217.2776,218.7067,200.2261,92.13062
1,0,369,478997.5,6205241.0,41.4,34.4,0.0,0.0,1247.450,422.3496,919.7028,356.9455,630.1562,282.4054,431.3080,231.2140,209.0363,219.8485,203.4123,93.97227
1,0,370,478997.5,6205266.0,41.0,34.4,0.0,0.0,1264.567,435.3257,927.7040,363.6180,638.8505,285.2831,431.2712,242.3435,199.8567,219.8393,208.1743,98.21552
1,0,371,478997.5,6205291.0,40.6,34.4,0.0,0.0,1278.966,445.6631,934.0641,368.8107,647.0946,286.9644,431.3741,253.1659,190.9433,219.8377,212.1139,101.6601
1,0,372,478997.5,6205316.0,40.2,34.4,0.0,0.0,1285.859,447.2104,938.1951,369.5773,654.9952,286.8062,431.9815,263.3338,182.3941,220.0043,213.3557,101.4993
1,0,373,478997.5,6205341.0,39.8,34.4,0.0,0.0,1288.269,447.7980,939.6603,369.5451,660.2948,285.7868,432.0414,271.8212,174.2491,219.8742,215.6711,102.1080
1,0,374,478997.5,6205366.0,39.4,34.4,0.0,0.0,1294.000,450.3208,943.6015,371.3383,665.1218,286.6396,432.0427,279.0937,167.2832,219.9709,218.0202,103.5464
1,0,375,478997.5,6205391.0,39.2,34.4,0.0,0.0,1292.906,448.5051,944.7719,370.5488,667.0784,287.2960,429.7773,283.8071,161.2637,219.1525,217.2641,103.9541
1,0,376,478997.5,6205416.0,39.1,34.4,0.0,0.0,1277.904,437.7270,938.2510,364.5678,664.0219,285.5090,424.2660,285.2404,155.6678,216.6379,214.4962,104.2842
1,0,377,478997.5,6205441.0,39.3,34.4,0.0,0.0,1257.374,422.9916,926.9203,356.6208,657.3363,282.7600,415.9194,284.4581,150.2105,212.6301,211.4823,103.2100
1,0,378,478997.5,6205466.0,39.5,34.4,0.0,0.0,1237.827,413.4702,913.7819,349.7992,649.0569,279.9298,406.9530,282.5836,145.2357,208.1950,208.4029,101.6050
1,0,379,478997.5,6205491.0,39.8,34.4,0.0,0.0,1232.761,416.9871,906.6514,349.8670,643.2877,279.4117,400.6509,281.8413,141.4820,205.0275,205.5071,101.6183
1,0,380,478997.5,6205516.0,40.0,34.4,0.0,0.0,1240.524,427.1723,907.3488,355.3180,641.2134,281.8503,397.0241,282.5441,139.1014,203.2502,205.7298,103.9569
1,0,381,478997.5,6205541.0,40.1,34.4,0.0,0.0,1251.418,434.3928,913.1666,360.4811,643.0606,285.3361,396.1343,284.4315,138.2152,202.8214,207.3701,105.9048
1,0,382,478997.5,6205566.0,40.1,34.4,0.0,0.0,1257.389,433.7262,918.9043,361.6310,646.7267,287.1931,397.9160,286.0688,139.0402,203.5610,207.6572,105.7942
1,0,383,478997.5,6205591.0,40.1,34.4,0.0,0.0,1265.473,435.1431,924.1621,363.7402,650.0630,288.4383,401.1185,286.6557,141.4212,204.9432,207.2160,104.7278
1,0,384,478997.5,6205616.0,40.2,34.4,0.0,0.0,1274.484,442.6019,927.7558,367.4348,651.9374,289.4542,404.1698,285.7736,145.0421,206.2766,207.3197,104.2620
1,0,385,478997.5,6205641.0,40.5,34.4,0.0,0.0,1284.555,453.2025,930.1590,372.7759,650.7458,291.2574,405.8465,282.2801,149.9238,207.1329,207.7495,103.1355
1,0,386,478997.5,6205666.0,41.0,34.4,0.0,0.0,1286.694,455.9522,929.1744,374.8471,645.8614,291.5683,407.6598,275.2318,156.7119,208.1578,205.9611,101.2083
1,0,387,478997.5,6205691.0,41.5,34.4,0.0,0.0,1283.824,456.7661,925.9186,375.4322,637.9234,291.2139,409.7975,264.8003,165.5008,209.6038,202.3150,99.55352
1,0,388,478997.5,6205716.0,42.1,34.4,0.0,0.0,1277.250,454.9715,922.1248,374.6352,628.5445,290.8277,412.1252,252.2844,175.6593,211.3188,198.4162,97.19780
1,0,389,478997.5,6205741.0,42.7,34.4,0.0,0.0,1266.009,448.3598,916.5427,371.8620,618.1280,289.1063,414.2376,239.1991,186.2640,212.6534,195.1800,94.57568
1,0,390,478997.5,6205766.0,43.3,34.4,0.0,0.0,1257.034,441.4078,912.9262,370.0464,608.7562,288.1069,414.8145,227.2213,196.9389,213.0294,191.5670,90.76998
1,0,391,478997.5,6205791.0,43.9,34.4,0.0,0.0,1241.691,434.2083,905.7085,365.3126,600.8937,285.1227,414.6284,216.3594,207.4799,212.5367,187.7693,89.09299
1,0,392,478997.5,6205816.0,44.4,34.4,0.0,0.0,1229.888,426.6577,900.4820,361.3354,595.0812,283.6556,412.1788,208.9864,215.1322,210.2461,186.6079,88.26499
1,0,393,478997.5,6205841.0,44.9,34.4,0.0,0.0,1213.885,410.9314,896.9724,354.4206,590.9760,282.5772,408.7047,205.0315,219.1241,206.8008,188.2785,87.53894
1,0,394,478997.5,6205866.0,45.1,34.4,0.0,0.0,1201.943,397.9483,894.7511,348.5820,590.4505,280.7206,408.1959,203.4485,221.9416,204.8682,188.5256,88.33985
1,0,395,478997.5,6205891.0,45.2,34.4,0.0,0.0,1198.341,390.6413,895.5847,345.8482,592.4730,279.6307,409.8226,203.1786,224.4791,204.5090,187.5941,88.42590
1,0,396,478997.5,6205916.0,45.2,34.4,0.0,0.0,1202.363,392.5786,898.8239,345.6093,597.3580,280.0678,412.9138,204.3801,226.8000,205.3348,189.3301,88.47757
1,0,397,478997.5,6205941.0,45.0,34.4,0.0,0.0,1213.940,401.9734,904.0054,348.4048,604.9547,281.2925,417.8158,206.7601,229.5386,207.3485,194.1487,90.31750
1,0,398,478997.5,6205966.0,44.6,34.4,0.0,0.0,1231.756,412.1324,913.5255,353.2071,614.9530,283.9028,424.1411,210.0165,233.0828,210.3009,198.4855,91.74857
1,0,399,478997.5,6205991.0,44.3,34.4,0.0,0.0,1248.375,420.5999,923.0740,357.7613,623.8443,286.4000,429.8303,212.8424,236.6086,212.9698,199.2673,91.48064
1,0,400,478997.5,6206016.0,44.2,34.4,0.0,0.0,1266.598,431.8350,932.6033,364.4478,630.2827,289.6624,433.7272,215.1049,239.2948,214.7926,199.1877,92.01211
1,0,401,478997.5,6206041.0,44.1,34.4,0.0,0.0,1292.544,449.9214,944.0975,375.4099,636.0377,294.7910,436.5957,217.6601,241.1714,216.2552,200.5913,93.74220
1,0,402,478997.5,6206066.0,44.1,34.4,0.0,0.0,1308.453,461.8124,951.9834,381.8504,640.6558,298.3437,438.7019,219.6543,242.4460,217.3187,202.7870,96.14596
1,0,403,478997.5,6206091.0,44.2,34.4,0.0,0.0,1319.079,465.8954,957.7122,385.3577,643.9728,300.8687,439.9588,221.0797,243.2096,217.9961,202.6617,95.04642
1,0,404,478997.5,6206116.0,44.6,34.4,0.0,0.0,1316.736,463.0905,955.6467,384.6989,641.7136,300.4995,438.2491,220.2297,242.6451,217.1079,200.3141,92.80744
1,0,405,478997.5,6206141.0,45.2,34.4,0.0,0.0,1308.160,465.2172,947.2988,383.7531,633.5516,299.1970,432.6223,217.5078,240.1093,214.2654,197.0176,92.38645
1,0,406,478997.5,6206166.0,45.9,34.4,0.0,0.0,1298.125,463.3446,940.5219,383.1018,622.1237,299.7815,423.6880,214.1625,235.7483,209.9635,192.0165,90.21527
1,0,407,478997.5,6206191.0,46.9,34.4,0.0,0.0,1274.633,449.2660,931.0870,377.5169,608.1969,298.9545,412.7297,210.0414,230.0009,204.5881,186.4881,89.23989
1,0,408,478997.5,6206216.0,47.9,34.4,0.0,0.0,1251.127,432.3247,923.9239,371.9370,594.7877,299.2542,400.9987,206.6905,223.5647,198.7754,182.9929,90.06800
1,0,409,478997.5,6206241.0,48.7,34.4,0.0,0.0,1241.613,424.2434,923.5814,371.1529,585.4710,302.5161,391.5428,204.8030,218.6496,194.2885,182.3003,91.15668
1,0,410,478997.5,6206266.0,49.1,34.4,0.0,0.0,1246.121,429.7349,927.1531,375.3018,582.2928,305.9904,388.0739,204.4059,216.8549,192.8769,182.9169,94.70676
1,0,411,478997.5,6206291.0,49.1,34.4,0.0,0.0,1268.526,445.3481,937.7866,385.5294,585.1650,311.5293,388.9622,206.5017,216.8615,193.6603,185.0201,97.42718
1,0,412,478997.5,6206316.0,48.7,34.4,0.0,0.0,1300.511,462.9614,952.2889,397.5868,592.7253,317.2081,394.4551,209.8791,219.0524,196.6831,189.1020,99.15857
1,0,413,478997.5,6206341.0,47.9,34.4,0.0,0.0,1329.240,482.1915,962.3489,407.2149,602.8845,319.5956,403.6483,212.9162,223.6204,201.4230,193.1260,102.3899
1,0,414,478997.5,6206366.0,47.1,34.4,0.0,0.0,1348.850,493.6232,967.7812,412.0284,612.2801,319.8519,411.8819,215.4389,227.9933,205.4881,194.8907,101.2128
1,0,415,478997.5,6206391.0,46.5,34.4,0.0,0.0,1350.436,492.9262,964.8306,410.4266,615.7462,316.8269,416.1595,215.9178,230.2701,207.2835,194.5924,96.69592
1,0,416,478997.5,6206416.0,46.2,34.4,0.0,0.0,1330.922,486.4737,951.9760,403.4712,611.4169,310.0203,415.9223,213.4445,230.3801,206.6803,193.0648,95.89639
1,0,417,478997.5,6206441.0,46.2,34.4,0.0,0.0,1302.094,468.1472,938.6692,392.8491,604.1899,303.3426,412.8903,210.0301,229.0645,204.8390,188.8824,93.55000
1,0,418,478997.5,6206466.0,46.4,34.4,0.0,0.0,1262.216,436.8144,924.4321,376.7055,595.1451,296.5804,407.7048,206.0430,226.5112,201.9832,184.7495,89.33017
1,0,419,478997.5,6206491.0,46.8,34.4,0.0,0.0,1224.476,409.2658,911.1477,362.1190,585.6270,290.8683,401.7049,202.2473,223.3343,198.8000,182.8300,87.74084
1,0,420,478997.5,6206516.0,47.2,34.4,0.0,0.0,1202.678,391.0817,903.8837,354.2529,578.9948,288.0117,396.9851,200.0295,220.5311,196.3966,181.1145,87.31895
1,0,421,478997.5,6206541.0,47.6,34.4,0.0,0.0,1189.992,379.9123,900.2077,350.0654,574.5156,286.9697,393.0623,198.9420,218.1420,194.3880,179.9519,87.25959
1,0,422,478997.5,6206566.0,47.9,34.4,0.0,0.0,1187.967,380.0340,899.5620,349.8801,572.9691,287.6440,390.8424,198.8871,216.8964,193.2936,180.4299,88.07974
1,0,423,478997.5,6206591.0,47.9,34.4,0.0,0.0,1198.837,389.6863,904.5114,354.1472,575.9904,290.3186,392.2098,200.1999,217.5552,194.1309,182.6148,90.04027
1,0,424,478997.5,6206616.0,47.7,34.4,0.0,0.0,1216.440,402.5995,913.5142,360.4812,582.0413,294.2116,395.6519,202.7311,219.1010,196.0173,185.4783,91.78232
1,0,425,478997.5,6206641.0,47.4,34.4,0.0,0.0,1233.064,413.3629,921.3912,366.4117,587.4211,297.0631,399.5800,204.7278,221.0283,198.0764,186.7939,91.99814
1,0,426,478997.5,6206666.0,47.2,34.4,0.0,0.0,1242.908,421.7674,923.6661,370.6781,589.1050,297.4822,402.0770,204.7548,222.9275,199.3520,186.1597,91.60749
1,0,427,478997.5,6206691.0,47.2,34.4,0.0,0.0,1243.989,426.5963,921.0781,371.9160,588.2659,296.0042,402.7319,203.8214,224.1253,199.5705,184.8081,91.10011
1,0,428,478997.5,6206716.0,47.2,34.4,0.0,0.0,1241.003,426.4267,916.5836,371.0011,586.8669,293.7083,402.6212,202.9195,224.4803,199.3344,183.1817,89.55631
1,0,429,478997.5,6206741.0,47.4,34.4,0.0,0.0,1231.858,420.4693,910.1672,366.8145,585.3254,290.6948,401.8265,202.1794,223.8733,198.7055,182.5993,88.24554
1,0,430,478997.5,6206766.0,47.6,34.4,0.0,0.0,1222.010,416.8829,902.9400,362.7713,583.1379,288.0018,399.8896,201.5808,222.4849,197.4716,183.7862,88.10284
1,0,431,478997.5,6206791.0,47.9,34.4,0.0,0.0,1215.370,415.2992,897.0693,359.9055,581.9657,285.7906,398.5430,201.1460,221.8237,196.5911,185.2855,88.65789
1,0,432,478997.5,6206816.0,47.9,34.4,0.0,0.0,1218.906,417.8988,897.3669,360.5881,584.7213,285.2076,400.5944,201.7228,223.1717,197.5462,186.5161,89.84872
1,0,433,478997.5,6206841.0,47.7,34.4,0.0,0.0,1237.112,429.1006,905.9337,366.2728,592.7704,287.8642,405.7008,204.6825,225.6800,200.1136,189.0506,91.11558
1,0,434,478997.5,6206866.0,47.2,34.4,0.0,0.0,1259.721,444.1084,917.9359,373.1933,603.4728,291.7649,412.7298,208.5600,229.0443,203.6710,193.8004,93.42368
1,0,435,478997.5,6206891.0,46.7,34.4,0.0,0.0,1278.970,454.1654,929.7754,377.8846,615.0229,294.9913,420.6152,212.0750,233.3407,207.7148,198.2651,95.51214
1,0,436,478997.5,6206916.0,46.2,34.4,0.0,0.0,1288.244,452.3941,939.5891,377.5765,626.2082,296.5200,427.9516,215.2419,237.5652,211.3612,199.9954,95.34457
1,0,437,478997.5,6206941.0,45.8,34.4,0.0,0.0,1291.996,449.7572,946.8661,375.7180,635.5191,297.1739,434.0742,217.9062,241.0134,214.2753,202.1458,95.87415
1,0,438,478997.5,6206966.0,45.4,34.4,0.0,0.0,1298.901,449.6292,955.8604,375.5777,644.5413,299.2315,439.4040,220.8591,243.7563,216.8875,204.8246,96.43705
1,0,439,478997.5,6206991.0,45.3,34.4,0.0,0.0,1301.934,447.5053,961.7306,374.7169,650.5624,300.3892,442.8732,222.8478,245.4726,218.5468,205.8425,96.24430
1,0,440,478997.5,6207016.0,45.3,34.4,0.0,0.0,1297.291,443.6647,961.1115,372.5276,650.8439,299.7123,442.9729,222.7563,245.7320,218.4261,205.3402,95.97713
1,0,441,478997.5,6207041.0,45.6,34.4,0.0,0.0,1283.479,437.6039,952.5263,367.8090,645.8331,296.2695,440.2772,220.5523,244.8288,216.7673,203.3466,95.08681
1,0,442,478997.5,6207066.0,46.0,34.4,0.0,0.0,1263.720,426.2574,940.5401,360.2827,639.4598,291.2444,436.8981,217.7412,243.4903,214.6891,200.1726,93.03073
1,0,443,478997.5,6207091.0,46.4,34.4,0.0,0.0,1245.960,413.7880,930.4828,353.4643,633.3484,287.2359,433.3970,215.1475,242.0650,212.6215,198.3784,90.82339
1,0,444,478997.5,6207116.0,46.8,34.4,0.0,0.0,1232.004,404.9243,922.6014,348.5463,628.2580,284.2717,430.2641,213.0702,240.8049,210.8527,197.6431,90.15250
1,0,445,478997.4,6207141.0,47.2,34.4,0.0,0.0,1224.663,402.0998,917.9258,346.6671,624.5548,282.8829,427.6957,211.6634,239.8519,209.5196,196.8757,90.30141
1,0,446,478997.4,6207166.0,47.5,34.4,0.0,0.0,1221.264,401.6479,915.2419,346.2091,621.8492,282.4889,425.5509,210.7309,239.0462,208.4589,197.1193,90.67185
1,0,447,478997.4,6207191.0,47.7,34.4,0.0,0.0,1219.569,401.2804,914.1046,345.8169,620.8603,282.3354,424.6645,210.4057,238.6887,208.0054,198.0157,91.31360
1,0,448,478997.4,6207216.0,47.7,34.4,0.0,0.0,1222.511,401.2726,917.5245,346.1313,623.4936,283.3575,426.2613,211.3773,239.4170,208.7986,199.3273,92.19890
1,0,449,478997.4,6207241.0,47.5,34.4,0.0,0.0,1224.697,397.2292,923.1704,344.9844,628.1226,284.7714,429.0603,213.0156,240.6374,210.1713,200.4121,92.82825
1,0,450,478997.4,6207266.0,47.3,34.4,0.0,0.0,1220.583,386.5662,926.5950,341.0245,631.0522,285.3649,430.5530,213.9887,241.1485,210.8555,200.8072,92.60043
1,0,451,478997.4,6207291.0,47.2,34.4,0.0,0.0,1212.439,374.1229,927.2675,336.1456,631.3307,285.2868,430.2498,214.0764,240.6977,210.6461,200.7311,92.31324
1,0,452,478997.4,6207316.0,47.2,34.4,0.0,0.0,1205.465,366.9669,926.2159,332.9606,629.9885,285.0258,428.9512,213.6840,239.7605,210.0029,199.7196,92.24178
1,0,453,478997.4,6207341.0,47.2,34.4,0.0,0.0,1202.674,367.2260,924.3412,332.7761,627.6040,284.8840,427.2126,212.9765,238.7959,209.1991,199.0218,92.51375
1,0,454,478997.4,6207366.0,47.2,34.4,0.0,0.0,1200.449,368.9369,921.5648,332.7192,625.7095,284.0786,426.1440,212.3306,238.2049,208.6962,199.1106,93.03043
1,0,455,478997.4,6207391.0,47.0,34.4,0.0,0.0,1201.000,368.8988,921.6332,332.4152,626.7908,283.7908,426.9478,212.7056,238.4088,209.1264,199.3668,92.65633
1,0,456,478997.4,6207416.0,46.8,34.4,0.0,0.0,1204.966,368.5263,924.0579,333.1646,629.2436,284.0822,428.9189,213.5086,239.2967,210.1198,201.3658,92.95564
1,0,457,478997.4,6207441.0,46.5,34.4,0.0,0.0,1217.831,376.7025,929.7050,338.1642,633.1187,285.9458,431.8360,214.9816,240.7640,211.6484,203.1109,93.63075
1,0,458,478997.4,6207466.0,46.2,34.4,0.0,0.0,1235.338,394.7167,934.7226,346.4414,635.7563,288.3606,433.9102,216.2011,241.9240,212.7857,201.9958,93.16914
1,0,459,478997.4,6207491.0,46.1,34.4,0.0,0.0,1250.303,414.5179,936.6371,354.9428,635.6047,290.1052,434.2787,216.4703,242.2986,213.0369,200.9916,93.74227
1,0,460,478997.4,6207516.0,46.1,34.4,0.0,0.0,1261.796,424.9694,939.4804,360.8692,635.6685,292.0561,434.2435,216.8506,242.3004,213.1245,200.4790,93.83627
1,0,461,478997.4,6207541.0,46.2,34.4,0.0,0.0,1271.038,429.4606,942.6376,365.0693,635.5207,294.1936,433.5783,217.2193,241.8738,212.9530,199.3717,92.48513
1,0,462,478997.4,6207566.0,46.5,34.4,0.0,0.0,1276.429,437.5218,942.1334,369.0300,632.8439,295.4125,431.3770,216.6970,240.7203,212.0108,197.9808,92.54533
1,0,463,478997.4,6207591.0,46.9,34.4,0.0,0.0,1281.665,447.8467,940.8518,373.6747,628.7117,296.9952,427.7565,215.8808,238.7748,210.4283,195.6506,92.47446
1,0,464,478997.4,6207616.0,47.5,34.4,0.0,0.0,1275.581,447.0880,935.8092,373.4883,622.2720,296.6663,422.8206,213.9808,236.2052,208.0839,194.2415,92.53143
1,0,465,478997.4,6207641.0,48.0,34.4,0.0,0.0,1256.900,434.6039,927.7271,366.9703,615.9133,294.0932,418.2149,211.7301,233.7384,205.7410,193.8060,93.06799
1,0,466,478997.4,6207666.0,48.4,34.4,0.0,0.0,1237.651,417.9868,920.7501,358.6281,611.7387,291.1479,415.2278,210.0030,232.1472,204.1608,193.2025,91.96730
1,0,467,478997.4,6207691.0,48.5,34.4,0.0,0.0,1224.810,406.2080,917.0577,352.4532,610.5508,288.9889,414.6780,209.1871,231.8990,203.8133,194.0300,91.72987
1,0,468,478997.4,6207716.0,48.4,34.4,0.0,0.0,1224.158,403.9876,918.8371,351.2712,612.9518,288.8532,416.6772,209.8454,232.8350,204.8159,195.7336,92.93454
1,0,469,478997.4,6207741.0,48.1,34.4,0.0,0.0,1228.282,404.7403,922.3869,351.7766,616.7520,289.3344,419.6201,211.0171,234.2294,206.3349,197.2796,93.85802
1,0,470,478997.4,6207766.0,47.8,34.4,0.0,0.0,1232.108,405.3932,925.5200,351.9991,620.7017,289.6338,422.5928,212.1879,235.6327,207.8780,199.0268,94.31865
1,0,471,478997.4,6207791.0,47.3,34.4,0.0,0.0,1233.724,405.3621,927.0668,351.3339,624.0322,289.3894,425.0576,213.2217,236.6365,209.0843,200.3942,94.36948
1,0,472,478997.4,6207816.0,46.9,34.4,0.0,0.0,1233.557,404.1582,928.3110,350.1604,626.4792,289.1645,426.8549,213.9754,237.3752,209.9029,201.5378,94.56722
1,0,473,478997.4,6207841.0,46.4,34.4,0.0,0.0,1235.800,402.2800,933.0877,349.3114,631.0991,290.0474,429.7861,215.5022,238.7435,211.3378,202.3294,95.30228
1,0,474,478997.4,6207866.0,45.9,34.4,0.0,0.0,1241.678,400.7113,941.5410,349.1333,638.3340,292.1628,434.0192,218.0534,240.7138,213.4962,203.5498,96.57967
1,0,475,478997.4,6207891.0,45.3,34.4,0.0,0.0,1252.500,400.9732,954.8045,349.6573,649.1583,296.3901,439.4690,222.1427,243.0252,216.4449,206.1801,97.65022
1,0,476,478997.4,6207916.0,44.8,34.4,0.0,0.0,1272.523,407.8281,972.7779,353.2823,663.5266,302.6501,446.3771,227.8696,245.6767,220.3304,209.9148,99.31475
1,0,477,478997.4,6207941.0,44.3,34.4,0.0,0.0,1307.945,426.8213,996.7374,363.7296,679.6946,312.4700,453.3312,234.9202,248.1690,224.4673,215.2433,102.3695
1,0,478,478997.4,6207966.0,43.9,34.4,0.0,0.0,1346.679,453.1939,1019.355,376.7669,693.4595,322.7725,458.7325,241.2017,250.2436,227.8020,221.4227,107.5557
1,0,479,478997.4,6207991.0,43.5,34.4,0.0,0.0,1384.090,477.4485,1039.453,389.4373,705.2788,331.8034,463.7167,246.5543,252.4609,230.7805,223.8833,110.8976
1,0,480,478997.4,6208016.0,43.3,34.4,0.0,0.0,1402.818,483.0163,1051.343,394.1544,712.7166,336.5800,467.0019,249.6700,254.1361,232.6067,222.2305,110.5031
1,0,481,478997.4,6208041.0,43.1,34.4,0.0,0.0,1419.175,485.3591,1060.343,398.9919,717.1812,340.7650,468.2176,251.9002,254.6674,233.4017,220.3492,109.1299
1,0,482,478997.4,6208066.0,43.2,34.4,0.0,0.0,1462.568,501.5509,1077.935,415.0257,723.6678,350.0915,469.1596,256.0265,254.5292,234.5209,219.8109,109.1217
1,0,483,478997.4,6208091.0,43.4,34.4,0.0,0.0,1507.654,528.6697,1092.331,432.4180,728.1642,359.2366,468.5935,259.6303,253.5276,235.0894,223.6461,115.9892
1,0,484,478997.4,6208116.0,43.7,34.4,0.0,0.0,1509.231,534.0259,1092.026,432.5254,727.7007,360.7568,466.1355,260.2121,251.6815,234.5368,227.7978,120.9808
1,0,485,478997.4,6208141.0,43.9,34.4,0.0,0.0,1446.472,494.1374,1075.733,404.0497,726.4875,351.4496,464.8985,258.6724,249.8351,234.2737,226.0926,115.9507
1,0,486,478997.4,6208166.0,43.9,34.4,0.0,0.0,1377.057,457.9755,1056.141,370.9041,728.6365,338.7999,467.9279,258.1918,248.4802,236.0465,226.0949,113.5622
1,0,487,478997.4,6208191.0,43.4,34.4,0.0,0.0,1328.602,418.8788,1051.736,342.2529,741.2839,330.3190,477.3938,263.5358,247.2348,240.7982,233.6112,117.6292
1,0,488,478997.4,6208216.0,42.6,34.4,0.0,0.0,1298.631,370.6229,1062.863,315.0407,765.6885,326.2805,492.1128,275.5930,246.1944,247.6051,245.9731,120.1081
1,0,489,478997.4,6208241.0,41.6,34.4,0.0,0.0,1273.196,328.9343,1073.120,290.4916,790.0242,320.7496,507.7972,288.0862,246.2303,254.2307,260.9247,122.4092
1,0,490,478997.4,6208266.0,40.4,34.4,0.0,0.0,1259.216,303.5692,1079.247,275.0786,807.8925,313.2585,522.5170,298.1645,247.5638,259.9016,270.3650,122.7697
1,0,491,478997.4,6208291.0,39.3,34.4,0.0,0.0,1250.830,289.8851,1079.141,267.4280,814.9865,304.1402,535.3353,302.4703,250.4810,264.6235,273.6581,120.4239
1,0,492,478997.4,6208316.0,38.0,34.4,0.0,0.0,1244.824,283.2815,1076.484,264.1956,815.3260,294.8173,549.3550,300.0898,257.0274,270.7212,277.1689,118.4917
1,0,493,478997.4,6208341.0,36.7,34.4,0.0,0.0,1244.162,279.0989,1077.882,261.9824,818.6323,286.0732,568.8871,295.8163,268.0933,280.1089,281.2500,115.4486
1,0,494,478997.4,6208366.0,35.1,34.4,0.0,0.0,1253.429,276.3416,1089.564,259.3132,832.1028,280.7863,593.6552,293.8378,283.6839,292.4698,286.7664,109.9800
1,0,495,478997.4,6208391.0,33.4,34.4,0.0,0.0,1270.280,275.4767,1111.256,255.0914,855.8282,279.4762,623.1359,293.3976,304.6640,307.5524,295.5383,108.2346
1,0,496,478997.4,6208416.0,31.8,34.4,0.0,0.0,1287.451,279.6359,1134.701,249.0959,884.2586,281.2917,649.3204,295.3605,325.4233,320.7244,305.1600,110.4575
1,0,497,478997.4,6208441.0,30.5,34.4,0.0,0.0,1297.858,284.4995,1150.991,241.3480,910.5469,282.1009,668.6562,300.5542,339.8235,329.1564,311.4441,110.7551
1,0,498,478997.4,6208466.0,29.6,34.4,0.0,0.0,1298.492,283.9294,1157.482,232.6049,930.1036,278.6439,683.2117,306.1800,348.7511,334.2156,313.8920,109.5299
1,0,499,478997.4,6208491.0,29.0,34.4,0.0,0.0,1291.544,274.1473,1158.816,221.3367,946.9703,272.1259,695.5872,311.0266,356.5859,338.7358,315.7946,107.3168
1,0,500,478997.4,6208516.0,28.5,34.4,0.0,0.0,1281.587,261.7527,1159.545,209.1996,962.2483,264.6660,710.1725,313.2859,365.2798,345.6151,326.3699,107.4521
1,0,501,478997.4,6208541.0,28.1,34.4,0.0,0.0,1279.119,251.0122,1166.517,198.4341,983.5629,256.7421,731.6117,320.2664,372.1993,355.7162,336.0894,106.4563
1,0,502,478997.4,6208566.0,27.6,34.4,0.0,0.0,1278.003,241.8750,1173.593,189.5564,1002.234,247.7859,755.1459,325.8288,380.0507,366.9310,343.0769,105.1701
1,0,503,478997.4,6208591.0,27.1,34.4,0.0,0.0,1280.575,235.9084,1183.174,182.3061,1022.177,239.3540,779.4362,330.8217,390.4603,378.9234,352.4369,104.4536
1,0,504,478997.4,6208616.0,26.5,34.4,0.0,0.0,1282.258,232.4158,1190.234,176.4118,1038.740,231.8000,797.7516,339.5482,394.0870,386.5545,363.0669,101.8644
1,0,505,478997.4,6208641.0,26.0,34.4,0.0,0.0,1284.122,231.7225,1196.148,172.3345,1051.455,225.6914,813.6599,348.2944,393.2558,392.5187,370.3398,100.6186
1,0,506,478997.4,6208666.0,25.4,34.4,0.0,0.0,1287.067,232.4699,1199.880,171.6611,1057.367,222.6114,822.7348,352.3787,392.0241,395.7025,369.0600,100.3982
1,0,507,478997.4,6208691.0,24.8,34.4,0.0,0.0,1289.146,236.1341,1201.045,172.4996,1059.243,221.9708,824.2272,355.5650,389.9636,394.1395,366.2966,100.3171
1,0,508,478997.4,6208716.0,24.2,34.4,0.0,0.0,1292.907,244.1054,1201.818,174.7787,1060.046,222.4629,823.2288,357.8321,391.4467,390.2625,358.9188,99.36423
1,0,509,478997.4,6208741.0,23.7,34.4,0.0,0.0,1288.689,250.1498,1196.036,175.9343,1054.151,222.7356,814.6404,354.5864,397.3564,385.0710,343.8611,95.21274
