Line,Location,RL,East,North,Res_ohmm,Log_Res, Conductivity_Ms_m,Log_Cond
11240,25.0,556.1,729521.25,7168044.50,7.75,0.89,129.00,2.11
11240,25.0,546.1,729521.25,7168044.50,7.32,0.86,136.60,2.14
11240,25.0,536.1,729521.25,7168044.50,6.03,0.78,165.73,2.22
11240,25.0,526.1,729521.25,7168044.50,4.34,0.64,230.26,2.36
11240,25.0,516.1,729521.25,7168044.50,2.96,0.47,338.27,2.53
11240,25.0,503.6,729521.25,7168044.50,1.90,0.28,526.18,2.72
11240,25.0,486.1,729521.25,7168044.50,2.60,0.42,384.20,2.58
11240,25.0,465.5,729521.25,7168044.50,8.65,0.94,115.55,2.06
11240,25.0,443.6,729521.25,7168044.50,30.28,1.48,33.02,1.52
11240,25.0,420.5,729521.25,7168044.50,83.01,1.92,12.05,1.08
11240,25.0,395.9,729521.25,7168044.50,175.54,2.24,5.70,0.76
11240,25.0,369.9,729521.25,7168044.50,300.62,2.48,3.33,0.52
11240,25.0,342.4,729521.25,7168044.50,439.51,2.64,2.28,0.36
11240,25.0,313.1,729521.25,7168044.50,572.73,2.76,1.75,0.24
11240,25.0,282.2,729521.25,7168044.50,687.53,2.84,1.45,0.16
11240,25.0,249.3,729521.25,7168044.50,778.88,2.89,1.28,0.11
11240,25.0,214.5,729521.25,7168044.50,847.46,2.93,1.18,0.07
11240,25.0,176.8,729521.25,7168044.50,898.83,2.95,1.11,0.05
11240,25.0,136.0,729521.25,7168044.50,934.07,2.97,1.07,0.03
11240,25.0,92.9,729521.25,7168044.50,957.51,2.98,1.04,0.02
11240,25.0,47.3,729521.25,7168044.50,972.36,2.99,1.03,0.01
11240,25.0,-1.0,729521.25,7168044.50,980.33,2.99,1.02,0.01
11240,75.0,556.0,729521.50,7168094.50,17.89,1.25,55.90,1.75
11240,75.0,546.0,729521.50,7168094.50,17.97,1.25,55.64,1.75
11240,75.0,536.0,729521.50,7168094.50,17.99,1.26,55.57,1.74
11240,75.0,526.0,729521.50,7168094.50,17.70,1.25,56.51,1.75
11240,75.0,516.0,729521.50,7168094.50,16.98,1.23,58.88,1.77
11240,75.0,503.5,729521.50,7168094.50,15.84,1.20,63.15,1.80
11240,75.0,486.0,729521.50,7168094.50,17.03,1.23,58.73,1.77
11240,75.0,465.4,729521.50,7168094.50,26.71,1.43,37.44,1.57
11240,75.0,443.6,729521.50,7168094.50,53.33,1.73,18.75,1.27
11240,75.0,420.4,729521.50,7168094.50,108.18,2.03,9.24,0.97
11240,75.0,395.9,729521.50,7168094.50,197.90,2.30,5.05,0.70
11240,75.0,369.9,729521.50,7168094.50,316.97,2.50,3.15,0.50
11240,75.0,342.3,729521.50,7168094.50,449.67,2.65,2.22,0.35
11240,75.0,313.1,729521.50,7168094.50,578.31,2.76,1.73,0.24
11240,75.0,282.1,729521.50,7168094.50,690.42,2.84,1.45,0.16
11240,75.0,249.3,729521.50,7168094.50,780.54,2.89,1.28,0.11
11240,75.0,214.5,729521.50,7168094.50,848.72,2.93,1.18,0.07
11240,75.0,176.7,729521.50,7168094.50,900.15,2.95,1.11,0.05
11240,75.0,136.0,729521.50,7168094.50,935.49,2.97,1.07,0.03
11240,75.0,92.8,729521.50,7168094.50,958.99,2.98,1.04,0.02
11240,75.0,47.2,729521.50,7168094.50,973.87,2.99,1.03,0.01
11240,75.0,-1.0,729521.50,7168094.50,981.76,2.99,1.02,0.01
11240,125.0,555.7,729521.62,7168144.50,22.03,1.34,45.39,1.66
11240,125.0,545.7,729521.62,7168144.50,19.53,1.29,51.20,1.71
11240,125.0,535.7,729521.62,7168144.50,18.59,1.27,53.79,1.73
11240,125.0,525.7,729521.62,7168144.50,20.75,1.32,48.20,1.68
11240,125.0,515.7,729521.62,7168144.50,25.32,1.40,39.49,1.60
11240,125.0,503.2,729521.62,7168144.50,34.42,1.54,29.05,1.46
11240,125.0,485.7,729521.62,7168144.50,46.31,1.67,21.59,1.33
11240,125.0,465.1,729521.62,7168144.50,62.33,1.79,16.04,1.21
11240,125.0,443.3,729521.62,7168144.50,93.07,1.97,10.74,1.03
11240,125.0,420.1,729521.62,7168144.50,148.02,2.17,6.76,0.83
11240,125.0,395.6,729521.62,7168144.50,231.94,2.37,4.31,0.63
11240,125.0,369.6,729521.62,7168144.50,341.08,2.53,2.93,0.47
11240,125.0,342.0,729521.62,7168144.50,463.63,2.67,2.16,0.33
11240,125.0,312.8,729521.62,7168144.50,584.82,2.77,1.71,0.23
11240,125.0,281.8,729521.62,7168144.50,692.80,2.84,1.44,0.16
11240,125.0,249.0,729521.62,7168144.50,781.42,2.89,1.28,0.11
11240,125.0,214.2,729521.62,7168144.50,849.54,2.93,1.18,0.07
11240,125.0,176.5,729521.62,7168144.50,901.45,2.95,1.11,0.05
11240,125.0,135.8,729521.62,7168144.50,937.32,2.97,1.07,0.03
11240,125.0,92.7,729521.62,7168144.50,961.24,2.98,1.04,0.02
11240,125.0,47.2,729521.62,7168144.50,976.22,2.99,1.02,0.01
11240,125.0,-1.0,729521.62,7168144.50,984.10,2.99,1.02,0.01
11240,175.0,555.4,729521.88,7168194.50,24.96,1.40,40.06,1.60
11240,175.0,545.4,729521.88,7168194.50,14.05,1.15,71.17,1.85
11240,175.0,535.4,729521.88,7168194.50,8.24,0.92,121.39,2.08
11240,175.0,525.4,729521.88,7168194.50,8.49,0.93,117.81,2.07
11240,175.0,515.4,729521.88,7168194.50,13.22,1.12,75.63,1.88
11240,175.0,502.9,729521.88,7168194.50,29.02,1.46,34.46,1.54
11240,175.0,485.4,729521.88,7168194.50,60.00,1.78,16.67,1.22
11240,175.0,464.8,729521.88,7168194.50,92.12,1.96,10.86,1.04
11240,175.0,442.9,729521.88,7168194.50,130.01,2.11,7.69,0.89
11240,175.0,419.8,729521.88,7168194.50,184.51,2.27,5.42,0.73
11240,175.0,395.3,729521.88,7168194.50,261.74,2.42,3.82,0.58
11240,175.0,369.3,729521.88,7168194.50,360.51,2.56,2.77,0.44
11240,175.0,341.7,729521.88,7168194.50,472.79,2.67,2.12,0.33
11240,175.0,312.5,729521.88,7168194.50,586.66,2.77,1.70,0.23
11240,175.0,281.5,729521.88,7168194.50,691.14,2.84,1.45,0.16
11240,175.0,248.7,729521.88,7168194.50,779.15,2.89,1.28,0.11
11240,175.0,213.9,729521.88,7168194.50,848.28,2.93,1.18,0.07
11240,175.0,176.2,729521.88,7168194.50,901.65,2.96,1.11,0.04
11240,175.0,135.5,729521.88,7168194.50,938.83,2.97,1.07,0.03
11240,175.0,92.5,729521.88,7168194.50,963.61,2.98,1.04,0.02
11240,175.0,47.1,729521.88,7168194.50,979.01,2.99,1.02,0.01
11240,175.0,-1.1,729521.88,7168194.50,986.98,2.99,1.01,0.01
11240,225.0,555.1,729522.00,7168244.50,32.50,1.51,30.77,1.49
11240,225.0,545.1,729522.00,7168244.50,15.44,1.19,64.78,1.81
11240,225.0,535.1,729522.00,7168244.50,6.53,0.82,153.05,2.18
11240,225.0,525.1,729522.00,7168244.50,5.02,0.70,199.17,2.30
11240,225.0,515.1,729522.00,7168244.50,7.55,0.88,132.44,2.12
11240,225.0,502.6,729522.00,7168244.50,20.00,1.30,49.99,1.70
11240,225.0,485.1,729522.00,7168244.50,55.09,1.74,18.15,1.26
11240,225.0,464.5,729522.00,7168244.50,99.37,2.00,10.06,1.00
11240,225.0,442.7,729522.00,7168244.50,145.48,2.16,6.87,0.84
11240,225.0,419.5,729522.00,7168244.50,201.03,2.30,4.97,0.70
11240,225.0,395.0,729522.00,7168244.50,273.72,2.44,3.65,0.56
11240,225.0,369.0,729522.00,7168244.50,365.13,2.56,2.74,0.44
11240,225.0,341.4,729522.00,7168244.50,470.32,2.67,2.13,0.33
11240,225.0,312.2,729522.00,7168244.50,579.71,2.76,1.72,0.24
11240,225.0,281.2,729522.00,7168244.50,682.99,2.83,1.46,0.17
11240,225.0,248.4,729522.00,7168244.50,772.42,2.89,1.29,0.11
11240,225.0,213.6,729522.00,7168244.50,844.16,2.93,1.18,0.07
11240,225.0,176.0,729522.00,7168244.50,900.28,2.95,1.11,0.05
11240,225.0,135.4,729522.00,7168244.50,939.70,2.97,1.06,0.03
11240,225.0,92.4,729522.00,7168244.50,965.92,2.98,1.04,0.02
11240,225.0,47.0,729522.00,7168244.50,982.10,2.99,1.02,0.01
11240,225.0,-1.1,729522.00,7168244.50,990.27,3.00,1.01,0.00
11240,275.0,555.0,729522.25,7168294.50,23.50,1.37,42.55,1.63
11240,275.0,545.0,729522.25,7168294.50,14.63,1.17,68.36,1.83
11240,275.0,535.0,729522.25,7168294.50,8.57,0.93,116.63,2.07
11240,275.0,525.0,729522.25,7168294.50,7.08,0.85,141.32,2.15
11240,275.0,515.0,729522.25,7168294.50,9.11,0.96,109.71,2.04
11240,275.0,502.5,729522.25,7168294.50,19.38,1.29,51.61,1.71
11240,275.0,485.0,729522.25,7168294.50,50.15,1.70,19.94,1.30
11240,275.0,464.4,729522.25,7168294.50,93.86,1.97,10.65,1.03
11240,275.0,442.6,729522.25,7168294.50,141.09,2.15,7.09,0.85
11240,275.0,419.5,729522.25,7168294.50,195.88,2.29,5.11,0.71
11240,275.0,394.9,729522.25,7168294.50,265.60,2.42,3.77,0.58
11240,275.0,368.9,729522.25,7168294.50,353.02,2.55,2.83,0.45
11240,275.0,341.3,729522.25,7168294.50,455.02,2.66,2.20,0.34
11240,275.0,312.1,729522.25,7168294.50,563.51,2.75,1.77,0.25
11240,275.0,281.1,729522.25,7168294.50,668.51,2.83,1.50,0.17
11240,275.0,248.3,729522.25,7168294.50,761.49,2.88,1.31,0.12
11240,275.0,213.5,729522.25,7168294.50,837.45,2.92,1.19,0.08
11240,275.0,175.9,729522.25,7168294.50,897.62,2.95,1.11,0.05
11240,275.0,135.3,729522.25,7168294.50,940.07,2.97,1.06,0.03
11240,275.0,92.4,729522.25,7168294.50,968.20,2.99,1.03,0.01
11240,275.0,47.0,729522.25,7168294.50,985.40,2.99,1.01,0.01
11240,275.0,-1.1,729522.25,7168294.50,993.97,3.00,1.01,0.00
11240,325.0,555.1,729522.38,7168344.50,14.51,1.16,68.93,1.84
11240,325.0,545.1,729522.38,7168344.50,9.67,0.99,103.41,2.01
11240,325.0,535.1,729522.38,7168344.50,6.61,0.82,151.27,2.18
11240,325.0,525.1,729522.38,7168344.50,6.59,0.82,151.84,2.18
11240,325.0,515.1,729522.38,7168344.50,9.28,0.97,107.71,2.03
11240,325.0,502.6,729522.38,7168344.50,19.35,1.29,51.67,1.71
11240,325.0,485.1,729522.38,7168344.50,46.32,1.67,21.59,1.33
11240,325.0,464.5,729522.38,7168344.50,84.69,1.93,11.81,1.07
11240,325.0,442.7,729522.38,7168344.50,127.66,2.11,7.83,0.89
11240,325.0,419.5,729522.38,7168344.50,178.88,2.25,5.59,0.75
11240,325.0,395.0,729522.38,7168344.50,245.35,2.39,4.08,0.61
11240,325.0,369.0,729522.38,7168344.50,330.32,2.52,3.03,0.48
11240,325.0,341.4,729522.38,7168344.50,431.55,2.64,2.32,0.36
11240,325.0,312.2,729522.38,7168344.50,541.56,2.73,1.85,0.27
11240,325.0,281.2,729522.38,7168344.50,650.27,2.81,1.54,0.19
11240,325.0,248.4,729522.38,7168344.50,748.33,2.87,1.34,0.13
11240,325.0,213.6,729522.38,7168344.50,829.64,2.92,1.21,0.08
11240,325.0,176.0,729522.38,7168344.50,894.53,2.95,1.12,0.05
11240,325.0,135.4,729522.38,7168344.50,940.51,2.97,1.06,0.03
11240,325.0,92.4,729522.38,7168344.50,970.81,2.99,1.03,0.01
11240,325.0,47.0,729522.38,7168344.50,989.14,3.00,1.01,0.00
11240,325.0,-1.1,729522.38,7168344.50,998.16,3.00,1.00,0.00
11240,375.0,555.4,729522.62,7168394.50,24.30,1.39,41.15,1.61
11240,375.0,545.4,729522.62,7168394.50,14.06,1.15,71.12,1.85
11240,375.0,535.4,729522.62,7168394.50,7.88,0.90,126.97,2.10
11240,375.0,525.4,729522.62,7168394.50,6.96,0.84,143.75,2.16
11240,375.0,515.4,729522.62,7168394.50,9.50,0.98,105.24,2.02
11240,375.0,502.9,729522.62,7168394.50,19.34,1.29,51.72,1.71
11240,375.0,485.4,729522.62,7168394.50,43.66,1.64,22.90,1.36
11240,375.0,464.8,729522.62,7168394.50,76.68,1.88,13.04,1.12
11240,375.0,442.9,729522.62,7168394.50,114.13,2.06,8.76,0.94
11240,375.0,419.8,729522.62,7168394.50,160.64,2.21,6.23,0.79
11240,375.0,395.3,729522.62,7168394.50,223.37,2.35,4.48,0.65
11240,375.0,369.2,729522.62,7168394.50,306.11,2.49,3.27,0.51
11240,375.0,341.7,729522.62,7168394.50,407.21,2.61,2.46,0.39
11240,375.0,312.5,729522.62,7168394.50,519.50,2.72,1.92,0.28
11240,375.0,281.5,729522.62,7168394.50,632.59,2.80,1.58,0.20
11240,375.0,248.6,729522.62,7168394.50,736.14,2.87,1.36,0.13
11240,375.0,213.8,729522.62,7168394.50,822.90,2.92,1.22,0.08
11240,375.0,176.2,729522.62,7168394.50,892.63,2.95,1.12,0.05
11240,375.0,135.5,729522.62,7168394.50,941.96,2.97,1.06,0.03
11240,375.0,92.5,729522.62,7168394.50,974.33,2.99,1.03,0.01
11240,375.0,47.0,729522.62,7168394.50,993.70,3.00,1.01,0.00
11240,375.0,-1.1,729522.62,7168394.50,1003.03,3.00,1.00,-0.00
11240,425.0,555.6,729522.75,7168444.50,13.27,1.12,75.37,1.88
11240,425.0,545.6,729522.75,7168444.50,8.64,0.94,115.71,2.06
11240,425.0,535.6,729522.75,7168444.50,5.68,0.75,176.17,2.25
11240,425.0,525.6,729522.75,7168444.50,5.64,0.75,177.43,2.25
11240,425.0,515.6,729522.75,7168444.50,8.29,0.92,120.63,2.08
11240,425.0,503.1,729522.75,7168444.50,17.84,1.25,56.06,1.75
11240,425.0,485.6,729522.75,7168444.50,40.64,1.61,24.61,1.39
11240,425.0,465.0,729522.75,7168444.50,70.54,1.85,14.18,1.15
11240,425.0,443.2,729522.75,7168444.50,104.28,2.02,9.59,0.98
11240,425.0,420.0,729522.75,7168444.50,147.15,2.17,6.80,0.83
11240,425.0,395.5,729522.75,7168444.50,206.77,2.32,4.84,0.68
11240,425.0,369.5,729522.75,7168444.50,287.62,2.46,3.48,0.54
11240,425.0,341.9,729522.75,7168444.50,388.70,2.59,2.57,0.41
11240,425.0,312.7,729522.75,7168444.50,503.17,2.70,1.99,0.30
11240,425.0,281.7,729522.75,7168444.50,620.18,2.79,1.61,0.21
11240,425.0,248.9,729522.75,7168444.50,728.55,2.86,1.37,0.14
11240,425.0,214.1,729522.75,7168444.50,819.98,2.91,1.22,0.09
11240,425.0,176.4,729522.75,7168444.50,893.69,2.95,1.12,0.05
11240,425.0,135.7,729522.75,7168444.50,945.66,2.98,1.06,0.02
11240,425.0,92.7,729522.75,7168444.50,979.48,2.99,1.02,0.01
11240,425.0,47.1,729522.75,7168444.50,999.39,3.00,1.00,0.00
11240,425.0,-1.0,729522.75,7168444.50,1008.83,3.00,0.99,-0.00
11240,475.0,555.6,729523.00,7168494.50,25.30,1.40,39.52,1.60
11240,475.0,545.6,729523.00,7168494.50,16.94,1.23,59.04,1.77
11240,475.0,535.6,729523.00,7168494.50,10.62,1.03,94.18,1.97
11240,475.0,525.6,729523.00,7168494.50,8.67,0.94,115.32,2.06
11240,475.0,515.6,729523.00,7168494.50,10.27,1.01,97.36,1.99
11240,475.0,503.1,729523.00,7168494.50,18.21,1.26,54.92,1.74
11240,475.0,485.6,729523.00,7168494.50,38.58,1.59,25.92,1.41
11240,475.0,465.0,729523.00,7168494.50,66.52,1.82,15.03,1.18
11240,475.0,443.2,729523.00,7168494.50,98.98,2.00,10.10,1.00
11240,475.0,420.0,729523.00,7168494.50,140.62,2.15,7.11,0.85
11240,475.0,395.5,729523.00,7168494.50,199.09,2.30,5.02,0.70
11240,475.0,369.5,729523.00,7168494.50,279.35,2.45,3.58,0.55
11240,475.0,341.9,729523.00,7168494.50,380.98,2.58,2.62,0.42
11240,475.0,312.7,729523.00,7168494.50,497.33,2.70,2.01,0.30
11240,475.0,281.7,729523.00,7168494.50,617.31,2.79,1.62,0.21
11240,475.0,248.9,729523.00,7168494.50,729.06,2.86,1.37,0.14
11240,475.0,214.1,729523.00,7168494.50,823.56,2.92,1.21,0.08
11240,475.0,176.4,729523.00,7168494.50,899.55,2.95,1.11,0.05
11240,475.0,135.7,729523.00,7168494.50,952.79,2.98,1.05,0.02
11240,475.0,92.7,729523.00,7168494.50,986.95,2.99,1.01,0.01
11240,475.0,47.1,729523.00,7168494.50,1006.60,3.00,0.99,-0.00
11240,475.0,-1.0,729523.00,7168494.50,1015.70,3.01,0.98,-0.01
11240,525.0,555.3,729523.12,7168544.50,15.81,1.20,63.25,1.80
11240,525.0,545.3,729523.12,7168544.50,13.04,1.12,76.69,1.88
11240,525.0,535.3,729523.12,7168544.50,10.41,1.02,96.03,1.98
11240,525.0,525.3,729523.12,7168544.50,9.63,0.98,103.88,2.02
11240,525.0,515.3,729523.12,7168544.50,11.38,1.06,87.91,1.94
11240,525.0,502.8,729523.12,7168544.50,18.89,1.28,52.93,1.72
11240,525.0,485.3,729523.12,7168544.50,38.28,1.58,26.13,1.42
11240,525.0,464.7,729523.12,7168544.50,66.05,1.82,15.14,1.18
11240,525.0,442.9,729523.12,7168544.50,99.70,2.00,10.03,1.00
11240,525.0,419.7,729523.12,7168544.50,142.91,2.16,7.00,0.84
11240,525.0,395.2,729523.12,7168544.50,202.87,2.31,4.93,0.69
11240,525.0,369.2,729523.12,7168544.50,284.59,2.45,3.51,0.55
11240,525.0,341.6,729523.12,7168544.50,387.81,2.59,2.58,0.41
11240,525.0,312.4,729523.12,7168544.50,505.92,2.70,1.98,0.30
11240,525.0,281.4,729523.12,7168544.50,627.65,2.80,1.59,0.20
11240,525.0,248.6,729523.12,7168544.50,740.78,2.87,1.35,0.13
11240,525.0,213.8,729523.12,7168544.50,836.02,2.92,1.20,0.08
11240,525.0,176.1,729523.12,7168544.50,911.90,2.96,1.10,0.04
11240,525.0,135.5,729523.12,7168544.50,964.36,2.98,1.04,0.02
11240,525.0,92.5,729523.12,7168544.50,997.36,3.00,1.00,0.00
11240,525.0,47.0,729523.12,7168544.50,1015.73,3.01,0.98,-0.01
11240,525.0,-1.1,729523.12,7168544.50,1023.84,3.01,0.98,-0.01
11240,575.0,554.8,729523.38,7168594.50,20.00,1.30,49.99,1.70
11240,575.0,544.8,729523.38,7168594.50,15.80,1.20,63.31,1.80
11240,575.0,534.8,729523.38,7168594.50,12.79,1.11,78.17,1.89
11240,575.0,524.8,729523.38,7168594.50,12.36,1.09,80.91,1.91
11240,575.0,514.8,729523.38,7168594.50,14.59,1.16,68.55,1.84
11240,575.0,502.3,729523.38,7168594.50,22.99,1.36,43.49,1.64
11240,575.0,484.8,729523.38,7168594.50,43.88,1.64,22.79,1.36
11240,575.0,464.2,729523.38,7168594.50,73.86,1.87,13.54,1.13
11240,575.0,442.3,729523.38,7168594.50,110.82,2.04,9.02,0.96
11240,575.0,419.2,729523.38,7168594.50,157.96,2.20,6.33,0.80
11240,575.0,394.7,729523.38,7168594.50,221.82,2.35,4.51,0.65
11240,575.0,368.6,729523.38,7168594.50,307.03,2.49,3.26,0.51
11240,575.0,341.1,729523.38,7168594.50,412.89,2.62,2.42,0.38
11240,575.0,311.9,729523.38,7168594.50,532.45,2.73,1.88,0.27
11240,575.0,280.9,729523.38,7168594.50,654.30,2.82,1.53,0.18
11240,575.0,248.0,729523.38,7168594.50,766.24,2.88,1.31,0.12
11240,575.0,213.2,729523.38,7168594.50,859.28,2.93,1.16,0.07
11240,575.0,175.6,729523.38,7168594.50,931.99,2.97,1.07,0.03
11240,575.0,135.1,729523.38,7168594.50,981.19,2.99,1.02,0.01
11240,575.0,92.2,729523.38,7168594.50,1011.12,3.00,0.99,-0.00
11240,575.0,46.9,729523.38,7168594.50,1026.92,3.01,0.97,-0.01
11240,575.0,-1.1,729523.38,7168594.50,1033.31,3.01,0.97,-0.01
11240,625.0,554.1,729523.50,7168644.50,75.43,1.88,13.26,1.12
11240,625.0,544.1,729523.50,7168644.50,50.65,1.70,19.74,1.30
11240,625.0,534.1,729523.50,7168644.50,33.10,1.52,30.21,1.48
11240,625.0,524.1,729523.50,7168644.50,26.61,1.43,37.58,1.57
11240,625.0,514.1,729523.50,7168644.50,27.35,1.44,36.56,1.56
11240,625.0,501.6,729523.50,7168644.50,36.86,1.57,27.13,1.43
11240,625.0,484.1,729523.50,7168644.50,61.50,1.79,16.26,1.21
11240,625.0,463.5,729523.50,7168644.50,95.97,1.98,10.42,1.02
11240,625.0,441.7,729523.50,7168644.50,138.18,2.14,7.24,0.86
11240,625.0,418.5,729523.50,7168644.50,191.27,2.28,5.23,0.72
11240,625.0,394.0,729523.50,7168644.50,261.17,2.42,3.83,0.58
11240,625.0,368.0,729523.50,7168644.50,351.53,2.55,2.84,0.45
11240,625.0,340.4,729523.50,7168644.50,460.59,2.66,2.17,0.34
11240,625.0,311.2,729523.50,7168644.50,580.66,2.76,1.72,0.24
11240,625.0,280.2,729523.50,7168644.50,700.19,2.85,1.43,0.15
11240,625.0,247.4,729523.50,7168644.50,807.56,2.91,1.24,0.09
11240,625.0,212.6,729523.50,7168644.50,894.67,2.95,1.12,0.05
11240,625.0,175.1,729523.50,7168644.50,960.71,2.98,1.04,0.02
11240,625.0,134.7,729523.50,7168644.50,1003.73,3.00,1.00,-0.00
11240,625.0,91.9,729523.50,7168644.50,1028.37,3.01,0.97,-0.01
11240,625.0,46.7,729523.50,7168644.50,1040.12,3.02,0.96,-0.02
11240,625.0,-1.2,729523.50,7168644.50,1043.96,3.02,0.96,-0.02
11240,675.0,553.6,729523.75,7168694.50,12.41,1.09,80.56,1.91
11240,675.0,543.6,729523.75,7168694.50,9.32,0.97,107.35,2.03
11240,675.0,533.6,729523.75,7168694.50,9.50,0.98,105.23,2.02
11240,675.0,523.6,729523.75,7168694.50,13.78,1.14,72.57,1.86
11240,675.0,513.6,729523.75,7168694.50,22.23,1.35,44.99,1.65
11240,675.0,501.1,729523.75,7168694.50,43.75,1.64,22.86,1.36
11240,675.0,483.6,729523.75,7168694.50,84.20,1.93,11.88,1.07
11240,675.0,463.0,729523.75,7168694.50,132.23,2.12,7.56,0.88
11240,675.0,441.2,729523.75,7168694.50,185.80,2.27,5.38,0.73
11240,675.0,418.0,729523.75,7168694.50,249.09,2.40,4.01,0.60
11240,675.0,393.5,729523.75,7168694.50,327.97,2.52,3.05,0.48
11240,675.0,367.5,729523.75,7168694.50,424.93,2.63,2.35,0.37
11240,675.0,339.9,729523.75,7168694.50,536.83,2.73,1.86,0.27
11240,675.0,310.7,729523.75,7168694.50,655.08,2.82,1.53,0.18
11240,675.0,279.7,729523.75,7168694.50,768.37,2.89,1.30,0.11
11240,675.0,246.9,729523.75,7168694.50,866.50,2.94,1.15,0.06
11240,675.0,212.1,729523.75,7168694.50,943.05,2.97,1.06,0.03
11240,675.0,174.6,729523.75,7168694.50,998.24,3.00,1.00,0.00
11240,675.0,134.3,729523.75,7168694.50,1031.82,3.01,0.97,-0.01
11240,675.0,91.6,729523.75,7168694.50,1048.82,3.02,0.95,-0.02
11240,675.0,46.5,729523.75,7168694.50,1054.95,3.02,0.95,-0.02
11240,675.0,-1.2,729523.75,7168694.50,1055.40,3.02,0.95,-0.02
11240,725.0,553.3,729523.88,7168744.50,35.80,1.55,27.94,1.45
11240,725.0,543.3,729523.88,7168744.50,25.95,1.41,38.54,1.59
11240,725.0,533.3,729523.88,7168744.50,22.67,1.36,44.11,1.64
11240,725.0,523.3,729523.88,7168744.50,27.12,1.43,36.87,1.57
11240,725.0,513.3,729523.88,7168744.50,38.37,1.58,26.06,1.42
11240,725.0,500.8,729523.88,7168744.50,68.47,1.84,14.60,1.16
11240,725.0,483.3,729523.88,7168744.50,125.79,2.10,7.95,0.90
11240,725.0,462.7,729523.88,7168744.50,192.74,2.28,5.19,0.72
11240,725.0,440.9,729523.88,7168744.50,264.44,2.42,3.78,0.58
11240,725.0,417.8,729523.88,7168744.50,343.54,2.54,2.91,0.46
11240,725.0,393.2,729523.88,7168744.50,434.50,2.64,2.30,0.36
11240,725.0,367.2,729523.88,7168744.50,538.12,2.73,1.86,0.27
11240,725.0,339.7,729523.88,7168744.50,649.85,2.81,1.54,0.19
11240,725.0,310.4,729523.88,7168744.50,760.98,2.88,1.31,0.12
11240,725.0,279.5,729523.88,7168744.50,861.58,2.94,1.16,0.06
11240,725.0,246.6,729523.88,7168744.50,943.94,2.97,1.06,0.03
11240,725.0,211.8,729523.88,7168744.50,1004.16,3.00,1.00,-0.00
11240,725.0,174.4,729523.88,7168744.50,1043.84,3.02,0.96,-0.02
11240,725.0,134.1,729523.88,7168744.50,1064.58,3.03,0.94,-0.03
11240,725.0,91.5,729523.88,7168744.50,1071.66,3.03,0.93,-0.03
11240,725.0,46.4,729523.88,7168744.50,1070.68,3.03,0.93,-0.03
11240,725.0,-1.3,729523.88,7168744.50,1067.00,3.03,0.94,-0.03
11240,775.0,553.4,729524.12,7168794.50,10.29,1.01,97.21,1.99
11240,775.0,543.4,729524.12,7168794.50,9.47,0.98,105.56,2.02
11240,775.0,533.4,729524.12,7168794.50,13.58,1.13,73.63,1.87
11240,775.0,523.4,729524.12,7168794.50,24.65,1.39,40.57,1.61
11240,775.0,513.4,729524.12,7168794.50,44.36,1.65,22.54,1.35
11240,775.0,500.9,729524.12,7168794.50,94.65,1.98,10.57,1.02
11240,775.0,483.4,729524.12,7168794.50,187.87,2.27,5.32,0.73
11240,775.0,462.8,729524.12,7168794.50,292.45,2.47,3.42,0.53
11240,775.0,440.9,729524.12,7168794.50,396.00,2.60,2.53,0.40
11240,775.0,417.8,729524.12,7168794.50,497.76,2.70,2.01,0.30
11240,775.0,393.2,729524.12,7168794.50,601.00,2.78,1.66,0.22
11240,775.0,367.2,729524.12,7168794.50,706.03,2.85,1.42,0.15
11240,775.0,339.7,729524.12,7168794.50,808.81,2.91,1.24,0.09
11240,775.0,310.5,729524.12,7168794.50,902.58,2.96,1.11,0.04
11240,775.0,279.5,729524.12,7168794.50,980.59,2.99,1.02,0.01
11240,775.0,246.6,729524.12,7168794.50,1038.59,3.02,0.96,-0.02
11240,775.0,211.8,729524.12,7168794.50,1075.90,3.03,0.93,-0.03
11240,775.0,174.4,729524.12,7168794.50,1095.30,3.04,0.91,-0.04
11240,775.0,134.1,729524.12,7168794.50,1099.97,3.04,0.91,-0.04
11240,775.0,91.5,729524.12,7168794.50,1095.20,3.04,0.91,-0.04
11240,775.0,46.4,729524.12,7168794.50,1086.07,3.04,0.92,-0.04
11240,775.0,-1.3,729524.12,7168794.50,1077.69,3.03,0.93,-0.03
11240,825.0,553.5,729524.25,7168844.50,13.13,1.12,76.16,1.88
11240,825.0,543.5,729524.25,7168844.50,15.92,1.20,62.82,1.80
11240,825.0,533.5,729524.25,7168844.50,26.21,1.42,38.15,1.58
11240,825.0,523.5,729524.25,7168844.50,48.12,1.68,20.78,1.32
11240,825.0,513.5,729524.25,7168844.50,84.16,1.93,11.88,1.07
11240,825.0,501.0,729524.25,7168844.50,170.19,2.23,5.88,0.77
11240,825.0,483.5,729524.25,7168844.50,319.81,2.50,3.13,0.50
11240,825.0,462.9,729524.25,7168844.50,477.26,2.68,2.10,0.32
11240,825.0,441.1,729524.25,7168844.50,619.32,2.79,1.61,0.21
11240,825.0,418.0,729524.25,7168844.50,741.12,2.87,1.35,0.13
11240,825.0,393.4,729524.25,7168844.50,846.34,2.93,1.18,0.07
11240,825.0,367.4,729524.25,7168844.50,938.08,2.97,1.07,0.03
11240,825.0,339.9,729524.25,7168844.50,1015.84,3.01,0.98,-0.01
11240,825.0,310.6,729524.25,7168844.50,1077.27,3.03,0.93,-0.03
11240,825.0,279.7,729524.25,7168844.50,1120.31,3.05,0.89,-0.05
11240,825.0,246.8,729524.25,7168844.50,1144.82,3.06,0.87,-0.06
11240,825.0,212.0,729524.25,7168844.50,1152.91,3.06,0.87,-0.06
11240,825.0,174.5,729524.25,7168844.50,1148.12,3.06,0.87,-0.06
11240,825.0,134.2,729524.25,7168844.50,1134.59,3.05,0.88,-0.05
11240,825.0,91.6,729524.25,7168844.50,1116.92,3.05,0.90,-0.05
11240,825.0,46.5,729524.25,7168844.50,1099.27,3.04,0.91,-0.04
11240,825.0,-1.3,729524.25,7168844.50,1086.14,3.04,0.92,-0.04
11240,875.0,553.7,729524.50,7168894.50,196.23,2.29,5.10,0.71
11240,875.0,543.7,729524.50,7168894.50,174.09,2.24,5.74,0.76
11240,875.0,533.7,729524.50,7168894.50,167.05,2.22,5.99,0.78
11240,875.0,523.7,729524.50,7168894.50,184.23,2.27,5.43,0.73
11240,875.0,513.7,729524.50,7168894.50,224.28,2.35,4.46,0.65
11240,875.0,501.2,729524.50,7168894.50,325.80,2.51,3.07,0.49
11240,875.0,483.7,729524.50,7168894.50,512.99,2.71,1.95,0.29
11240,875.0,463.1,729524.50,7168894.50,719.96,2.86,1.39,0.14
11240,875.0,441.2,729524.50,7168894.50,905.10,2.96,1.10,0.04
11240,875.0,418.1,729524.50,7168894.50,1047.63,3.02,0.95,-0.02
11240,875.0,393.5,729524.50,7168894.50,1147.66,3.06,0.87,-0.06
11240,875.0,367.5,729524.50,7168894.50,1213.07,3.08,0.82,-0.08
11240,875.0,340.0,729524.50,7168894.50,1251.02,3.10,0.80,-0.10
11240,875.0,310.7,729524.50,7168894.50,1266.87,3.10,0.79,-0.10
11240,875.0,279.8,729524.50,7168894.50,1265.03,3.10,0.79,-0.10
11240,875.0,246.9,729524.50,7168894.50,1249.70,3.10,0.80,-0.10
11240,875.0,212.1,729524.50,7168894.50,1225.29,3.09,0.82,-0.09
11240,875.0,174.6,729524.50,7168894.50,1195.02,3.08,0.84,-0.08
11240,875.0,134.3,729524.50,7168894.50,1163.31,3.07,0.86,-0.07
11240,875.0,91.7,729524.50,7168894.50,1133.33,3.05,0.88,-0.05
11240,875.0,46.5,729524.50,7168894.50,1107.91,3.04,0.90,-0.04
11240,875.0,-1.2,729524.50,7168894.50,1090.60,3.04,0.92,-0.04
11240,925.0,553.6,729524.62,7168944.50,21.74,1.34,45.99,1.66
11240,925.0,543.6,729524.62,7168944.50,15.80,1.20,63.29,1.80
11240,925.0,533.6,729524.62,7168944.50,18.13,1.26,55.15,1.74
11240,925.0,523.6,729524.62,7168944.50,32.23,1.51,31.03,1.49
11240,925.0,513.6,729524.62,7168944.50,64.18,1.81,15.58,1.19
11240,925.0,501.1,729524.62,7168944.50,168.83,2.23,5.92,0.77
11240,925.0,483.6,729524.62,7168944.50,423.49,2.63,2.36,0.37
11240,925.0,463.0,729524.62,7168944.50,759.33,2.88,1.32,0.12
11240,925.0,441.2,729524.62,7168944.50,1074.56,3.03,0.93,-0.03
11240,925.0,418.1,729524.62,7168944.50,1299.30,3.11,0.77,-0.11
11240,925.0,393.5,729524.62,7168944.50,1423.72,3.15,0.70,-0.15
11240,925.0,367.5,729524.62,7168944.50,1470.48,3.17,0.68,-0.17
11240,925.0,339.9,729524.62,7168944.50,1466.86,3.17,0.68,-0.17
11240,925.0,310.7,729524.62,7168944.50,1433.91,3.16,0.70,-0.16
11240,925.0,279.7,729524.62,7168944.50,1385.82,3.14,0.72,-0.14
11240,925.0,246.9,729524.62,7168944.50,1331.82,3.12,0.75,-0.12
11240,925.0,212.1,729524.62,7168944.50,1277.70,3.11,0.78,-0.11
11240,925.0,174.6,729524.62,7168944.50,1225.58,3.09,0.82,-0.09
11240,925.0,134.3,729524.62,7168944.50,1179.23,3.07,0.85,-0.07
11240,925.0,91.7,729524.62,7168944.50,1140.04,3.06,0.88,-0.06
11240,925.0,46.5,729524.62,7168944.50,1109.14,3.04,0.90,-0.04
11240,925.0,-1.2,729524.62,7168944.50,1089.08,3.04,0.92,-0.04
11240,975.0,553.6,729524.88,7168994.50,48.21,1.68,20.74,1.32
11240,975.0,543.6,729524.88,7168994.50,29.25,1.47,34.19,1.53
11240,975.0,533.6,729524.88,7168994.50,21.22,1.33,47.12,1.67
11240,975.0,523.6,729524.88,7168994.50,25.53,1.41,39.18,1.59
11240,975.0,513.6,729524.88,7168994.50,43.76,1.64,22.85,1.36
11240,975.0,501.1,729524.88,7168994.50,119.12,2.08,8.39,0.92
11240,975.0,483.6,729524.88,7168994.50,360.63,2.56,2.77,0.44
11240,975.0,463.0,729524.88,7168994.50,761.56,2.88,1.31,0.12
11240,975.0,441.2,729524.88,7168994.50,1186.47,3.07,0.84,-0.07
11240,975.0,418.0,729524.88,7168994.50,1487.44,3.17,0.67,-0.17
11240,975.0,393.5,729524.88,7168994.50,1627.01,3.21,0.61,-0.21
11240,975.0,367.5,729524.88,7168994.50,1646.69,3.22,0.61,-0.22
11240,975.0,339.9,729524.88,7168994.50,1599.93,3.20,0.63,-0.20
11240,975.0,310.7,729524.88,7168994.50,1524.43,3.18,0.66,-0.18
11240,975.0,279.7,729524.88,7168994.50,1441.47,3.16,0.69,-0.16
11240,975.0,246.9,729524.88,7168994.50,1361.87,3.13,0.73,-0.13
11240,975.0,212.1,729524.88,7168994.50,1290.40,3.11,0.77,-0.11
11240,975.0,174.6,729524.88,7168994.50,1227.15,3.09,0.81,-0.09
11240,975.0,134.3,729524.88,7168994.50,1174.51,3.07,0.85,-0.07
11240,975.0,91.6,729524.88,7168994.50,1132.16,3.05,0.88,-0.05
11240,975.0,46.5,729524.88,7168994.50,1100.01,3.04,0.91,-0.04
11240,975.0,-1.2,729524.88,7168994.50,1079.60,3.03,0.93,-0.03
11240,1025.0,553.7,729525.00,7169044.50,20.44,1.31,48.92,1.69
11240,1025.0,543.7,729525.00,7169044.50,14.60,1.16,68.48,1.84
11240,1025.0,533.7,729525.00,7169044.50,13.15,1.12,76.03,1.88
11240,1025.0,523.7,729525.00,7169044.50,19.48,1.29,51.34,1.71
11240,1025.0,513.7,729525.00,7169044.50,39.16,1.59,25.53,1.41
11240,1025.0,501.2,729525.00,7169044.50,126.02,2.10,7.93,0.90
11240,1025.0,483.7,729525.00,7169044.50,428.45,2.63,2.33,0.37
11240,1025.0,463.1,729525.00,7169044.50,933.60,2.97,1.07,0.03
11240,1025.0,441.2,729525.00,7169044.50,1412.45,3.15,0.71,-0.15
11240,1025.0,418.1,729525.00,7169044.50,1669.21,3.22,0.60,-0.22
11240,1025.0,393.6,729525.00,7169044.50,1718.53,3.24,0.58,-0.24
11240,1025.0,367.5,729525.00,7169044.50,1660.29,3.22,0.60,-0.22
11240,1025.0,340.0,729525.00,7169044.50,1566.82,3.20,0.64,-0.20
11240,1025.0,310.8,729525.00,7169044.50,1470.92,3.17,0.68,-0.17
11240,1025.0,279.8,729525.00,7169044.50,1383.72,3.14,0.72,-0.14
11240,1025.0,247.0,729525.00,7169044.50,1307.82,3.12,0.76,-0.12
11240,1025.0,212.1,729525.00,7169044.50,1243.16,3.09,0.80,-0.09
11240,1025.0,174.7,729525.00,7169044.50,1187.48,3.07,0.84,-0.07
11240,1025.0,134.3,729525.00,7169044.50,1141.79,3.06,0.88,-0.06
11240,1025.0,91.7,729525.00,7169044.50,1105.40,3.04,0.90,-0.04
11240,1025.0,46.5,729525.00,7169044.50,1077.89,3.03,0.93,-0.03
11240,1025.0,-1.2,729525.00,7169044.50,1060.40,3.03,0.94,-0.03
11240,1075.0,553.9,729525.25,7169094.50,10.06,1.00,99.37,2.00
11240,1075.0,543.9,729525.25,7169094.50,12.78,1.11,78.27,1.89
11240,1075.0,533.9,729525.25,7169094.50,21.76,1.34,45.96,1.66
11240,1075.0,523.9,729525.25,7169094.50,45.56,1.66,21.95,1.34
11240,1075.0,513.9,729525.25,7169094.50,99.15,2.00,10.09,1.00
11240,1075.0,501.4,729525.25,7169094.50,293.76,2.47,3.40,0.53
11240,1075.0,483.9,729525.25,7169094.50,821.46,2.91,1.22,0.09
11240,1075.0,463.3,729525.25,7169094.50,1406.29,3.15,0.71,-0.15
11240,1075.0,441.5,729525.25,7169094.50,1689.94,3.23,0.59,-0.23
11240,1075.0,418.3,729525.25,7169094.50,1647.33,3.22,0.61,-0.22
11240,1075.0,393.8,729525.25,7169094.50,1497.24,3.18,0.67,-0.18
11240,1075.0,367.8,729525.25,7169094.50,1365.13,3.14,0.73,-0.14
11240,1075.0,340.2,729525.25,7169094.50,1275.59,3.11,0.78,-0.11
11240,1075.0,311.0,729525.25,7169094.50,1218.52,3.09,0.82,-0.09
11240,1075.0,280.0,729525.25,7169094.50,1180.00,3.07,0.85,-0.07
11240,1075.0,247.2,729525.25,7169094.50,1150.16,3.06,0.87,-0.06
11240,1075.0,212.4,729525.25,7169094.50,1124.09,3.05,0.89,-0.05
11240,1075.0,174.9,729525.25,7169094.50,1099.51,3.04,0.91,-0.04
11240,1075.0,134.5,729525.25,7169094.50,1076.97,3.03,0.93,-0.03
11240,1075.0,91.8,729525.25,7169094.50,1057.34,3.02,0.95,-0.02
11240,1075.0,46.6,729525.25,7169094.50,1041.37,3.02,0.96,-0.02
11240,1075.0,-1.2,729525.25,7169094.50,1030.59,3.01,0.97,-0.01
11240,1125.0,554.1,729525.38,7169144.50,52.12,1.72,19.19,1.28
11240,1125.0,544.1,729525.38,7169144.50,81.09,1.91,12.33,1.09
11240,1125.0,534.1,729525.38,7169144.50,148.36,2.17,6.74,0.83
11240,1125.0,524.1,729525.38,7169144.50,269.92,2.43,3.70,0.57
11240,1125.0,514.1,729525.38,7169144.50,453.32,2.66,2.21,0.34
11240,1125.0,501.6,729525.38,7169144.50,851.84,2.93,1.17,0.07
11240,1125.0,484.1,729525.38,7169144.50,1375.63,3.14,0.73,-0.14
11240,1125.0,463.5,729525.38,7169144.50,1413.27,3.15,0.71,-0.15
11240,1125.0,441.7,729525.38,7169144.50,1187.91,3.07,0.84,-0.07
11240,1125.0,418.6,729525.38,7169144.50,947.23,2.98,1.06,0.02
11240,1125.0,394.0,729525.38,7169144.50,805.57,2.91,1.24,0.09
11240,1125.0,368.0,729525.38,7169144.50,758.97,2.88,1.32,0.12
11240,1125.0,340.4,729525.38,7169144.50,770.16,2.89,1.30,0.11
11240,1125.0,311.2,729525.38,7169144.50,810.48,2.91,1.23,0.09
11240,1125.0,280.3,729525.38,7169144.50,860.06,2.93,1.16,0.07
11240,1125.0,247.4,729525.38,7169144.50,906.20,2.96,1.10,0.04
11240,1125.0,212.6,729525.38,7169144.50,942.27,2.97,1.06,0.03
11240,1125.0,175.1,729525.38,7169144.50,967.60,2.99,1.03,0.01
11240,1125.0,134.7,729525.38,7169144.50,982.06,2.99,1.02,0.01
11240,1125.0,91.9,729525.38,7169144.50,988.89,3.00,1.01,0.00
11240,1125.0,46.7,729525.38,7169144.50,990.97,3.00,1.01,0.00
11240,1125.0,-1.2,729525.38,7169144.50,990.47,3.00,1.01,0.00
11240,1175.0,554.1,729525.62,7169194.50,49.40,1.69,20.24,1.31
11240,1175.0,544.1,729525.62,7169194.50,65.65,1.82,15.23,1.18
11240,1175.0,534.1,729525.62,7169194.50,98.48,1.99,10.15,1.01
11240,1175.0,524.1,729525.62,7169194.50,148.35,2.17,6.74,0.83
11240,1175.0,514.1,729525.62,7169194.50,211.50,2.33,4.73,0.67
11240,1175.0,501.6,729525.62,7169194.50,321.68,2.51,3.11,0.49
11240,1175.0,484.1,729525.62,7169194.50,387.05,2.59,2.58,0.41
11240,1175.0,463.5,729525.62,7169194.50,163.62,2.21,6.11,0.79
11240,1175.0,441.7,729525.62,7169194.50,184.68,2.27,5.41,0.73
11240,1175.0,418.5,729525.62,7169194.50,175.52,2.24,5.70,0.76
11240,1175.0,394.0,729525.62,7169194.50,193.59,2.29,5.17,0.71
11240,1175.0,368.0,729525.62,7169194.50,242.69,2.39,4.12,0.61
11240,1175.0,340.4,729525.62,7169194.50,319.66,2.50,3.13,0.50
11240,1175.0,311.2,729525.62,7169194.50,418.29,2.62,2.39,0.38
11240,1175.0,280.2,729525.62,7169194.50,528.09,2.72,1.89,0.28
11240,1175.0,247.4,729525.62,7169194.50,636.11,2.80,1.57,0.20
11240,1175.0,212.6,729525.62,7169194.50,731.05,2.86,1.37,0.14
11240,1175.0,175.0,729525.62,7169194.50,809.36,2.91,1.24,0.09
11240,1175.0,134.6,729525.62,7169194.50,866.25,2.94,1.15,0.06
11240,1175.0,91.9,729525.62,7169194.50,904.98,2.96,1.10,0.04
11240,1175.0,46.7,729525.62,7169194.50,929.36,2.97,1.08,0.03
11240,1175.0,-1.2,729525.62,7169194.50,941.82,2.97,1.06,0.03
11240,1225.0,553.8,729525.75,7169244.50,72.52,1.86,13.79,1.14
11240,1225.0,543.8,729525.75,7169244.50,59.62,1.78,16.77,1.22
11240,1225.0,533.8,729525.75,7169244.50,42.32,1.63,23.63,1.37
11240,1225.0,523.8,729525.75,7169244.50,28.24,1.45,35.41,1.55
11240,1225.0,513.8,729525.75,7169244.50,19.81,1.30,50.48,1.70
11240,1225.0,501.3,729525.75,7169244.50,13.21,1.12,75.72,1.88
11240,1225.0,483.8,729525.75,7169244.50,7.07,0.85,141.51,2.15
11240,1225.0,463.2,729525.75,7169244.50,0.04,-1.39,24571.26,4.39
11240,1225.0,441.3,729525.75,7169244.50,2.70,0.43,370.44,2.57
11240,1225.0,418.2,729525.75,7169244.50,8.22,0.91,121.69,2.09
11240,1225.0,393.6,729525.75,7169244.50,19.91,1.30,50.22,1.70
11240,1225.0,367.6,729525.75,7169244.50,45.87,1.66,21.80,1.34
11240,1225.0,340.1,729525.75,7169244.50,95.04,1.98,10.52,1.02
11240,1225.0,310.8,729525.75,7169244.50,173.67,2.24,5.76,0.76
11240,1225.0,279.9,729525.75,7169244.50,280.65,2.45,3.56,0.55
11240,1225.0,247.0,729525.75,7169244.50,405.46,2.61,2.47,0.39
11240,1225.0,212.2,729525.75,7169244.50,531.79,2.73,1.88,0.27
11240,1225.0,174.7,729525.75,7169244.50,648.85,2.81,1.54,0.19
11240,1225.0,134.4,729525.75,7169244.50,743.08,2.87,1.35,0.13
11240,1225.0,91.7,729525.75,7169244.50,813.19,2.91,1.23,0.09
11240,1225.0,46.6,729525.75,7169244.50,861.07,2.94,1.16,0.06
11240,1225.0,-1.2,729525.75,7169244.50,887.63,2.95,1.13,0.05
11240,1275.0,553.3,729526.00,7169294.50,403.62,2.61,2.48,0.39
11240,1275.0,543.3,729526.00,7169294.50,245.85,2.39,4.07,0.61
11240,1275.0,533.3,729526.00,7169294.50,91.52,1.96,10.93,1.04
11240,1275.0,523.3,729526.00,7169294.50,19.64,1.29,50.91,1.71
11240,1275.0,513.3,729526.00,7169294.50,2.63,0.42,379.92,2.58
11240,1275.0,500.8,729526.00,7169294.50,0.12,-0.94,8643.02,3.94
11240,1275.0,483.3,729526.00,7169294.50,0.30,-0.52,3331.43,3.52
11240,1275.0,462.7,729526.00,7169294.50,0.08,-1.07,11840.93,4.07
11240,1275.0,440.9,729526.00,7169294.50,0.07,-1.18,15230.19,4.18
11240,1275.0,417.8,729526.00,7169294.50,0.13,-0.87,7414.38,3.87
11240,1275.0,393.2,729526.00,7169294.50,1.11,0.05,899.24,2.95
11240,1275.0,367.2,729526.00,7169294.50,6.39,0.81,156.50,2.19
11240,1275.0,339.7,729526.00,7169294.50,23.56,1.37,42.45,1.63
11240,1275.0,310.4,729526.00,7169294.50,63.71,1.80,15.70,1.20
11240,1275.0,279.5,729526.00,7169294.50,136.72,2.14,7.31,0.86
11240,1275.0,246.6,729526.00,7169294.50,243.24,2.39,4.11,0.61
11240,1275.0,211.8,729526.00,7169294.50,371.06,2.57,2.69,0.43
11240,1275.0,174.4,729526.00,7169294.50,505.69,2.70,1.98,0.30
11240,1275.0,134.1,729526.00,7169294.50,625.48,2.80,1.60,0.20
11240,1275.0,91.5,729526.00,7169294.50,721.60,2.86,1.39,0.14
11240,1275.0,46.4,729526.00,7169294.50,791.16,2.90,1.26,0.10
11240,1275.0,-1.3,729526.00,7169294.50,831.47,2.92,1.20,0.08
11240,1325.0,553.0,729526.12,7169344.50,979.36,2.99,1.02,0.01
11240,1325.0,543.0,729526.12,7169344.50,815.21,2.91,1.23,0.09
11240,1325.0,533.0,729526.12,7169344.50,613.32,2.79,1.63,0.21
11240,1325.0,523.0,729526.12,7169344.50,425.15,2.63,2.35,0.37
11240,1325.0,513.0,729526.12,7169344.50,272.65,2.44,3.67,0.56
11240,1325.0,500.5,729526.12,7169344.50,134.33,2.13,7.44,0.87
11240,1325.0,483.0,729526.12,7169344.50,77.77,1.89,12.86,1.11
11240,1325.0,462.4,729526.12,7169344.50,32.57,1.51,30.71,1.49
11240,1325.0,440.6,729526.12,7169344.50,12.77,1.11,78.29,1.89
11240,1325.0,417.4,729526.12,7169344.50,4.26,0.63,234.48,2.37
11240,1325.0,392.9,729526.12,7169344.50,1.79,0.25,557.68,2.75
11240,1325.0,366.9,729526.12,7169344.50,2.55,0.41,392.22,2.59
11240,1325.0,339.3,729526.12,7169344.50,7.48,0.87,133.63,2.13
11240,1325.0,310.1,729526.12,7169344.50,24.00,1.38,41.66,1.62
11240,1325.0,279.1,729526.12,7169344.50,65.16,1.81,15.35,1.19
11240,1325.0,246.3,729526.12,7169344.50,142.30,2.15,7.03,0.85
11240,1325.0,211.5,729526.12,7169344.50,254.02,2.40,3.94,0.60
11240,1325.0,174.0,729526.12,7169344.50,388.91,2.59,2.57,0.41
11240,1325.0,133.9,729526.12,7169344.50,521.82,2.72,1.92,0.28
11240,1325.0,91.3,729526.12,7169344.50,636.65,2.80,1.57,0.20
11240,1325.0,46.3,729526.12,7169344.50,724.17,2.86,1.38,0.14
11240,1325.0,-1.3,729526.12,7169344.50,776.79,2.89,1.29,0.11
11240,1375.0,552.7,729526.38,7169394.50,28.95,1.46,34.54,1.54
11240,1375.0,542.7,729526.38,7169394.50,17.42,1.24,57.40,1.76
11240,1375.0,532.7,729526.38,7169394.50,14.65,1.17,68.26,1.83
11240,1375.0,522.7,729526.38,7169394.50,19.31,1.29,51.78,1.71
11240,1375.0,512.7,729526.38,7169394.50,28.97,1.46,34.51,1.54
11240,1375.0,500.2,729526.38,7169394.50,46.96,1.67,21.30,1.33
11240,1375.0,482.7,729526.38,7169394.50,65.58,1.82,15.25,1.18
11240,1375.0,462.1,729526.38,7169394.50,61.82,1.79,16.18,1.21
11240,1375.0,440.2,729526.38,7169394.50,41.23,1.62,24.25,1.38
11240,1375.0,417.1,729526.38,7169394.50,20.88,1.32,47.90,1.68
11240,1375.0,392.5,729526.38,7169394.50,7.56,0.88,132.33,2.12
11240,1375.0,366.5,729526.38,7169394.50,3.24,0.51,308.55,2.49
11240,1375.0,339.0,729526.38,7169394.50,3.82,0.58,261.44,2.42
11240,1375.0,309.8,729526.38,7169394.50,10.18,1.01,98.20,1.99
11240,1375.0,278.8,729526.38,7169394.50,31.45,1.50,31.79,1.50
11240,1375.0,246.0,729526.38,7169394.50,82.71,1.92,12.09,1.08
11240,1375.0,211.1,729526.38,7169394.50,173.01,2.24,5.78,0.76
11240,1375.0,173.8,729526.38,7169394.50,298.52,2.47,3.35,0.53
11240,1375.0,133.6,729526.38,7169394.50,435.37,2.64,2.30,0.36
11240,1375.0,91.2,729526.38,7169394.50,562.13,2.75,1.78,0.25
11240,1375.0,46.2,729526.38,7169394.50,663.47,2.82,1.51,0.18
11240,1375.0,-1.3,729526.38,7169394.50,726.33,2.86,1.38,0.14
11240,1425.0,552.4,729526.50,7169444.50,183.62,2.26,5.45,0.74
11240,1425.0,542.4,729526.50,7169444.50,118.55,2.07,8.44,0.93
11240,1425.0,532.4,729526.50,7169444.50,50.01,1.70,20.00,1.30
11240,1425.0,522.4,729526.50,7169444.50,17.41,1.24,57.42,1.76
11240,1425.0,512.4,729526.50,7169444.50,7.30,0.86,136.95,2.14
11240,1425.0,499.9,729526.50,7169444.50,3.58,0.55,279.03,2.45
11240,1425.0,482.4,729526.50,7169444.50,4.05,0.61,246.90,2.39
11240,1425.0,461.8,729526.50,7169444.50,6.19,0.79,161.60,2.21
11240,1425.0,440.0,729526.50,7169444.50,8.30,0.92,120.43,2.08
11240,1425.0,416.8,729526.50,7169444.50,9.26,0.97,108.02,2.03
11240,1425.0,392.3,729526.50,7169444.50,7.02,0.85,142.46,2.15
11240,1425.0,366.3,729526.50,7169444.50,3.55,0.55,282.04,2.45
11240,1425.0,338.7,729526.50,7169444.50,2.49,0.40,401.91,2.60
11240,1425.0,309.5,729526.50,7169444.50,4.69,0.67,213.22,2.33
11240,1425.0,278.5,729526.50,7169444.50,15.22,1.18,65.69,1.82
11240,1425.0,245.7,729526.50,7169444.50,47.81,1.68,20.92,1.32
11240,1425.0,210.9,729526.50,7169444.50,118.02,2.07,8.47,0.93
11240,1425.0,173.5,729526.50,7169444.50,230.61,2.36,4.34,0.64
11240,1425.0,133.5,729526.50,7169444.50,365.94,2.56,2.73,0.44
11240,1425.0,91.1,729526.50,7169444.50,499.54,2.70,2.00,0.30
11240,1425.0,46.2,729526.50,7169444.50,610.93,2.79,1.64,0.21
11240,1425.0,-1.4,729526.50,7169444.50,681.79,2.83,1.47,0.17
11240,1475.0,552.4,729526.75,7169494.50,8.26,0.92,121.11,2.08
11240,1475.0,542.4,729526.75,7169494.50,33.68,1.53,29.70,1.47
11240,1475.0,532.4,729526.75,7169494.50,72.90,1.86,13.72,1.14
11240,1475.0,522.4,729526.75,7169494.50,80.44,1.91,12.43,1.09
11240,1475.0,512.4,729526.75,7169494.50,63.27,1.80,15.81,1.20
11240,1475.0,499.9,729526.75,7169494.50,37.92,1.58,26.37,1.42
11240,1475.0,482.4,729526.75,7169494.50,21.77,1.34,45.93,1.66
11240,1475.0,461.8,729526.75,7169494.50,14.40,1.16,69.42,1.84
11240,1475.0,440.0,729526.75,7169494.50,10.32,1.01,96.89,1.99
11240,1475.0,416.9,729526.75,7169494.50,8.06,0.91,124.13,2.09
11240,1475.0,392.3,729526.75,7169494.50,6.38,0.80,156.85,2.20
11240,1475.0,366.3,729526.75,7169494.50,3.72,0.57,268.96,2.43
11240,1475.0,338.7,729526.75,7169494.50,1.90,0.28,525.67,2.72
11240,1475.0,309.5,729526.75,7169494.50,2.27,0.36,439.71,2.64
11240,1475.0,278.5,729526.75,7169494.50,7.32,0.86,136.56,2.14
11240,1475.0,245.7,729526.75,7169494.50,27.73,1.44,36.06,1.56
11240,1475.0,210.9,729526.75,7169494.50,81.64,1.91,12.25,1.09
11240,1475.0,173.5,729526.75,7169494.50,181.20,2.26,5.52,0.74
11240,1475.0,133.5,729526.75,7169494.50,312.26,2.49,3.20,0.51
11240,1475.0,91.1,729526.75,7169494.50,449.14,2.65,2.23,0.35
11240,1475.0,46.2,729526.75,7169494.50,567.24,2.75,1.76,0.25
11240,1475.0,-1.4,729526.75,7169494.50,643.83,2.81,1.55,0.19
11240,1525.0,552.8,729526.88,7169544.50,6.57,0.82,152.23,2.18
11240,1525.0,542.8,729526.88,7169544.50,23.03,1.36,43.41,1.64
11240,1525.0,532.8,729526.88,7169544.50,64.38,1.81,15.53,1.19
11240,1525.0,522.8,729526.88,7169544.50,119.39,2.08,8.38,0.92
11240,1525.0,512.8,729526.88,7169544.50,163.60,2.21,6.11,0.79
11240,1525.0,500.3,729526.88,7169544.50,195.64,2.29,5.11,0.71
11240,1525.0,482.8,729526.88,7169544.50,186.58,2.27,5.36,0.73
11240,1525.0,462.2,729526.88,7169544.50,144.09,2.16,6.94,0.84
11240,1525.0,440.3,729526.88,7169544.50,88.77,1.95,11.27,1.05
11240,1525.0,417.2,729526.88,7169544.50,44.53,1.65,22.46,1.35
11240,1525.0,392.7,729526.88,7169544.50,18.95,1.28,52.76,1.72
11240,1525.0,366.7,729526.88,7169544.50,6.30,0.80,158.85,2.20
11240,1525.0,339.1,729526.88,7169544.50,1.78,0.25,560.39,2.75
11240,1525.0,309.9,729526.88,7169544.50,1.24,0.09,809.36,2.91
11240,1525.0,278.9,729526.88,7169544.50,3.79,0.58,264.16,2.42
11240,1525.0,246.1,729526.88,7169544.50,17.16,1.23,58.29,1.77
11240,1525.0,211.3,729526.88,7169544.50,59.40,1.77,16.84,1.23
11240,1525.0,173.9,729526.88,7169544.50,147.66,2.17,6.77,0.83
11240,1525.0,133.7,729526.88,7169544.50,273.19,2.44,3.66,0.56
11240,1525.0,91.2,729526.88,7169544.50,410.56,2.61,2.44,0.39
11240,1525.0,46.3,729526.88,7169544.50,532.26,2.73,1.88,0.27
11240,1525.0,-1.3,729526.88,7169544.50,612.26,2.79,1.63,0.21
11240,1575.0,553.3,729527.12,7169594.50,267.99,2.43,3.73,0.57
11240,1575.0,543.3,729527.12,7169594.50,406.23,2.61,2.46,0.39
11240,1575.0,533.3,729527.12,7169594.50,713.19,2.85,1.40,0.15
11240,1575.0,523.3,729527.12,7169594.50,1195.20,3.08,0.84,-0.08
11240,1575.0,513.3,729527.12,7169594.50,1766.65,3.25,0.57,-0.25
11240,1575.0,500.8,729527.12,7169594.50,2625.99,3.42,0.38,-0.42
11240,1575.0,483.3,729527.12,7169594.50,3116.74,3.49,0.32,-0.49
11240,1575.0,462.7,729527.12,7169594.50,2469.35,3.39,0.40,-0.39
11240,1575.0,440.9,729527.12,7169594.50,1263.63,3.10,0.79,-0.10
11240,1575.0,417.7,729527.12,7169594.50,443.05,2.65,2.26,0.35
11240,1575.0,393.2,729527.12,7169594.50,117.06,2.07,8.54,0.93
11240,1575.0,367.2,729527.12,7169594.50,23.29,1.37,42.93,1.63
11240,1575.0,339.6,729527.12,7169594.50,3.67,0.57,272.18,2.43
11240,1575.0,310.4,729527.12,7169594.50,1.28,0.11,780.35,2.89
11240,1575.0,279.4,729527.12,7169594.50,2.98,0.47,336.06,2.53
11240,1575.0,246.6,729527.12,7169594.50,13.37,1.13,74.81,1.87
11240,1575.0,211.8,729527.12,7169594.50,48.77,1.69,20.50,1.31
11240,1575.0,174.3,729527.12,7169594.50,128.28,2.11,7.80,0.89
11240,1575.0,134.1,729527.12,7169594.50,247.58,2.39,4.04,0.61
11240,1575.0,91.5,729527.12,7169594.50,382.76,2.58,2.61,0.42
11240,1575.0,46.4,729527.12,7169594.50,504.94,2.70,1.98,0.30
11240,1575.0,-1.3,729527.12,7169594.50,586.06,2.77,1.71,0.23
11240,1625.0,553.6,729527.25,7169644.50,17.36,1.24,57.60,1.76
11240,1625.0,543.6,729527.25,7169644.50,38.46,1.59,26.00,1.41
11240,1625.0,533.6,729527.25,7169644.50,111.49,2.05,8.97,0.95
11240,1625.0,523.6,729527.25,7169644.50,314.30,2.50,3.18,0.50
11240,1625.0,513.6,729527.25,7169644.50,765.48,2.88,1.31,0.12
11240,1625.0,501.1,729527.25,7169644.50,2315.40,3.36,0.43,-0.36
11240,1625.0,483.6,729527.25,7169644.50,6196.53,3.79,0.16,-0.79
11240,1625.0,463.0,729527.25,7169644.50,10735.36,4.03,0.09,-1.03
11240,1625.0,441.2,729527.25,7169644.50,10050.92,4.00,0.10,-1.00
11240,1625.0,418.1,729527.25,7169644.50,4495.57,3.65,0.22,-0.65
11240,1625.0,393.5,729527.25,7169644.50,1062.67,3.03,0.94,-0.03
11240,1625.0,367.5,729527.25,7169644.50,179.65,2.25,5.57,0.75
11240,1625.0,339.9,729527.25,7169644.50,27.43,1.44,36.46,1.56
11240,1625.0,310.7,729527.25,7169644.50,6.28,0.80,159.20,2.20
11240,1625.0,279.8,729527.25,7169644.50,6.06,0.78,165.07,2.22
11240,1625.0,246.9,729527.25,7169644.50,16.16,1.21,61.86,1.79
11240,1625.0,212.1,729527.25,7169644.50,48.55,1.69,20.60,1.31
11240,1625.0,174.6,729527.25,7169644.50,121.31,2.08,8.24,0.92
11240,1625.0,134.3,729527.25,7169644.50,233.38,2.37,4.28,0.63
11240,1625.0,91.7,729527.25,7169644.50,363.55,2.56,2.75,0.44
11240,1625.0,46.5,729527.25,7169644.50,483.23,2.68,2.07,0.32
11240,1625.0,-1.2,729527.25,7169644.50,563.42,2.75,1.77,0.25
11240,1675.0,553.5,729527.50,7169694.50,17.06,1.23,58.60,1.77
11240,1675.0,543.5,729527.50,7169694.50,30.03,1.48,33.30,1.52
11240,1675.0,533.5,729527.50,7169694.50,65.01,1.81,15.38,1.19
11240,1675.0,523.5,729527.50,7169694.50,135.50,2.13,7.38,0.87
11240,1675.0,513.5,729527.50,7169694.50,251.57,2.40,3.98,0.60
11240,1675.0,501.0,729527.50,7169694.50,526.92,2.72,1.90,0.28
11240,1675.0,483.5,729527.50,7169694.50,900.41,2.95,1.11,0.05
11240,1675.0,462.9,729527.50,7169694.50,2712.12,3.43,0.37,-0.43
11240,1675.0,441.0,729527.50,7169694.50,8793.36,3.94,0.11,-0.94
11240,1675.0,417.9,729527.50,7169694.50,11537.11,4.06,0.09,-1.06
11240,1675.0,393.4,729527.50,7169694.50,5036.02,3.70,0.20,-0.70
11240,1675.0,367.3,729527.50,7169694.50,1121.54,3.05,0.89,-0.05
11240,1675.0,339.8,729527.50,7169694.50,214.24,2.33,4.67,0.67
11240,1675.0,310.6,729527.50,7169694.50,48.79,1.69,20.50,1.31
11240,1675.0,279.6,729527.50,7169694.50,22.70,1.36,44.05,1.64
11240,1675.0,246.7,729527.50,7169694.50,28.12,1.45,35.56,1.55
11240,1675.0,211.9,729527.50,7169694.50,57.16,1.76,17.49,1.24
11240,1675.0,174.5,729527.50,7169694.50,123.05,2.09,8.13,0.91
11240,1675.0,134.2,729527.50,7169694.50,226.34,2.35,4.42,0.65
11240,1675.0,91.6,729527.50,7169694.50,349.08,2.54,2.86,0.46
11240,1675.0,46.5,729527.50,7169694.50,464.08,2.67,2.15,0.33
11240,1675.0,-1.3,729527.50,7169694.50,542.14,2.73,1.84,0.27
11240,1725.0,552.9,729527.62,7169744.50,172.94,2.24,5.78,0.76
11240,1725.0,542.9,729527.62,7169744.50,198.41,2.30,5.04,0.70
11240,1725.0,532.9,729527.62,7169744.50,235.05,2.37,4.25,0.63
11240,1725.0,522.9,729527.62,7169744.50,247.37,2.39,4.04,0.61
11240,1725.0,512.9,729527.62,7169744.50,195.75,2.29,5.11,0.71
11240,1725.0,500.4,729527.62,7169744.50,65.35,1.82,15.30,1.18
11240,1725.0,482.9,729527.62,7169744.50,1.01,0.00,989.75,3.00
11240,1725.0,462.3,729527.62,7169744.50,4.11,0.61,243.37,2.39
11240,1725.0,440.4,729527.62,7169744.50,403.54,2.61,2.48,0.39
11240,1725.0,417.3,729527.62,7169744.50,3409.52,3.53,0.29,-0.53
11240,1725.0,392.8,729527.62,7169744.50,3928.13,3.59,0.25,-0.59
11240,1725.0,366.7,729527.62,7169744.50,1644.73,3.22,0.61,-0.22
11240,1725.0,339.2,729527.62,7169744.50,505.31,2.70,1.98,0.30
11240,1725.0,310.0,729527.62,7169744.50,148.19,2.17,6.75,0.83
11240,1725.0,279.0,729527.62,7169744.50,57.24,1.76,17.47,1.24
11240,1725.0,246.1,729527.62,7169744.50,45.50,1.66,21.98,1.34
11240,1725.0,211.3,729527.62,7169744.50,67.59,1.83,14.79,1.17
11240,1725.0,173.9,729527.62,7169744.50,125.76,2.10,7.95,0.90
11240,1725.0,133.8,729527.62,7169744.50,219.78,2.34,4.55,0.66
11240,1725.0,91.3,729527.62,7169744.50,334.37,2.52,2.99,0.48
11240,1725.0,46.3,729527.62,7169744.50,444.27,2.65,2.25,0.35
11240,1725.0,-1.3,729527.62,7169744.50,520.27,2.72,1.92,0.28
11240,1775.0,552.3,729527.88,7169794.50,411.47,2.61,2.43,0.39
11240,1775.0,542.3,729527.88,7169794.50,432.63,2.64,2.31,0.36
11240,1775.0,532.3,729527.88,7169794.50,466.72,2.67,2.14,0.33
11240,1775.0,522.3,729527.88,7169794.50,484.67,2.69,2.06,0.31
11240,1775.0,512.3,729527.88,7169794.50,437.45,2.64,2.29,0.36
11240,1775.0,499.8,729527.88,7169794.50,258.11,2.41,3.87,0.59
11240,1775.0,482.3,729527.88,7169794.50,34.41,1.54,29.06,1.46
11240,1775.0,461.7,729527.88,7169794.50,0.12,-0.92,8258.39,3.92
11240,1775.0,439.8,729527.88,7169794.50,6.77,0.83,147.68,2.17
11240,1775.0,416.7,729527.88,7169794.50,118.85,2.08,8.41,0.92
11240,1775.0,392.2,729527.88,7169794.50,453.95,2.66,2.20,0.34
11240,1775.0,366.1,729527.88,7169794.50,401.72,2.60,2.49,0.40
11240,1775.0,338.6,729527.88,7169794.50,201.05,2.30,4.97,0.70
11240,1775.0,309.4,729527.88,7169794.50,91.66,1.96,10.91,1.04
11240,1775.0,278.4,729527.88,7169794.50,49.91,1.70,20.04,1.30
11240,1775.0,245.6,729527.88,7169794.50,45.14,1.65,22.16,1.35
11240,1775.0,210.7,729527.88,7169794.50,66.57,1.82,15.02,1.18
11240,1775.0,173.4,729527.88,7169794.50,120.21,2.08,8.32,0.92
11240,1775.0,133.4,729527.88,7169794.50,207.31,2.32,4.82,0.68
11240,1775.0,91.0,729527.88,7169794.50,315.48,2.50,3.17,0.50
11240,1775.0,46.1,729527.88,7169794.50,421.80,2.63,2.37,0.37
11240,1775.0,-1.4,729527.88,7169794.50,496.99,2.70,2.01,0.30
11240,1825.0,552.0,729528.00,7169844.50,19.15,1.28,52.22,1.72
11240,1825.0,542.0,729528.00,7169844.50,14.99,1.18,66.73,1.82
11240,1825.0,532.0,729528.00,7169844.50,12.10,1.08,82.65,1.92
11240,1825.0,522.0,729528.00,7169844.50,10.20,1.01,98.05,1.99
11240,1825.0,512.0,729528.00,7169844.50,7.04,0.85,141.97,2.15
11240,1825.0,499.5,729528.00,7169844.50,1.74,0.24,574.20,2.76
11240,1825.0,482.0,729528.00,7169844.50,0.05,-1.27,18695.95,4.27
11240,1825.0,461.4,729528.00,7169844.50,0.18,-0.73,5410.07,3.73
11240,1825.0,439.6,729528.00,7169844.50,1.46,0.16,684.95,2.84
11240,1825.0,416.4,729528.00,7169844.50,6.95,0.84,143.93,2.16
11240,1825.0,391.9,729528.00,7169844.50,17.89,1.25,55.88,1.75
11240,1825.0,365.9,729528.00,7169844.50,26.73,1.43,37.41,1.57
11240,1825.0,338.3,729528.00,7169844.50,24.44,1.39,40.92,1.61
11240,1825.0,309.1,729528.00,7169844.50,19.27,1.28,51.89,1.72
11240,1825.0,278.1,729528.00,7169844.50,19.05,1.28,52.49,1.72
11240,1825.0,245.3,729528.00,7169844.50,27.82,1.44,35.95,1.56
11240,1825.0,210.5,729528.00,7169844.50,52.51,1.72,19.04,1.28
11240,1825.0,173.1,729528.00,7169844.50,104.63,2.02,9.56,0.98
11240,1825.0,133.2,729528.00,7169844.50,187.74,2.27,5.33,0.73
11240,1825.0,90.8,729528.00,7169844.50,292.18,2.47,3.42,0.53
11240,1825.0,46.0,729528.00,7169844.50,397.12,2.60,2.52,0.40
11240,1825.0,-1.4,729528.00,7169844.50,473.16,2.68,2.11,0.32
11240,1875.0,552.0,729528.25,7169894.50,26.80,1.43,37.32,1.57
11240,1875.0,542.0,729528.25,7169894.50,14.02,1.15,71.30,1.85
11240,1875.0,532.0,729528.25,7169894.50,4.56,0.66,219.13,2.34
11240,1875.0,522.0,729528.25,7169894.50,1.26,0.10,793.74,2.90
11240,1875.0,512.0,729528.25,7169894.50,0.45,-0.34,2199.38,3.34
11240,1875.0,499.5,729528.25,7169894.50,0.11,-0.98,9481.81,3.98
11240,1875.0,482.0,729528.25,7169894.50,0.37,-0.43,2717.23,3.43
11240,1875.0,461.4,729528.25,7169894.50,2.22,0.35,449.86,2.65
11240,1875.0,439.6,729528.25,7169894.50,3.66,0.56,273.15,2.44
11240,1875.0,416.4,729528.25,7169894.50,2.65,0.42,378.02,2.58
11240,1875.0,391.9,729528.25,7169894.50,2.11,0.33,473.05,2.67
11240,1875.0,365.9,729528.25,7169894.50,2.15,0.33,464.04,2.67
11240,1875.0,338.3,729528.25,7169894.50,2.36,0.37,424.50,2.63
11240,1875.0,309.1,729528.25,7169894.50,2.87,0.46,348.09,2.54
11240,1875.0,278.1,729528.25,7169894.50,5.30,0.72,188.54,2.28
11240,1875.0,245.3,729528.25,7169894.50,13.80,1.14,72.48,1.86
11240,1875.0,210.5,729528.25,7169894.50,36.73,1.56,27.23,1.44
11240,1875.0,173.1,729528.25,7169894.50,86.13,1.94,11.61,1.06
11240,1875.0,133.2,729528.25,7169894.50,166.15,2.22,6.02,0.78
11240,1875.0,90.8,729528.25,7169894.50,268.38,2.43,3.73,0.57
11240,1875.0,46.0,729528.25,7169894.50,373.32,2.57,2.68,0.43
11240,1875.0,-1.4,729528.25,7169894.50,451.17,2.65,2.22,0.35
11240,1925.0,552.1,729528.38,7169944.50,11.32,1.05,88.34,1.95
11240,1925.0,542.1,729528.38,7169944.50,23.04,1.36,43.41,1.64
11240,1925.0,532.1,729528.38,7169944.50,45.28,1.66,22.09,1.34
11240,1925.0,522.1,729528.38,7169944.50,66.99,1.83,14.93,1.17
11240,1925.0,512.1,729528.38,7169944.50,78.84,1.90,12.68,1.10
11240,1925.0,499.6,729528.38,7169944.50,83.26,1.92,12.01,1.08
11240,1925.0,482.1,729528.38,7169944.50,114.26,2.06,8.75,0.94
11240,1925.0,461.5,729528.38,7169944.50,158.74,2.20,6.30,0.80
11240,1925.0,439.6,729528.38,7169944.50,131.98,2.12,7.58,0.88
11240,1925.0,416.5,729528.38,7169944.50,63.29,1.80,15.80,1.20
11240,1925.0,391.9,729528.38,7169944.50,21.79,1.34,45.89,1.66
11240,1925.0,365.9,729528.38,7169944.50,6.34,0.80,157.61,2.20
11240,1925.0,338.4,729528.38,7169944.50,1.97,0.29,507.68,2.71
11240,1925.0,309.1,729528.38,7169944.50,1.06,0.03,943.73,2.97
11240,1925.0,278.2,729528.38,7169944.50,2.05,0.31,487.68,2.69
11240,1925.0,245.3,729528.38,7169944.50,7.84,0.89,127.55,2.11
11240,1925.0,210.5,729528.38,7169944.50,27.23,1.44,36.72,1.56
11240,1925.0,173.2,729528.38,7169944.50,73.02,1.86,13.70,1.14
11240,1925.0,133.2,729528.38,7169944.50,149.84,2.18,6.67,0.82
11240,1925.0,90.9,729528.38,7169944.50,250.01,2.40,4.00,0.60
11240,1925.0,46.1,729528.38,7169944.50,354.82,2.55,2.82,0.45
11240,1925.0,-1.4,729528.38,7169944.50,434.21,2.64,2.30,0.36
11240,1975.0,552.0,729528.62,7169994.50,424.52,2.63,2.36,0.37
11240,1975.0,542.0,729528.62,7169994.50,580.53,2.76,1.72,0.24
11240,1975.0,532.0,729528.62,7169994.50,858.44,2.93,1.16,0.07
11240,1975.0,522.0,729528.62,7169994.50,1202.50,3.08,0.83,-0.08
11240,1975.0,512.0,729528.62,7169994.50,1530.36,3.18,0.65,-0.18
11240,1975.0,499.5,729528.62,7169994.50,1938.80,3.29,0.52,-0.29
11240,1975.0,482.0,729528.62,7169994.50,2190.98,3.34,0.46,-0.34
11240,1975.0,461.4,729528.62,7169994.50,1879.73,3.27,0.53,-0.27
11240,1975.0,439.6,729528.62,7169994.50,1121.28,3.05,0.89,-0.05
11240,1975.0,416.4,729528.62,7169994.50,469.35,2.67,2.13,0.33
11240,1975.0,391.9,729528.62,7169994.50,154.50,2.19,6.47,0.81
11240,1975.0,365.9,729528.62,7169994.50,41.65,1.62,24.01,1.38
11240,1975.0,338.3,729528.62,7169994.50,9.41,0.97,106.26,2.03
11240,1975.0,309.1,729528.62,7169994.50,2.74,0.44,365.12,2.56
11240,1975.0,278.1,729528.62,7169994.50,2.74,0.44,365.17,2.56
11240,1975.0,245.3,729528.62,7169994.50,8.04,0.91,124.44,2.09
11240,1975.0,210.5,729528.62,7169994.50,26.40,1.42,37.88,1.58
11240,1975.0,173.2,729528.62,7169994.50,70.33,1.85,14.22,1.15
11240,1975.0,133.2,729528.62,7169994.50,144.65,2.16,6.91,0.84
11240,1975.0,90.9,729528.62,7169994.50,242.38,2.38,4.13,0.62
11240,1975.0,46.0,729528.62,7169994.50,345.86,2.54,2.89,0.46
11240,1975.0,-1.4,729528.62,7169994.50,425.39,2.63,2.35,0.37
11240,2025.0,551.9,729528.75,7170044.50,45.19,1.66,22.13,1.34
11240,2025.0,541.9,729528.75,7170044.50,89.31,1.95,11.20,1.05
11240,2025.0,531.9,729528.75,7170044.50,234.79,2.37,4.26,0.63
11240,2025.0,521.9,729528.75,7170044.50,620.21,2.79,1.61,0.21
11240,2025.0,511.9,729528.75,7170044.50,1430.92,3.16,0.70,-0.16
11240,2025.0,499.4,729528.75,7170044.50,3932.36,3.59,0.25,-0.59
11240,2025.0,481.9,729528.75,7170044.50,8267.03,3.92,0.12,-0.92
11240,2025.0,461.3,729528.75,7170044.50,8156.15,3.91,0.12,-0.91
11240,2025.0,439.4,729528.75,7170044.50,4278.81,3.63,0.23,-0.63
11240,2025.0,416.3,729528.75,7170044.50,1582.93,3.20,0.63,-0.20
11240,2025.0,391.8,729528.75,7170044.50,515.80,2.71,1.94,0.29
11240,2025.0,365.8,729528.75,7170044.50,157.32,2.20,6.36,0.80
11240,2025.0,338.2,729528.75,7170044.50,44.41,1.65,22.52,1.35
11240,2025.0,309.0,729528.75,7170044.50,14.47,1.16,69.10,1.84
11240,2025.0,278.0,729528.75,7170044.50,9.74,0.99,102.71,2.01
11240,2025.0,245.2,729528.75,7170044.50,15.82,1.20,63.19,1.80
11240,2025.0,210.4,729528.75,7170044.50,36.34,1.56,27.51,1.44
11240,2025.0,173.0,729528.75,7170044.50,81.35,1.91,12.29,1.09
11240,2025.0,133.1,729528.75,7170044.50,154.46,2.19,6.47,0.81
11240,2025.0,90.8,729528.75,7170044.50,249.29,2.40,4.01,0.60
11240,2025.0,46.0,729528.75,7170044.50,349.63,2.54,2.86,0.46
11240,2025.0,-1.4,729528.75,7170044.50,427.17,2.63,2.34,0.37
11240,2075.0,551.8,729529.00,7170094.50,73.13,1.86,13.67,1.14
11240,2075.0,541.8,729529.00,7170094.50,46.02,1.66,21.73,1.34
11240,2075.0,531.8,729529.00,7170094.50,43.80,1.64,22.83,1.36
11240,2075.0,521.8,729529.00,7170094.50,92.79,1.97,10.78,1.03
11240,2075.0,511.8,729529.00,7170094.50,291.72,2.46,3.43,0.54
11240,2075.0,499.3,729529.00,7170094.50,1750.95,3.24,0.57,-0.24
11240,2075.0,481.8,729529.00,7170094.50,9402.57,3.97,0.11,-0.97
11240,2075.0,461.2,729529.00,7170094.50,16593.60,4.22,0.06,-1.22
11240,2075.0,439.4,729529.00,7170094.50,10516.26,4.02,0.10,-1.02
11240,2075.0,416.2,729529.00,7170094.50,3894.18,3.59,0.26,-0.59
11240,2075.0,391.7,729529.00,7170094.50,1272.61,3.10,0.79,-0.10
11240,2075.0,365.7,729529.00,7170094.50,426.70,2.63,2.34,0.37
11240,2075.0,338.1,729529.00,7170094.50,149.88,2.18,6.67,0.82
11240,2075.0,308.9,729529.00,7170094.50,61.00,1.79,16.39,1.21
11240,2075.0,277.9,729529.00,7170094.50,37.52,1.57,26.65,1.43
11240,2075.0,245.1,729529.00,7170094.50,40.69,1.61,24.58,1.39
11240,2075.0,210.3,729529.00,7170094.50,63.55,1.80,15.73,1.20
11240,2075.0,173.0,729529.00,7170094.50,110.59,2.04,9.04,0.96
11240,2075.0,133.0,729529.00,7170094.50,182.57,2.26,5.48,0.74
11240,2075.0,90.8,729529.00,7170094.50,273.18,2.44,3.66,0.56
11240,2075.0,46.0,729529.00,7170094.50,367.99,2.57,2.72,0.43
11240,2075.0,-1.4,729529.00,7170094.50,441.05,2.64,2.27,0.36
11240,2125.0,551.7,729529.12,7170144.50,161.46,2.21,6.19,0.79
11240,2125.0,541.7,729529.12,7170144.50,56.45,1.75,17.72,1.25
11240,2125.0,531.7,729529.12,7170144.50,17.40,1.24,57.48,1.76
11240,2125.0,521.7,729529.12,7170144.50,16.32,1.21,61.28,1.79
11240,2125.0,511.7,729529.12,7170144.50,50.83,1.71,19.67,1.29
11240,2125.0,499.2,729529.12,7170144.50,471.52,2.67,2.12,0.33
11240,2125.0,481.7,729529.12,7170144.50,4778.28,3.68,0.21,-0.68
11240,2125.0,461.1,729529.12,7170144.50,15604.36,4.19,0.06,-1.19
11240,2125.0,439.3,729529.12,7170144.50,15525.66,4.19,0.06,-1.19
11240,2125.0,416.2,729529.12,7170144.50,7270.93,3.86,0.14,-0.86
11240,2125.0,391.6,729529.12,7170144.50,2662.68,3.43,0.38,-0.43
11240,2125.0,365.6,729529.12,7170144.50,984.80,2.99,1.02,0.01
11240,2125.0,338.1,729529.12,7170144.50,399.85,2.60,2.50,0.40
11240,2125.0,308.8,729529.12,7170144.50,189.26,2.28,5.28,0.72
11240,2125.0,277.9,729529.12,7170144.50,116.62,2.07,8.57,0.93
11240,2125.0,245.0,729529.12,7170144.50,102.23,2.01,9.78,0.99
11240,2125.0,210.2,729529.12,7170144.50,120.13,2.08,8.32,0.92
11240,2125.0,172.9,729529.12,7170144.50,164.71,2.22,6.07,0.78
11240,2125.0,133.0,729529.12,7170144.50,232.15,2.37,4.31,0.63
11240,2125.0,90.7,729529.12,7170144.50,315.37,2.50,3.17,0.50
11240,2125.0,46.0,729529.12,7170144.50,401.49,2.60,2.49,0.40
11240,2125.0,-1.4,729529.12,7170144.50,467.48,2.67,2.14,0.33
11240,2175.0,551.4,729529.38,7170194.50,89.27,1.95,11.20,1.05
11240,2175.0,541.4,729529.38,7170194.50,24.81,1.39,40.31,1.61
11240,2175.0,531.4,729529.38,7170194.50,5.98,0.78,167.11,2.22
11240,2175.0,521.4,729529.38,7170194.50,7.08,0.85,141.22,2.15
11240,2175.0,511.4,729529.38,7170194.50,24.80,1.39,40.33,1.61
11240,2175.0,498.9,729529.38,7170194.50,199.27,2.30,5.02,0.70
11240,2175.0,481.4,729529.38,7170194.50,1851.16,3.27,0.54,-0.27
11240,2175.0,460.8,729529.38,7170194.50,7772.59,3.89,0.13,-0.89
11240,2175.0,439.0,729529.38,7170194.50,12371.34,4.09,0.08,-1.09
11240,2175.0,415.8,729529.38,7170194.50,8813.95,3.95,0.11,-0.95
11240,2175.0,391.3,729529.38,7170194.50,4241.34,3.63,0.24,-0.63
11240,2175.0,365.3,729529.38,7170194.50,1861.97,3.27,0.54,-0.27
11240,2175.0,337.7,729529.38,7170194.50,862.41,2.94,1.16,0.06
11240,2175.0,308.5,729529.38,7170194.50,451.64,2.65,2.21,0.35
11240,2175.0,277.5,729529.38,7170194.50,283.29,2.45,3.53,0.55
11240,2175.0,244.7,729529.38,7170194.50,223.29,2.35,4.48,0.65
11240,2175.0,209.9,729529.38,7170194.50,218.81,2.34,4.57,0.66
11240,2175.0,172.6,729529.38,7170194.50,249.44,2.40,4.01,0.60
11240,2175.0,132.8,729529.38,7170194.50,304.79,2.48,3.28,0.52
11240,2175.0,90.5,729529.38,7170194.50,375.46,2.57,2.66,0.43
11240,2175.0,45.9,729529.38,7170194.50,449.14,2.65,2.23,0.35
11240,2175.0,-1.5,729529.38,7170194.50,505.58,2.70,1.98,0.30
11240,2225.0,550.8,729529.50,7170244.50,21.50,1.33,46.51,1.67
11240,2225.0,540.8,729529.50,7170244.50,12.83,1.11,77.92,1.89
11240,2225.0,530.8,729529.50,7170244.50,11.48,1.06,87.08,1.94
11240,2225.0,520.8,729529.50,7170244.50,21.05,1.32,47.51,1.68
11240,2225.0,510.8,729529.50,7170244.50,49.92,1.70,20.03,1.30
11240,2225.0,498.3,729529.50,7170244.50,186.40,2.27,5.36,0.73
11240,2225.0,480.8,729529.50,7170244.50,872.59,2.94,1.15,0.06
11240,2225.0,460.2,729529.50,7170244.50,3016.77,3.48,0.33,-0.48
11240,2225.0,438.3,729529.50,7170244.50,6128.44,3.79,0.16,-0.79
11240,2225.0,415.2,729529.50,7170244.50,6640.77,3.82,0.15,-0.82
11240,2225.0,390.7,729529.50,7170244.50,4586.30,3.66,0.22,-0.66
11240,2225.0,364.7,729529.50,7170244.50,2591.19,3.41,0.39,-0.41
11240,2225.0,337.1,729529.50,7170244.50,1419.30,3.15,0.70,-0.15
11240,2225.0,307.9,729529.50,7170244.50,825.33,2.92,1.21,0.08
11240,2225.0,276.9,729529.50,7170244.50,537.60,2.73,1.86,0.27
11240,2225.0,244.1,729529.50,7170244.50,406.87,2.61,2.46,0.39
11240,2225.0,209.3,729529.50,7170244.50,360.52,2.56,2.77,0.44
11240,2225.0,172.0,729529.50,7170244.50,363.44,2.56,2.75,0.44
11240,2225.0,132.3,729529.50,7170244.50,397.81,2.60,2.51,0.40
11240,2225.0,90.2,729529.50,7170244.50,450.35,2.65,2.22,0.35
11240,2225.0,45.7,729529.50,7170244.50,508.18,2.71,1.97,0.29
11240,2225.0,-1.5,729529.50,7170244.50,553.20,2.74,1.81,0.26
11240,2275.0,550.2,729529.75,7170294.50,21.51,1.33,46.48,1.67
11240,2275.0,540.2,729529.75,7170294.50,9.68,0.99,103.29,2.01
11240,2275.0,530.2,729529.75,7170294.50,7.69,0.89,130.09,2.11
11240,2275.0,520.2,729529.75,7170294.50,15.27,1.18,65.47,1.82
11240,2275.0,510.2,729529.75,7170294.50,37.53,1.57,26.64,1.43
11240,2275.0,497.8,729529.75,7170294.50,130.06,2.11,7.69,0.89
11240,2275.0,480.2,729529.75,7170294.50,475.69,2.68,2.10,0.32
11240,2275.0,459.6,729529.75,7170294.50,1350.19,3.13,0.74,-0.13
11240,2275.0,437.8,729529.75,7170294.50,2790.24,3.45,0.36,-0.45
11240,2275.0,414.7,729529.75,7170294.50,3803.09,3.58,0.26,-0.58
11240,2275.0,390.1,729529.75,7170294.50,3542.20,3.55,0.28,-0.55
11240,2275.0,364.1,729529.75,7170294.50,2602.06,3.42,0.38,-0.42
11240,2275.0,336.6,729529.75,7170294.50,1733.69,3.24,0.58,-0.24
11240,2275.0,307.3,729529.75,7170294.50,1149.43,3.06,0.87,-0.06
11240,2275.0,276.4,729529.75,7170294.50,803.41,2.90,1.24,0.10
11240,2275.0,243.5,729529.75,7170294.50,614.73,2.79,1.63,0.21
11240,2275.0,208.7,729529.75,7170294.50,524.08,2.72,1.91,0.28
11240,2275.0,171.6,729529.75,7170294.50,493.88,2.69,2.02,0.31
11240,2275.0,131.9,729529.75,7170294.50,502.55,2.70,1.99,0.30
11240,2275.0,90.0,729529.75,7170294.50,533.90,2.73,1.87,0.27
11240,2275.0,45.5,729529.75,7170294.50,574.16,2.76,1.74,0.24
11240,2275.0,-1.6,729529.75,7170294.50,607.10,2.78,1.65,0.22
11240,2325.0,550.2,729529.88,7170344.50,41.06,1.61,24.36,1.39
11240,2325.0,540.2,729529.88,7170344.50,23.58,1.37,42.40,1.63
11240,2325.0,530.2,729529.88,7170344.50,17.64,1.25,56.68,1.75
11240,2325.0,520.2,729529.88,7170344.50,24.67,1.39,40.54,1.61
11240,2325.0,510.2,729529.88,7170344.50,46.94,1.67,21.30,1.33
11240,2325.0,497.7,729529.88,7170344.50,131.97,2.12,7.58,0.88
11240,2325.0,480.2,729529.88,7170344.50,397.60,2.60,2.52,0.40
11240,2325.0,459.6,729529.88,7170344.50,918.73,2.96,1.09,0.04
11240,2325.0,437.7,729529.88,7170344.50,1652.41,3.22,0.61,-0.22
11240,2325.0,414.6,729529.88,7170344.50,2268.52,3.36,0.44,-0.36
11240,2325.0,390.0,729529.88,7170344.50,2416.13,3.38,0.41,-0.38
11240,2325.0,364.0,729529.88,7170344.50,2131.22,3.33,0.47,-0.33
11240,2325.0,336.5,729529.88,7170344.50,1687.18,3.23,0.59,-0.23
11240,2325.0,307.2,729529.88,7170344.50,1281.83,3.11,0.78,-0.11
11240,2325.0,276.3,729529.88,7170344.50,982.21,2.99,1.02,0.01
11240,2325.0,243.4,729529.88,7170344.50,787.13,2.90,1.27,0.10
11240,2325.0,208.6,729529.88,7170344.50,674.39,2.83,1.48,0.17
11240,2325.0,171.5,729529.88,7170344.50,620.00,2.79,1.61,0.21
11240,2325.0,131.9,729529.88,7170344.50,606.33,2.78,1.65,0.22
11240,2325.0,89.9,729529.88,7170344.50,617.93,2.79,1.62,0.21
11240,2325.0,45.5,729529.88,7170344.50,641.59,2.81,1.56,0.19
11240,2325.0,-1.6,729529.88,7170344.50,663.17,2.82,1.51,0.18
11240,2375.0,550.6,729530.12,7170394.50,22.29,1.35,44.87,1.65
11240,2375.0,540.6,729530.12,7170394.50,14.14,1.15,70.72,1.85
11240,2375.0,530.6,729530.12,7170394.50,12.89,1.11,77.60,1.89
11240,2375.0,520.6,729530.12,7170394.50,21.87,1.34,45.72,1.66
11240,2375.0,510.6,729530.12,7170394.50,47.09,1.67,21.24,1.33
11240,2375.0,498.1,729530.12,7170394.50,143.41,2.16,6.97,0.84
11240,2375.0,480.6,729530.12,7170394.50,420.46,2.62,2.38,0.38
11240,2375.0,460.0,729530.12,7170394.50,849.78,2.93,1.18,0.07
11240,2375.0,438.1,729530.12,7170394.50,1299.83,3.11,0.77,-0.11
11240,2375.0,415.0,729530.12,7170394.50,1617.46,3.21,0.62,-0.21
11240,2375.0,390.4,729530.12,7170394.50,1729.14,3.24,0.58,-0.24
11240,2375.0,364.4,729530.12,7170394.50,1653.32,3.22,0.60,-0.22
11240,2375.0,336.9,729530.12,7170394.50,1464.89,3.17,0.68,-0.17
11240,2375.0,307.6,729530.12,7170394.50,1243.38,3.09,0.80,-0.09
11240,2375.0,276.7,729530.12,7170394.50,1042.81,3.02,0.96,-0.02
11240,2375.0,243.8,729530.12,7170394.50,888.13,2.95,1.13,0.05
11240,2375.0,209.0,729530.12,7170394.50,783.86,2.89,1.28,0.11
11240,2375.0,171.9,729530.12,7170394.50,723.05,2.86,1.38,0.14
11240,2375.0,132.2,729530.12,7170394.50,696.90,2.84,1.43,0.16
11240,2375.0,90.1,729530.12,7170394.50,694.45,2.84,1.44,0.16
11240,2375.0,45.6,729530.12,7170394.50,705.04,2.85,1.42,0.15
11240,2375.0,-1.5,729530.12,7170394.50,717.30,2.86,1.39,0.14
11240,2425.0,551.1,729530.25,7170444.50,43.08,1.63,23.21,1.37
11240,2425.0,541.1,729530.25,7170444.50,23.41,1.37,42.71,1.63
11240,2425.0,531.1,729530.25,7170444.50,15.13,1.18,66.10,1.82
11240,2425.0,521.1,729530.25,7170444.50,19.60,1.29,51.01,1.71
11240,2425.0,511.1,729530.25,7170444.50,38.68,1.59,25.85,1.41
11240,2425.0,498.6,729530.25,7170444.50,118.84,2.07,8.41,0.93
11240,2425.0,481.1,729530.25,7170444.50,366.51,2.56,2.73,0.44
11240,2425.0,460.5,729530.25,7170444.50,735.27,2.87,1.36,0.13
11240,2425.0,438.7,729530.25,7170444.50,1056.28,3.02,0.95,-0.02
11240,2425.0,415.6,729530.25,7170444.50,1235.64,3.09,0.81,-0.09
11240,2425.0,391.0,729530.25,7170444.50,1297.78,3.11,0.77,-0.11
11240,2425.0,365.0,729530.25,7170444.50,1282.93,3.11,0.78,-0.11
11240,2425.0,337.4,729530.25,7170444.50,1216.70,3.09,0.82,-0.09
11240,2425.0,308.2,729530.25,7170444.50,1120.13,3.05,0.89,-0.05
11240,2425.0,277.2,729530.25,7170444.50,1014.77,3.01,0.99,-0.01
11240,2425.0,244.4,729530.25,7170444.50,918.98,2.96,1.09,0.04
11240,2425.0,209.6,729530.25,7170444.50,844.30,2.93,1.18,0.07
11240,2425.0,172.4,729530.25,7170444.50,793.78,2.90,1.26,0.10
11240,2425.0,132.6,729530.25,7170444.50,766.74,2.88,1.30,0.12
11240,2425.0,90.4,729530.25,7170444.50,757.86,2.88,1.32,0.12
11240,2425.0,45.8,729530.25,7170444.50,760.33,2.88,1.32,0.12
11240,2425.0,-1.5,729530.25,7170444.50,766.14,2.88,1.31,0.12
11240,2475.0,551.4,729530.50,7170494.50,22.64,1.35,44.17,1.65
11240,2475.0,541.4,729530.50,7170494.50,11.98,1.08,83.45,1.92
11240,2475.0,531.4,729530.50,7170494.50,7.52,0.88,133.00,2.12
11240,2475.0,521.4,729530.50,7170494.50,10.53,1.02,94.92,1.98
11240,2475.0,511.4,729530.50,7170494.50,23.34,1.37,42.84,1.63
11240,2475.0,499.0,729530.50,7170494.50,80.34,1.90,12.45,1.10
11240,2475.0,481.5,729530.50,7170494.50,261.87,2.42,3.82,0.58
11240,2475.0,460.9,729530.50,7170494.50,532.75,2.73,1.88,0.27
11240,2475.0,439.0,729530.50,7170494.50,763.31,2.88,1.31,0.12
11240,2475.0,415.9,729530.50,7170494.50,893.09,2.95,1.12,0.05
11240,2475.0,391.3,729530.50,7170494.50,953.89,2.98,1.05,0.02
11240,2475.0,365.3,729530.50,7170494.50,980.03,2.99,1.02,0.01
11240,2475.0,337.8,729530.50,7170494.50,984.04,2.99,1.02,0.01
11240,2475.0,308.5,729530.50,7170494.50,968.72,2.99,1.03,0.01
11240,2475.0,277.6,729530.50,7170494.50,938.06,2.97,1.07,0.03
11240,2475.0,244.7,729530.50,7170494.50,899.75,2.95,1.11,0.05
11240,2475.0,209.9,729530.50,7170494.50,862.66,2.94,1.16,0.06
11240,2475.0,172.6,729530.50,7170494.50,832.90,2.92,1.20,0.08
11240,2475.0,132.8,729530.50,7170494.50,814.14,2.91,1.23,0.09
11240,2475.0,90.6,729530.50,7170494.50,805.91,2.91,1.24,0.09
11240,2475.0,45.9,729530.50,7170494.50,805.26,2.91,1.24,0.09
11240,2475.0,-1.5,729530.50,7170494.50,807.58,2.91,1.24,0.09
11240,2525.0,551.2,729530.62,7170544.50,57.14,1.76,17.50,1.24
11240,2525.0,541.2,729530.62,7170544.50,31.17,1.49,32.08,1.51
11240,2525.0,531.2,729530.62,7170544.50,17.19,1.24,58.17,1.76
11240,2525.0,521.2,729530.62,7170544.50,17.35,1.24,57.65,1.76
11240,2525.0,511.2,729530.62,7170544.50,28.57,1.46,35.00,1.54
11240,2525.0,498.7,729530.62,7170544.50,72.88,1.86,13.72,1.14
11240,2525.0,481.2,729530.62,7170544.50,194.29,2.29,5.15,0.71
11240,2525.0,460.6,729530.62,7170544.50,360.38,2.56,2.77,0.44
11240,2525.0,438.8,729530.62,7170544.50,504.40,2.70,1.98,0.30
11240,2525.0,415.6,729530.62,7170544.50,602.06,2.78,1.66,0.22
11240,2525.0,391.1,729530.62,7170544.50,671.55,2.83,1.49,0.17
11240,2525.0,365.1,729530.62,7170544.50,729.62,2.86,1.37,0.14
11240,2525.0,337.5,729530.62,7170544.50,779.96,2.89,1.28,0.11
11240,2525.0,308.3,729530.62,7170544.50,819.03,2.91,1.22,0.09
11240,2525.0,277.3,729530.62,7170544.50,843.31,2.93,1.19,0.07
11240,2525.0,244.5,729530.62,7170544.50,853.15,2.93,1.17,0.07
11240,2525.0,209.7,729530.62,7170544.50,852.62,2.93,1.17,0.07
11240,2525.0,172.5,729530.62,7170544.50,847.34,2.93,1.18,0.07
11240,2525.0,132.6,729530.62,7170544.50,842.05,2.93,1.19,0.07
11240,2525.0,90.5,729530.62,7170544.50,839.40,2.92,1.19,0.08
11240,2525.0,45.8,729530.62,7170544.50,839.60,2.92,1.19,0.08
11240,2525.0,-1.5,729530.62,7170544.50,840.98,2.92,1.19,0.08
11240,2575.0,550.6,729530.88,7170594.50,26.64,1.43,37.53,1.57
11240,2575.0,540.6,729530.88,7170594.50,12.28,1.09,81.43,1.91
11240,2575.0,530.6,729530.88,7170594.50,6.16,0.79,162.35,2.21
11240,2575.0,520.6,729530.88,7170594.50,7.54,0.88,132.67,2.12
11240,2575.0,510.6,729530.88,7170594.50,15.57,1.19,64.22,1.81
11240,2575.0,498.1,729530.88,7170594.50,47.41,1.68,21.09,1.32
11240,2575.0,480.6,729530.88,7170594.50,128.64,2.11,7.77,0.89
11240,2575.0,460.0,729530.88,7170594.50,230.27,2.36,4.34,0.64
11240,2575.0,438.1,729530.88,7170594.50,320.73,2.51,3.12,0.49
11240,2575.0,415.0,729530.88,7170594.50,395.87,2.60,2.53,0.40
11240,2575.0,390.5,729530.88,7170594.50,467.13,2.67,2.14,0.33
11240,2575.0,364.4,729530.88,7170594.50,541.70,2.73,1.85,0.27
11240,2575.0,336.9,729530.88,7170594.50,618.51,2.79,1.62,0.21
11240,2575.0,307.7,729530.88,7170594.50,691.26,2.84,1.45,0.16
11240,2575.0,276.7,729530.88,7170594.50,752.75,2.88,1.33,0.12
11240,2575.0,243.8,729530.88,7170594.50,798.56,2.90,1.25,0.10
11240,2575.0,209.0,729530.88,7170594.50,828.53,2.92,1.21,0.08
11240,2575.0,171.9,729530.88,7170594.50,846.20,2.93,1.18,0.07
11240,2575.0,132.2,729530.88,7170594.50,855.66,2.93,1.17,0.07
11240,2575.0,90.1,729530.88,7170594.50,861.01,2.94,1.16,0.06
11240,2575.0,45.6,729530.88,7170594.50,864.53,2.94,1.16,0.06
11240,2575.0,-1.5,729530.88,7170594.50,866.72,2.94,1.15,0.06
11240,2625.0,549.8,729531.00,7170644.50,40.95,1.61,24.42,1.39
11240,2625.0,539.8,729531.00,7170644.50,19.16,1.28,52.20,1.72
11240,2625.0,529.8,729531.00,7170644.50,9.54,0.98,104.77,2.02
11240,2625.0,519.8,729531.00,7170644.50,9.76,0.99,102.48,2.01
11240,2625.0,509.8,729531.00,7170644.50,16.04,1.21,62.35,1.79
11240,2625.0,497.3,729531.00,7170644.50,38.38,1.58,26.06,1.42
11240,2625.0,479.8,729531.00,7170644.50,90.07,1.95,11.10,1.05
11240,2625.0,459.2,729531.00,7170644.50,153.51,2.19,6.51,0.81
11240,2625.0,437.3,729531.00,7170644.50,215.11,2.33,4.65,0.67
11240,2625.0,414.2,729531.00,7170644.50,275.76,2.44,3.63,0.56
11240,2625.0,389.7,729531.00,7170644.50,343.15,2.54,2.91,0.46
11240,2625.0,363.7,729531.00,7170644.50,421.52,2.62,2.37,0.38
11240,2625.0,336.1,729531.00,7170644.50,508.87,2.71,1.97,0.29
11240,2625.0,306.9,729531.00,7170644.50,598.37,2.78,1.67,0.22
11240,2625.0,275.9,729531.00,7170644.50,681.26,2.83,1.47,0.17
11240,2625.0,243.1,729531.00,7170644.50,750.35,2.88,1.33,0.12
11240,2625.0,208.3,729531.00,7170644.50,802.23,2.90,1.25,0.10
11240,2625.0,171.2,729531.00,7170644.50,838.08,2.92,1.19,0.08
11240,2625.0,131.6,729531.00,7170644.50,860.60,2.93,1.16,0.07
11240,2625.0,89.7,729531.00,7170644.50,874.11,2.94,1.14,0.06
11240,2625.0,45.4,729531.00,7170644.50,881.94,2.95,1.13,0.05
11240,2625.0,-1.6,729531.00,7170644.50,885.87,2.95,1.13,0.05
11240,2675.0,549.2,729531.25,7170694.50,26.26,1.42,38.09,1.58
11240,2675.0,539.2,729531.25,7170694.50,13.34,1.13,74.98,1.87
11240,2675.0,529.2,729531.25,7170694.50,7.83,0.89,127.64,2.11
11240,2675.0,519.2,729531.25,7170694.50,8.92,0.95,112.11,2.05
11240,2675.0,509.2,729531.25,7170694.50,14.80,1.17,67.55,1.83
11240,2675.0,496.7,729531.25,7170694.50,34.12,1.53,29.31,1.47
11240,2675.0,479.2,729531.25,7170694.50,75.87,1.88,13.18,1.12
11240,2675.0,458.6,729531.25,7170694.50,125.59,2.10,7.96,0.90
11240,2675.0,436.8,729531.25,7170694.50,175.26,2.24,5.71,0.76
11240,2675.0,413.6,729531.25,7170694.50,227.31,2.36,4.40,0.64
11240,2675.0,389.1,729531.25,7170694.50,288.74,2.46,3.46,0.54
11240,2675.0,363.1,729531.25,7170694.50,363.73,2.56,2.75,0.44
11240,2675.0,335.5,729531.25,7170694.50,451.11,2.65,2.22,0.35
11240,2675.0,306.3,729531.25,7170694.50,544.86,2.74,1.84,0.26
11240,2675.0,275.3,729531.25,7170694.50,636.25,2.80,1.57,0.20
11240,2675.0,242.5,729531.25,7170694.50,716.96,2.86,1.39,0.14
11240,2675.0,207.7,729531.25,7170694.50,781.64,2.89,1.28,0.11
11240,2675.0,170.6,729531.25,7170694.50,829.44,2.92,1.21,0.08
11240,2675.0,131.2,729531.25,7170694.50,861.64,2.94,1.16,0.06
11240,2675.0,89.5,729531.25,7170694.50,881.90,2.95,1.13,0.05
11240,2675.0,45.2,729531.25,7170694.50,893.81,2.95,1.12,0.05
11240,2675.0,-1.7,729531.25,7170694.50,899.66,2.95,1.11,0.05
11240,2725.0,549.0,729531.38,7170744.50,20.85,1.32,47.96,1.68
11240,2725.0,539.0,729531.38,7170744.50,16.02,1.20,62.43,1.80
11240,2725.0,529.0,729531.38,7170744.50,14.98,1.18,66.75,1.82
11240,2725.0,519.0,729531.38,7170744.50,19.36,1.29,51.65,1.71
11240,2725.0,509.0,729531.38,7170744.50,29.09,1.46,34.38,1.54
11240,2725.0,496.5,729531.38,7170744.50,54.41,1.74,18.38,1.26
11240,2725.0,479.0,729531.38,7170744.50,100.23,2.00,9.98,1.00
11240,2725.0,458.4,729531.38,7170744.50,148.23,2.17,6.75,0.83
11240,2725.0,436.6,729531.38,7170744.50,192.50,2.28,5.19,0.72
11240,2725.0,413.4,729531.38,7170744.50,237.40,2.38,4.21,0.62
11240,2725.0,388.9,729531.38,7170744.50,290.95,2.46,3.44,0.54
11240,2725.0,362.9,729531.38,7170744.50,358.10,2.55,2.79,0.45
11240,2725.0,335.3,729531.38,7170744.50,438.69,2.64,2.28,0.36
11240,2725.0,306.1,729531.38,7170744.50,527.99,2.72,1.89,0.28
11240,2725.0,275.1,729531.38,7170744.50,618.17,2.79,1.62,0.21
11240,2725.0,242.3,729531.38,7170744.50,700.99,2.85,1.43,0.15
11240,2725.0,207.5,729531.38,7170744.50,770.32,2.89,1.30,0.11
11240,2725.0,170.5,729531.38,7170744.50,823.93,2.92,1.21,0.08
11240,2725.0,131.1,729531.38,7170744.50,861.80,2.94,1.16,0.06
11240,2725.0,89.4,729531.38,7170744.50,886.69,2.95,1.13,0.05
11240,2725.0,45.1,729531.38,7170744.50,901.78,2.96,1.11,0.04
11240,2725.0,-1.7,729531.38,7170744.50,909.33,2.96,1.10,0.04
11240,2775.0,549.1,729531.62,7170794.50,31.60,1.50,31.64,1.50
11240,2775.0,539.1,729531.62,7170794.50,32.50,1.51,30.77,1.49
11240,2775.0,529.1,729531.62,7170794.50,38.22,1.58,26.17,1.42
11240,2775.0,519.1,729531.62,7170794.50,50.25,1.70,19.90,1.30
11240,2775.0,509.1,729531.62,7170794.50,68.41,1.84,14.62,1.16
11240,2775.0,496.6,729531.62,7170794.50,106.83,2.03,9.36,0.97
11240,2775.0,479.1,729531.62,7170794.50,165.07,2.22,6.06,0.78
11240,2775.0,458.5,729531.62,7170794.50,216.26,2.33,4.62,0.67
11240,2775.0,436.7,729531.62,7170794.50,255.97,2.41,3.91,0.59
11240,2775.0,413.5,729531.62,7170794.50,291.96,2.47,3.43,0.53
11240,2775.0,389.0,729531.62,7170794.50,334.67,2.52,2.99,0.48
11240,2775.0,363.0,729531.62,7170794.50,390.28,2.59,2.56,0.41
11240,2775.0,335.4,729531.62,7170794.50,459.53,2.66,2.18,0.34
11240,2775.0,306.2,729531.62,7170794.50,538.75,2.73,1.86,0.27
11240,2775.0,275.2,729531.62,7170794.50,621.29,2.79,1.61,0.21
11240,2775.0,242.4,729531.62,7170794.50,699.65,2.84,1.43,0.16
11240,2775.0,207.6,729531.62,7170794.50,767.59,2.89,1.30,0.11
11240,2775.0,170.5,729531.62,7170794.50,822.20,2.91,1.22,0.09
11240,2775.0,131.1,729531.62,7170794.50,862.32,2.94,1.16,0.06
11240,2775.0,89.4,729531.62,7170794.50,889.76,2.95,1.12,0.05
11240,2775.0,45.2,729531.62,7170794.50,906.96,2.96,1.10,0.04
11240,2775.0,-1.7,729531.62,7170794.50,915.82,2.96,1.09,0.04
11240,2825.0,549.3,729531.75,7170844.50,19.41,1.29,51.51,1.71
11240,2825.0,539.3,729531.75,7170844.50,19.99,1.30,50.04,1.70
11240,2825.0,529.3,729531.75,7170844.50,25.81,1.41,38.74,1.59
11240,2825.0,519.3,729531.75,7170844.50,39.20,1.59,25.51,1.41
11240,2825.0,509.3,729531.75,7170844.50,61.05,1.79,16.38,1.21
11240,2825.0,496.8,729531.75,7170844.50,111.17,2.05,9.00,0.95
11240,2825.0,479.3,729531.75,7170844.50,192.33,2.28,5.20,0.72
11240,2825.0,458.7,729531.75,7170844.50,264.99,2.42,3.77,0.58
11240,2825.0,436.9,729531.75,7170844.50,316.42,2.50,3.16,0.50
11240,2825.0,413.8,729531.75,7170844.50,353.65,2.55,2.83,0.45
11240,2825.0,389.2,729531.75,7170844.50,390.50,2.59,2.56,0.41
11240,2825.0,363.2,729531.75,7170844.50,436.39,2.64,2.29,0.36
11240,2825.0,335.7,729531.75,7170844.50,494.31,2.69,2.02,0.31
11240,2825.0,306.4,729531.75,7170844.50,562.26,2.75,1.78,0.25
11240,2825.0,275.5,729531.75,7170844.50,635.01,2.80,1.57,0.20
11240,2825.0,242.6,729531.75,7170844.50,706.12,2.85,1.42,0.15
11240,2825.0,207.8,729531.75,7170844.50,769.70,2.89,1.30,0.11
11240,2825.0,170.8,729531.75,7170844.50,822.56,2.92,1.22,0.08
11240,2825.0,131.3,729531.75,7170844.50,862.80,2.94,1.16,0.06
11240,2825.0,89.5,729531.75,7170844.50,891.34,2.95,1.12,0.05
11240,2825.0,45.2,729531.75,7170844.50,909.86,2.96,1.10,0.04
11240,2825.0,-1.7,729531.75,7170844.50,919.69,2.96,1.09,0.04
11240,2875.0,549.6,729532.00,7170894.50,26.59,1.42,37.60,1.58
11240,2875.0,539.6,729532.00,7170894.50,21.41,1.33,46.71,1.67
11240,2875.0,529.6,729532.00,7170894.50,21.26,1.33,47.05,1.67
11240,2875.0,519.6,729532.00,7170894.50,28.15,1.45,35.52,1.55
11240,2875.0,509.6,729532.00,7170894.50,42.76,1.63,23.39,1.37
11240,2875.0,497.1,729532.00,7170894.50,82.18,1.91,12.17,1.09
11240,2875.0,479.6,729532.00,7170894.50,160.00,2.20,6.25,0.80
11240,2875.0,459.0,729532.00,7170894.50,247.33,2.39,4.04,0.61
11240,2875.0,437.2,729532.00,7170894.50,321.08,2.51,3.11,0.49
11240,2875.0,414.0,729532.00,7170894.50,375.43,2.57,2.66,0.43
11240,2875.0,389.5,729532.00,7170894.50,420.02,2.62,2.38,0.38
11240,2875.0,363.5,729532.00,7170894.50,466.02,2.67,2.15,0.33
11240,2875.0,335.9,729532.00,7170894.50,519.40,2.72,1.93,0.28
11240,2875.0,306.7,729532.00,7170894.50,580.63,2.76,1.72,0.24
11240,2875.0,275.7,729532.00,7170894.50,646.40,2.81,1.55,0.19
11240,2875.0,242.9,729532.00,7170894.50,711.60,2.85,1.41,0.15
11240,2875.0,208.1,729532.00,7170894.50,771.17,2.89,1.30,0.11
11240,2875.0,171.0,729532.00,7170894.50,822.03,2.91,1.22,0.09
11240,2875.0,131.5,729532.00,7170894.50,861.88,2.94,1.16,0.06
11240,2875.0,89.6,729532.00,7170894.50,891.03,2.95,1.12,0.05
11240,2875.0,45.3,729532.00,7170894.50,910.59,2.96,1.10,0.04
11240,2875.0,-1.6,729532.00,7170894.50,921.24,2.96,1.09,0.04
11240,2925.0,549.8,729532.12,7170944.50,21.92,1.34,45.62,1.66
11240,2925.0,539.8,729532.12,7170944.50,17.75,1.25,56.35,1.75
11240,2925.0,529.8,729532.12,7170944.50,17.17,1.23,58.23,1.77
11240,2925.0,519.8,729532.12,7170944.50,21.91,1.34,45.64,1.66
11240,2925.0,509.8,729532.12,7170944.50,32.43,1.51,30.84,1.49
11240,2925.0,497.3,729532.12,7170944.50,61.65,1.79,16.22,1.21
11240,2925.0,479.8,729532.12,7170944.50,124.03,2.09,8.06,0.91
11240,2925.0,459.2,729532.12,7170944.50,204.25,2.31,4.90,0.69
11240,2925.0,437.4,729532.12,7170944.50,282.97,2.45,3.53,0.55
11240,2925.0,414.2,729532.12,7170944.50,349.08,2.54,2.86,0.46
11240,2925.0,389.7,729532.12,7170944.50,405.41,2.61,2.47,0.39
11240,2925.0,363.7,729532.12,7170944.50,459.60,2.66,2.18,0.34
11240,2925.0,336.1,729532.12,7170944.50,517.17,2.71,1.93,0.29
11240,2925.0,306.9,729532.12,7170944.50,579.49,2.76,1.73,0.24
11240,2925.0,275.9,729532.12,7170944.50,644.54,2.81,1.55,0.19
11240,2925.0,243.1,729532.12,7170944.50,708.43,2.85,1.41,0.15
11240,2925.0,208.3,729532.12,7170944.50,766.97,2.88,1.30,0.12
11240,2925.0,171.2,729532.12,7170944.50,817.59,2.91,1.22,0.09
11240,2925.0,131.6,729532.12,7170944.50,858.00,2.93,1.17,0.07
11240,2925.0,89.7,729532.12,7170944.50,888.22,2.95,1.13,0.05
11240,2925.0,45.4,729532.12,7170944.50,909.04,2.96,1.10,0.04
11240,2925.0,-1.6,729532.12,7170944.50,920.65,2.96,1.09,0.04
11240,2975.0,549.9,729532.38,7170994.50,25.87,1.41,38.66,1.59
11240,2975.0,539.9,729532.38,7170994.50,21.38,1.33,46.76,1.67
11240,2975.0,529.9,729532.38,7170994.50,20.55,1.31,48.66,1.69
11240,2975.0,519.9,729532.38,7170994.50,24.97,1.40,40.06,1.60
11240,2975.0,509.9,729532.38,7170994.50,34.42,1.54,29.05,1.46
11240,2975.0,497.3,729532.38,7170994.50,58.92,1.77,16.97,1.23
11240,2975.0,479.8,729532.38,7170994.50,107.77,2.03,9.28,0.97
11240,2975.0,459.2,729532.38,7170994.50,169.31,2.23,5.91,0.77
11240,2975.0,437.4,729532.38,7170994.50,233.21,2.37,4.29,0.63
11240,2975.0,414.3,729532.38,7170994.50,294.63,2.47,3.39,0.53
11240,2975.0,389.7,729532.38,7170994.50,355.01,2.55,2.82,0.45
11240,2975.0,363.7,729532.38,7170994.50,417.49,2.62,2.40,0.38
11240,2975.0,336.2,729532.38,7170994.50,483.91,2.68,2.07,0.32
11240,2975.0,306.9,729532.38,7170994.50,553.80,2.74,1.81,0.26
11240,2975.0,276.0,729532.38,7170994.50,624.61,2.80,1.60,0.20
11240,2975.0,243.1,729532.38,7170994.50,692.64,2.84,1.44,0.16
11240,2975.0,208.3,729532.38,7170994.50,754.26,2.88,1.33,0.12
11240,2975.0,171.2,729532.38,7170994.50,807.43,2.91,1.24,0.09
11240,2975.0,131.7,729532.38,7170994.50,850.16,2.93,1.18,0.07
11240,2975.0,89.8,729532.38,7170994.50,882.50,2.95,1.13,0.05
11240,2975.0,45.4,729532.38,7170994.50,905.14,2.96,1.10,0.04
11240,2975.0,-1.6,729532.38,7170994.50,918.01,2.96,1.09,0.04
11240,3025.0,549.7,729532.50,7171044.50,16.10,1.21,62.11,1.79
11240,3025.0,539.7,729532.50,7171044.50,15.93,1.20,62.78,1.80
11240,3025.0,529.7,729532.50,7171044.50,18.61,1.27,53.73,1.73
11240,3025.0,519.7,729532.50,7171044.50,24.99,1.40,40.02,1.60
11240,3025.0,509.7,729532.50,7171044.50,34.65,1.54,28.86,1.46
11240,3025.0,497.2,729532.50,7171044.50,55.28,1.74,18.09,1.26
11240,3025.0,479.7,729532.50,7171044.50,90.15,1.95,11.09,1.05
11240,3025.0,459.1,729532.50,7171044.50,130.90,2.12,7.64,0.88
11240,3025.0,437.3,729532.50,7171044.50,175.88,2.25,5.69,0.75
11240,3025.0,414.2,729532.50,7171044.50,226.52,2.36,4.41,0.64
11240,3025.0,389.6,729532.50,7171044.50,285.12,2.46,3.51,0.54
11240,3025.0,363.6,729532.50,7171044.50,352.65,2.55,2.84,0.45
11240,3025.0,336.0,729532.50,7171044.50,428.02,2.63,2.34,0.37
11240,3025.0,306.8,729532.50,7171044.50,508.13,2.71,1.97,0.29
11240,3025.0,275.9,729532.50,7171044.50,588.62,2.77,1.70,0.23
11240,3025.0,243.0,729532.50,7171044.50,664.88,2.82,1.50,0.18
11240,3025.0,208.2,729532.50,7171044.50,733.10,2.87,1.36,0.13
11240,3025.0,171.1,729532.50,7171044.50,791.49,2.90,1.26,0.10
11240,3025.0,131.6,729532.50,7171044.50,838.32,2.92,1.19,0.08
11240,3025.0,89.7,729532.50,7171044.50,873.95,2.94,1.14,0.06
11240,3025.0,45.4,729532.50,7171044.50,899.11,2.95,1.11,0.05
11240,3025.0,-1.6,729532.50,7171044.50,913.58,2.96,1.09,0.04
11240,3075.0,549.5,729532.75,7171094.50,19.03,1.28,52.55,1.72
11240,3075.0,539.5,729532.75,7171094.50,14.99,1.18,66.70,1.82
11240,3075.0,529.5,729532.75,7171094.50,13.67,1.14,73.18,1.86
11240,3075.0,519.5,729532.75,7171094.50,15.57,1.19,64.23,1.81
11240,3075.0,509.5,729532.75,7171094.50,20.14,1.30,49.65,1.70
11240,3075.0,497.0,729532.75,7171094.50,31.86,1.50,31.39,1.50
11240,3075.0,479.5,729532.75,7171094.50,54.40,1.74,18.38,1.26
11240,3075.0,458.9,729532.75,7171094.50,82.54,1.92,12.12,1.08
11240,3075.0,437.1,729532.75,7171094.50,116.11,2.06,8.61,0.94
11240,3075.0,413.9,729532.75,7171094.50,158.40,2.20,6.31,0.80
11240,3075.0,389.4,729532.75,7171094.50,213.18,2.33,4.69,0.67
11240,3075.0,363.4,729532.75,7171094.50,282.09,2.45,3.54,0.55
11240,3075.0,335.8,729532.75,7171094.50,363.49,2.56,2.75,0.44
11240,3075.0,306.6,729532.75,7171094.50,452.72,2.66,2.21,0.34
11240,3075.0,275.6,729532.75,7171094.50,543.47,2.74,1.84,0.26
11240,3075.0,242.8,729532.75,7171094.50,629.51,2.80,1.59,0.20
11240,3075.0,208.0,729532.75,7171094.50,706.11,2.85,1.42,0.15
11240,3075.0,170.9,729532.75,7171094.50,771.33,2.89,1.30,0.11
11240,3075.0,131.4,729532.75,7171094.50,823.47,2.92,1.21,0.08
11240,3075.0,89.6,729532.75,7171094.50,863.25,2.94,1.16,0.06
11240,3075.0,45.3,729532.75,7171094.50,891.46,2.95,1.12,0.05
11240,3075.0,-1.7,729532.75,7171094.50,907.79,2.96,1.10,0.04
11240,3125.0,549.2,729532.88,7171144.50,9.51,0.98,105.20,2.02
11240,3125.0,539.2,729532.88,7171144.50,5.56,0.74,179.99,2.26
11240,3125.0,529.2,729532.88,7171144.50,4.03,0.61,248.00,2.39
11240,3125.0,519.2,729532.88,7171144.50,4.73,0.67,211.53,2.33
11240,3125.0,509.2,729532.88,7171144.50,7.35,0.87,136.08,2.13
11240,3125.0,496.7,729532.88,7171144.50,15.36,1.19,65.12,1.81
11240,3125.0,479.2,729532.88,7171144.50,31.16,1.49,32.09,1.51
11240,3125.0,458.6,729532.88,7171144.50,49.99,1.70,20.00,1.30
11240,3125.0,436.8,729532.88,7171144.50,73.32,1.87,13.64,1.13
11240,3125.0,413.6,729532.88,7171144.50,106.25,2.03,9.41,0.97
11240,3125.0,389.1,729532.88,7171144.50,154.15,2.19,6.49,0.81
11240,3125.0,363.1,729532.88,7171144.50,220.12,2.34,4.54,0.66
11240,3125.0,335.5,729532.88,7171144.50,303.27,2.48,3.30,0.52
11240,3125.0,306.3,729532.88,7171144.50,398.32,2.60,2.51,0.40
11240,3125.0,275.3,729532.88,7171144.50,497.34,2.70,2.01,0.30
11240,3125.0,242.5,729532.88,7171144.50,592.32,2.77,1.69,0.23
11240,3125.0,207.7,729532.88,7171144.50,677.24,2.83,1.48,0.17
11240,3125.0,170.6,729532.88,7171144.50,749.45,2.87,1.33,0.13
11240,3125.0,131.2,729532.88,7171144.50,807.24,2.91,1.24,0.09
11240,3125.0,89.5,729532.88,7171144.50,851.40,2.93,1.17,0.07
11240,3125.0,45.2,729532.88,7171144.50,882.86,2.95,1.13,0.05
11240,3125.0,-1.7,729532.88,7171144.50,901.20,2.95,1.11,0.05
11240,3175.0,549.1,729533.12,7171194.50,9.90,1.00,101.00,2.00
11240,3175.0,539.1,729533.12,7171194.50,11.27,1.05,88.70,1.95
11240,3175.0,529.1,729533.12,7171194.50,13.92,1.14,71.82,1.86
11240,3175.0,519.1,729533.12,7171194.50,17.47,1.24,57.25,1.76
11240,3175.0,509.1,729533.12,7171194.50,21.20,1.33,47.17,1.67
11240,3175.0,496.6,729533.12,7171194.50,26.51,1.42,37.72,1.58
11240,3175.0,479.1,729533.12,7171194.50,31.78,1.50,31.46,1.50
11240,3175.0,458.5,729533.12,7171194.50,37.75,1.58,26.49,1.42
11240,3175.0,436.6,729533.12,7171194.50,49.54,1.69,20.18,1.31
11240,3175.0,413.5,729533.12,7171194.50,72.52,1.86,13.79,1.14
11240,3175.0,388.9,729533.12,7171194.50,112.25,2.05,8.91,0.95
11240,3175.0,362.9,729533.12,7171194.50,172.95,2.24,5.78,0.76
11240,3175.0,335.4,729533.12,7171194.50,254.76,2.41,3.93,0.59
11240,3175.0,306.1,729533.12,7171194.50,352.45,2.55,2.84,0.45
11240,3175.0,275.2,729533.12,7171194.50,456.94,2.66,2.19,0.34
11240,3175.0,242.3,729533.12,7171194.50,558.68,2.75,1.79,0.25
11240,3175.0,207.5,729533.12,7171194.50,650.38,2.81,1.54,0.19
11240,3175.0,170.5,729533.12,7171194.50,728.61,2.86,1.37,0.14
11240,3175.0,131.1,729533.12,7171194.50,791.50,2.90,1.26,0.10
11240,3175.0,89.4,729533.12,7171194.50,839.69,2.92,1.19,0.08
11240,3175.0,45.2,729533.12,7171194.50,874.18,2.94,1.14,0.06
11240,3175.0,-1.7,729533.12,7171194.50,894.41,2.95,1.12,0.05
11240,3225.0,548.9,729533.25,7171244.50,37.83,1.58,26.43,1.42
11240,3225.0,538.9,729533.25,7171244.50,38.14,1.58,26.22,1.42
11240,3225.0,528.9,729533.25,7171244.50,38.13,1.58,26.23,1.42
11240,3225.0,518.9,729533.25,7171244.50,37.32,1.57,26.80,1.43
11240,3225.0,508.9,729533.25,7171244.50,35.61,1.55,28.08,1.45
11240,3225.0,496.4,729533.25,7171244.50,32.18,1.51,31.08,1.49
11240,3225.0,478.9,729533.25,7171244.50,27.84,1.44,35.93,1.56
11240,3225.0,458.3,729533.25,7171244.50,26.85,1.43,37.24,1.57
11240,3225.0,436.5,729533.25,7171244.50,32.91,1.52,30.39,1.48
11240,3225.0,413.3,729533.25,7171244.50,50.07,1.70,19.97,1.30
11240,3225.0,388.8,729533.25,7171244.50,84.04,1.92,11.90,1.08
11240,3225.0,362.8,729533.25,7171244.50,140.29,2.15,7.13,0.85
11240,3225.0,335.2,729533.25,7171244.50,220.17,2.34,4.54,0.66
11240,3225.0,306.0,729533.25,7171244.50,318.76,2.50,3.14,0.50
11240,3225.0,275.0,729533.25,7171244.50,426.32,2.63,2.35,0.37
11240,3225.0,242.2,729533.25,7171244.50,532.32,2.73,1.88,0.27
11240,3225.0,207.4,729533.25,7171244.50,628.60,2.80,1.59,0.20
11240,3225.0,170.3,729533.25,7171244.50,711.15,2.85,1.41,0.15
11240,3225.0,131.0,729533.25,7171244.50,777.85,2.89,1.29,0.11
11240,3225.0,89.3,729533.25,7171244.50,829.26,2.92,1.21,0.08
11240,3225.0,45.1,729533.25,7171244.50,866.26,2.94,1.15,0.06
11240,3225.0,-1.7,729533.25,7171244.50,888.11,2.95,1.13,0.05
11240,3275.0,548.5,729533.50,7171294.50,54.11,1.73,18.48,1.27
11240,3275.0,538.5,729533.50,7171294.50,50.37,1.70,19.85,1.30
11240,3275.0,528.5,729533.50,7171294.50,44.58,1.65,22.43,1.35
11240,3275.0,518.5,729533.50,7171294.50,38.18,1.58,26.19,1.42
11240,3275.0,508.5,729533.50,7171294.50,32.14,1.51,31.11,1.49
11240,3275.0,496.0,729533.50,7171294.50,24.51,1.39,40.80,1.61
11240,3275.0,478.5,729533.50,7171294.50,18.01,1.26,55.51,1.74
11240,3275.0,457.9,729533.50,7171294.50,16.26,1.21,61.48,1.79
11240,3275.0,436.0,729533.50,7171294.50,20.98,1.32,47.67,1.68
11240,3275.0,412.9,729533.50,7171294.50,35.71,1.55,28.00,1.45
11240,3275.0,388.3,729533.50,7171294.50,66.77,1.82,14.98,1.18
11240,3275.0,362.3,729533.50,7171294.50,120.63,2.08,8.29,0.92
11240,3275.0,334.8,729533.50,7171294.50,199.41,2.30,5.01,0.70
11240,3275.0,305.5,729533.50,7171294.50,298.26,2.47,3.35,0.53
11240,3275.0,274.6,729533.50,7171294.50,407.12,2.61,2.46,0.39
11240,3275.0,241.7,729533.50,7171294.50,515.09,2.71,1.94,0.29
11240,3275.0,206.9,729533.50,7171294.50,613.67,2.79,1.63,0.21
11240,3275.0,170.0,729533.50,7171294.50,698.48,2.84,1.43,0.16
11240,3275.0,130.7,729533.50,7171294.50,767.45,2.89,1.30,0.11
11240,3275.0,89.1,729533.50,7171294.50,820.96,2.91,1.22,0.09
11240,3275.0,45.0,729533.50,7171294.50,859.78,2.93,1.16,0.07
11240,3275.0,-1.8,729533.50,7171294.50,882.76,2.95,1.13,0.05
11240,3325.0,547.9,729533.62,7171344.50,38.83,1.59,25.76,1.41
11240,3325.0,537.9,729533.62,7171344.50,35.51,1.55,28.16,1.45
11240,3325.0,527.9,729533.62,7171344.50,30.50,1.48,32.78,1.52
11240,3325.0,517.9,729533.62,7171344.50,25.19,1.40,39.70,1.60
11240,3325.0,507.9,729533.62,7171344.50,20.41,1.31,48.99,1.69
11240,3325.0,495.4,729533.62,7171344.50,14.75,1.17,67.80,1.83
11240,3325.0,477.9,729533.62,7171344.50,10.55,1.02,94.78,1.98
11240,3325.0,457.3,729533.62,7171344.50,10.24,1.01,97.70,1.99
11240,3325.0,435.5,729533.62,7171344.50,15.19,1.18,65.83,1.82
11240,3325.0,412.3,729533.62,7171344.50,29.40,1.47,34.02,1.53
11240,3325.0,387.8,729533.62,7171344.50,59.77,1.78,16.73,1.22
11240,3325.0,361.8,729533.62,7171344.50,113.18,2.05,8.84,0.95
11240,3325.0,334.2,729533.62,7171344.50,191.74,2.28,5.22,0.72
11240,3325.0,305.0,729533.62,7171344.50,290.40,2.46,3.44,0.54
11240,3325.0,274.0,729533.62,7171344.50,399.08,2.60,2.51,0.40
11240,3325.0,241.2,729533.62,7171344.50,506.95,2.70,1.97,0.30
11240,3325.0,206.4,729533.62,7171344.50,605.74,2.78,1.65,0.22
11240,3325.0,169.5,729533.62,7171344.50,690.96,2.84,1.45,0.16
11240,3325.0,130.3,729533.62,7171344.50,760.73,2.88,1.31,0.12
11240,3325.0,88.8,729533.62,7171344.50,815.25,2.91,1.23,0.09
11240,3325.0,44.8,729533.62,7171344.50,855.02,2.93,1.17,0.07
11240,3325.0,-1.8,729533.62,7171344.50,878.72,2.94,1.14,0.06
11240,3375.0,547.7,729533.88,7171394.50,25.06,1.40,39.90,1.60
11240,3375.0,537.7,729533.88,7171394.50,23.21,1.37,43.09,1.63
11240,3375.0,527.7,729533.88,7171394.50,20.34,1.31,49.15,1.69
11240,3375.0,517.7,729533.88,7171394.50,17.25,1.24,57.98,1.76
11240,3375.0,507.7,729533.88,7171394.50,14.44,1.16,69.27,1.84
11240,3375.0,495.2,729533.88,7171394.50,11.10,1.05,90.06,1.95
11240,3375.0,477.7,729533.88,7171394.50,8.92,0.95,112.05,2.05
11240,3375.0,457.1,729533.88,7171394.50,9.88,0.99,101.24,2.01
11240,3375.0,435.2,729533.88,7171394.50,15.79,1.20,63.35,1.80
11240,3375.0,412.1,729533.88,7171394.50,31.03,1.49,32.23,1.51
11240,3375.0,387.5,729533.88,7171394.50,62.51,1.80,16.00,1.20
11240,3375.0,361.5,729533.88,7171394.50,116.70,2.07,8.57,0.93
11240,3375.0,334.0,729533.88,7171394.50,195.22,2.29,5.12,0.71
11240,3375.0,304.7,729533.88,7171394.50,292.93,2.47,3.41,0.53
11240,3375.0,273.8,729533.88,7171394.50,400.01,2.60,2.50,0.40
11240,3375.0,240.9,729533.88,7171394.50,506.18,2.70,1.98,0.30
11240,3375.0,206.1,729533.88,7171394.50,603.65,2.78,1.66,0.22
11240,3375.0,169.2,729533.88,7171394.50,687.98,2.84,1.45,0.16
11240,3375.0,130.1,729533.88,7171394.50,757.46,2.88,1.32,0.12
11240,3375.0,88.7,729533.88,7171394.50,812.07,2.91,1.23,0.09
11240,3375.0,44.7,729533.88,7171394.50,852.11,2.93,1.17,0.07
11240,3375.0,-1.8,729533.88,7171394.50,876.08,2.94,1.14,0.06
11240,3425.0,547.9,729534.00,7171444.50,20.61,1.31,48.52,1.69
11240,3425.0,537.9,729534.00,7171444.50,19.56,1.29,51.12,1.71
11240,3425.0,527.9,729534.00,7171444.50,17.91,1.25,55.84,1.75
11240,3425.0,517.9,729534.00,7171444.50,16.09,1.21,62.16,1.79
11240,3425.0,507.9,729534.00,7171444.50,14.43,1.16,69.31,1.84
11240,3425.0,495.4,729534.00,7171444.50,12.48,1.10,80.13,1.90
11240,3425.0,477.9,729534.00,7171444.50,11.62,1.07,86.06,1.93
11240,3425.0,457.3,729534.00,7171444.50,13.84,1.14,72.25,1.86
11240,3425.0,435.5,729534.00,7171444.50,21.40,1.33,46.73,1.67
11240,3425.0,412.3,729534.00,7171444.50,38.71,1.59,25.83,1.41
11240,3425.0,387.8,729534.00,7171444.50,72.12,1.86,13.87,1.14
11240,3425.0,361.8,729534.00,7171444.50,127.26,2.10,7.86,0.90
11240,3425.0,334.2,729534.00,7171444.50,205.32,2.31,4.87,0.69
11240,3425.0,305.0,729534.00,7171444.50,301.29,2.48,3.32,0.52
11240,3425.0,274.0,729534.00,7171444.50,405.96,2.61,2.46,0.39
11240,3425.0,241.2,729534.00,7171444.50,509.74,2.71,1.96,0.29
11240,3425.0,206.4,729534.00,7171444.50,605.18,2.78,1.65,0.22
11240,3425.0,169.5,729534.00,7171444.50,688.14,2.84,1.45,0.16
11240,3425.0,130.3,729534.00,7171444.50,756.77,2.88,1.32,0.12
11240,3425.0,88.8,729534.00,7171444.50,810.96,2.91,1.23,0.09
11240,3425.0,44.8,729534.00,7171444.50,850.84,2.93,1.18,0.07
11240,3425.0,-1.8,729534.00,7171444.50,874.70,2.94,1.14,0.06
11240,3475.0,548.4,729534.25,7171494.50,20.56,1.31,48.63,1.69
11240,3475.0,538.4,729534.25,7171494.50,19.88,1.30,50.31,1.70
11240,3475.0,528.4,729534.25,7171494.50,18.80,1.27,53.18,1.73
11240,3475.0,518.4,729534.25,7171494.50,17.62,1.25,56.74,1.75
11240,3475.0,508.4,729534.25,7171494.50,16.59,1.22,60.29,1.78
11240,3475.0,495.9,729534.25,7171494.50,15.48,1.19,64.60,1.81
11240,3475.0,478.4,729534.25,7171494.50,15.61,1.19,64.06,1.81
11240,3475.0,457.8,729534.25,7171494.50,18.96,1.28,52.75,1.72
11240,3475.0,436.0,729534.25,7171494.50,27.97,1.45,35.76,1.55
11240,3475.0,412.8,729534.25,7171494.50,46.91,1.67,21.32,1.33
11240,3475.0,388.3,729534.25,7171494.50,81.59,1.91,12.26,1.09
11240,3475.0,362.3,729534.25,7171494.50,137.10,2.14,7.29,0.86
11240,3475.0,334.7,729534.25,7171494.50,214.42,2.33,4.66,0.67
11240,3475.0,305.5,729534.25,7171494.50,308.81,2.49,3.24,0.51
11240,3475.0,274.5,729534.25,7171494.50,411.61,2.61,2.43,0.39
11240,3475.0,241.7,729534.25,7171494.50,513.59,2.71,1.95,0.29
11240,3475.0,206.9,729534.25,7171494.50,607.53,2.78,1.65,0.22
11240,3475.0,169.9,729534.25,7171494.50,689.47,2.84,1.45,0.16
11240,3475.0,130.7,729534.25,7171494.50,757.37,2.88,1.32,0.12
11240,3475.0,89.1,729534.25,7171494.50,811.09,2.91,1.23,0.09
11240,3475.0,45.0,729534.25,7171494.50,850.67,2.93,1.18,0.07
11240,3475.0,-1.8,729534.25,7171494.50,874.29,2.94,1.14,0.06
