LINE,FID,EAST,NORTH,TER,ALT,PITCH,MAG,AppCon1_Ch01,AppCon1_Ch02,AppCon1_Ch03,AppCon1_Ch04,AppCon1_Ch05,AppCon1_Ch06,AppCon1_Ch07,AppCon1_Ch08,AppCon1_Ch09,AppCon1_Ch10
11240,3788,729521.0,7168031.5,560.7,99.9,0.0,54806.40,39.90,46.58,50.25,48.42,43.67,35.48,25.19,15.22,12.82,-1000.00
11240,3792,729520.2,7168079.5,561.5,99.6,0.0,54839.73,39.83,49.35,53.22,51.90,46.97,38.00,26.42,15.33,11.57,-1000.00
11240,3796,729519.8,7168128.0,561.0,99.8,0.0,54855.10,41.99,53.61,56.80,55.86,50.31,40.39,27.40,15.53,10.53,-1000.00
11240,3800,729519.3,7168178.0,560.3,100.4,0.0,54858.45,46.21,57.77,61.07,60.18,53.87,42.51,28.06,15.60,9.54,-1000.00
11240,3804,729518.8,7168228.0,560.1,100.7,0.0,54863.62,49.44,59.77,65.21,64.28,57.31,44.25,28.37,15.28,8.43,-1000.00
11240,3808,729518.3,7168278.0,560.0,101.0,0.0,54872.39,51.62,61.36,69.71,69.05,60.53,45.84,28.44,14.67,6.97,-1000.00
11240,3812,729518.1,7168326.5,560.0,101.1,0.0,54877.92,50.39,62.05,72.55,72.63,62.70,46.55,28.31,14.07,-1000.00,-1000.00
11240,3816,729517.8,7168374.5,560.1,100.8,0.0,54865.20,47.57,61.62,73.67,74.36,63.41,46.17,27.69,13.75,-1000.00,-1000.00
11240,3820,729517.8,7168422.5,560.5,100.7,0.0,54845.41,47.38,62.05,73.82,73.59,62.05,44.53,26.64,13.78,-1000.00,-1000.00
11240,3824,729517.9,7168472.5,560.9,100.5,0.0,54835.46,47.62,62.49,72.02,69.97,58.23,41.19,25.33,14.08,-1000.00,-1000.00
11240,3828,729517.8,7168522.5,560.7,100.6,0.0,54839.66,49.22,63.60,70.40,66.07,53.79,37.55,23.84,14.59,-1000.00,-1000.00
11240,3832,729517.4,7168572.5,560.1,100.6,0.0,54857.41,50.22,62.83,66.47,61.20,48.70,33.86,22.06,15.11,7.05,-1000.00
11240,3836,729516.8,7168621.0,559.4,100.8,0.0,54875.21,51.95,61.44,61.49,55.08,42.88,30.15,20.13,14.77,8.23,-1000.00
11240,3840,729515.8,7168669.0,558.7,101.2,0.0,54885.89,53.56,58.85,55.82,47.59,37.01,26.47,18.35,13.56,9.08,-1000.00
11240,3844,729514.8,7168717.0,558.3,101.1,0.0,54892.10,49.29,50.62,46.35,38.96,31.14,23.06,16.84,12.64,9.79,-1000.00
11240,3848,729513.7,7168767.0,558.1,101.3,0.0,54893.78,39.93,39.70,36.82,31.76,25.78,20.22,15.49,12.18,10.51,-1000.00
11240,3852,729512.8,7168817.0,558.4,102.2,0.0,54891.11,33.88,32.84,30.12,26.02,21.91,17.88,14.23,11.86,10.61,-1000.00
11240,3856,729512.3,7168867.0,558.9,103.5,0.0,54884.91,30.93,28.79,25.87,22.64,19.33,16.25,13.40,11.73,10.15,-1000.00
11240,3860,729512.2,7168916.0,558.8,104.4,0.0,54876.45,28.88,26.07,23.56,20.47,17.61,15.32,13.26,12.17,10.64,-1000.00
11240,3864,729512.9,7168964.0,558.5,104.0,0.0,54866.77,24.81,23.31,21.34,18.55,16.03,14.70,13.60,13.59,13.70,-1000.00
11240,3868,729514.3,7169012.0,558.5,103.6,0.0,54856.76,21.58,20.63,19.20,16.89,15.04,14.52,14.62,16.44,18.25,-1000.00
11240,3872,729516.3,7169060.0,558.5,103.4,0.0,54847.04,18.93,18.23,17.32,15.77,14.78,14.86,16.35,21.56,24.96,-1000.00
11240,3876,729518.8,7169108.0,558.9,103.8,0.0,54838.41,18.17,17.34,16.66,15.71,15.27,15.81,19.08,27.70,37.95,-1000.00
11240,3880,729521.8,7169157.5,559.6,104.0,0.0,54831.00,19.32,18.08,17.62,16.80,16.74,17.96,23.12,34.18,54.22,-1000.00
11240,3884,729524.9,7169207.5,559.3,104.3,0.0,54823.95,21.33,19.55,19.31,18.42,18.65,20.57,27.48,40.44,68.91,-1000.00
11240,3888,729528.1,7169256.0,558.4,104.6,0.0,54817.40,21.38,19.85,19.73,19.81,20.21,23.15,31.45,46.49,80.77,-1000.00
11240,3892,729531.3,7169304.0,558.1,102.3,0.0,54812.29,16.27,17.17,18.15,20.47,22.38,28.03,39.22,58.35,100.37,-1000.00
11240,3896,729534.5,7169352.0,558.1,100.9,0.0,54808.05,13.02,15.19,17.64,22.34,28.20,39.20,57.94,87.63,149.38,-1000.00
11240,3900,729537.6,7169400.0,557.8,100.3,0.0,54804.15,11.83,14.47,18.49,25.33,36.13,53.99,82.48,126.68,216.52,-1000.00
11240,3904,729540.3,7169449.5,557.2,99.8,0.0,54800.74,11.53,13.96,18.94,27.31,41.16,63.84,99.90,156.25,277.16,-1000.00
11240,3908,729542.6,7169499.5,557.1,99.2,0.0,54797.39,10.92,13.01,18.11,27.09,42.56,67.87,107.47,169.36,306.78,-1000.00
11240,3912,729544.3,7169549.5,557.7,98.1,0.0,54793.45,9.90,11.62,16.17,25.10,40.91,66.45,104.49,162.41,288.23,-1000.00
11240,3916,729545.6,7169599.5,558.3,96.6,0.0,54789.38,9.19,10.36,14.28,22.17,36.64,59.75,92.89,142.51,249.10,-1000.00
11240,3920,729546.2,7169647.5,559.2,95.2,0.0,54785.38,9.03,9.82,12.72,18.54,29.63,47.86,75.67,121.57,231.92,-1000.00
11240,3924,729546.7,7169695.5,559.0,94.2,0.0,54781.93,9.32,9.82,11.49,15.08,22.47,36.11,62.61,116.96,250.63,-1000.00
11240,3928,729546.9,7169745.5,557.6,93.4,0.0,54779.27,9.62,10.22,11.17,13.88,20.19,33.14,63.42,130.43,286.76,-1000.00
11240,3932,729547.1,7169795.5,556.8,92.7,0.0,54776.05,9.86,11.26,13.19,17.81,26.92,43.89,79.21,149.76,314.78,-1000.00
11240,3936,729547.4,7169845.5,556.9,92.9,0.0,54773.44,10.21,12.55,16.36,24.42,38.58,62.04,101.05,169.11,333.71,-1000.00
11240,3940,729547.6,7169895.5,557.0,92.9,0.0,54775.58,10.47,12.62,17.24,26.50,42.79,69.20,110.56,178.36,334.96,-1000.00
11240,3944,729547.8,7169945.5,557.3,92.8,0.0,54786.38,10.63,11.91,15.91,23.91,38.19,61.70,98.96,162.10,291.55,-1000.00
11240,3948,729547.5,7169994.5,557.2,93.1,0.0,54795.39,10.96,11.60,14.66,20.67,31.49,48.78,75.00,117.02,191.55,-1000.00
11240,3952,729546.6,7170042.5,556.6,93.5,0.0,54807.57,11.44,11.86,14.33,18.95,26.38,37.97,53.70,73.69,104.86,-1000.00
11240,3956,729545.2,7170090.5,556.4,93.2,0.0,54822.82,11.81,11.74,14.39,18.05,22.99,31.24,42.15,55.07,75.63,-1000.00
11240,3960,729543.2,7170140.5,557.1,92.6,0.0,54833.08,10.90,10.92,13.48,16.35,19.73,25.55,34.63,47.50,74.61,-1000.00
11240,3964,729540.9,7170190.5,557.0,92.3,0.0,54835.87,9.13,10.26,12.34,14.27,16.64,20.84,27.85,40.42,71.48,-1000.00
11240,3968,729538.1,7170240.5,555.7,92.6,0.0,54831.84,9.08,11.39,12.89,13.33,14.53,17.19,22.25,32.56,58.09,-1000.00
11240,3972,729535.3,7170288.0,555.0,91.9,0.0,54820.12,11.83,15.43,16.78,15.39,14.15,14.57,17.56,23.96,40.34,-1000.00
11240,3976,729532.8,7170336.0,554.8,91.9,0.0,54803.58,19.58,24.63,25.84,22.19,16.60,13.55,13.99,17.15,25.90,-1000.00
11240,3980,729530.7,7170384.0,555.1,92.6,0.0,54787.86,36.40,39.78,38.54,31.01,20.88,13.87,11.76,12.55,17.42,-1000.00
11240,3984,729529.0,7170434.0,556.2,93.5,0.0,54776.33,56.36,53.14,47.34,36.55,24.17,14.53,10.42,9.91,12.89,-1000.00
11240,3988,729527.8,7170484.0,556.9,94.1,0.0,54775.93,47.12,49.88,46.53,37.26,25.31,15.01,9.95,9.22,11.17,-1000.00
11240,3992,729526.8,7170532.5,556.6,94.0,0.0,54783.43,34.01,41.18,42.49,35.92,25.07,15.00,9.76,9.16,10.14,-1000.00
11240,3996,729526.0,7170580.5,555.9,94.3,0.0,54788.06,32.83,39.59,41.74,35.71,24.79,14.72,9.55,9.16,9.55,-1000.00
11240,4000,729525.2,7170628.5,554.9,94.5,0.0,54783.76,35.09,40.72,42.53,36.18,24.71,14.62,9.49,9.15,9.49,-1000.00
11240,4004,729524.5,7170676.5,554.0,94.5,0.0,54771.24,36.59,42.15,43.43,36.61,24.84,15.06,9.98,9.15,9.79,-1000.00
11240,4008,729523.6,7170724.5,553.9,94.7,0.0,54763.93,37.68,43.72,44.19,36.66,25.20,15.97,10.83,9.19,10.25,-1000.00
11240,4012,729522.6,7170774.0,554.1,95.0,0.0,54763.27,40.52,45.89,44.62,36.49,25.73,17.07,11.68,9.34,10.92,-1000.00
11240,4016,729521.6,7170824.0,554.3,95.9,0.0,54765.15,49.67,49.74,45.39,36.46,26.41,18.29,12.57,9.69,11.99,-1000.00
11240,4020,729520.8,7170872.5,554.5,96.9,0.0,54768.16,55.78,50.96,44.36,35.77,26.86,19.60,13.54,10.29,13.08,-1000.00
11240,4024,729520.3,7170920.5,554.7,97.7,0.0,54768.84,50.04,45.44,40.15,34.04,26.98,20.85,14.56,10.91,13.72,-1000.00
11240,4028,729519.9,7170968.5,554.9,98.6,0.0,54765.69,40.89,39.33,36.84,32.32,27.08,21.67,15.43,11.12,13.62,-1000.00
11240,4032,729519.6,7171016.5,554.9,99.6,0.0,54760.99,40.65,39.93,37.50,32.85,27.76,22.23,15.78,11.07,12.71,-1000.00
11240,4036,729519.1,7171064.5,554.8,100.2,0.0,54756.12,47.34,46.98,42.65,35.75,29.00,22.69,15.90,11.05,12.02,-1000.00
11240,4040,729518.6,7171114.5,554.3,100.7,0.0,54752.95,50.95,52.10,47.49,38.03,29.59,22.66,16.02,11.42,12.28,-1000.00
11240,4044,729518.1,7171164.5,553.7,101.7,0.0,54751.92,43.72,47.58,45.07,37.05,28.59,21.91,16.22,12.24,12.69,-1000.00
11240,4048,729517.9,7171214.5,554.0,102.2,0.0,54756.55,33.18,39.29,39.83,35.30,27.96,21.83,16.64,13.14,12.80,-1000.00
11240,4052,729518.4,7171262.5,554.5,101.9,0.0,54769.44,31.75,41.08,44.05,40.00,31.97,25.20,18.16,13.94,12.34,-1000.00
11240,4056,729520.0,7171310.5,553.5,102.2,0.0,54794.65,38.22,51.81,55.64,51.05,39.79,31.13,21.09,14.74,11.93,-1000.00
11240,4060,729522.6,7171360.5,552.0,102.8,0.0,54832.02,44.96,57.71,60.72,56.02,45.20,34.01,23.76,15.62,11.39,-1000.00
11240,4064,729525.9,7171410.5,552.3,103.4,0.0,54867.99,46.43,56.66,59.31,55.36,45.77,34.61,24.87,16.51,10.38,-1000.00
11240,4068,729529.4,7171460.5,553.4,103.5,0.0,54895.73,43.06,52.57,56.12,53.53,45.29,34.80,24.83,16.83,8.53,-1000.00
11250,4072,729532.8,7171509.5,553.6,101.3,0.0,54879.53,36.07,39.85,41.98,40.36,35.68,28.26,19.82,13.86,8.12,-1000.00
11250,362,734931.8,7173375.5,566.7,98.2,0.0,54790.68,28.56,24.37,20.40,16.23,12.38,9.16,7.34,9.22,12.77,-1000.00
11250,366,734929.2,7173321.5,565.9,98.9,0.0,54795.56,24.26,20.91,17.34,14.54,11.45,8.61,6.97,8.17,9.82,-1000.00
11250,370,734926.8,7173267.5,565.3,99.0,0.0,54800.06,20.54,16.20,14.03,12.51,10.39,7.98,6.52,6.99,6.26,-1000.00
11250,374,734924.8,7173213.5,566.1,97.8,0.0,54806.39,17.07,13.62,11.73,10.70,9.32,7.32,6.04,6.45,-1000.00,-1000.00
11250,378,734923.5,7173157.5,567.0,96.2,0.0,54813.76,15.17,13.43,11.38,9.78,8.37,6.73,5.62,6.70,-1000.00,-1000.00
11250,382,734922.9,7173101.5,567.4,94.0,0.0,54816.66,13.92,14.78,12.02,9.30,7.46,6.12,5.35,7.11,7.70,-1000.00
11250,386,734922.7,7173045.5,567.4,91.1,0.0,54809.41,12.77,14.45,11.36,8.51,6.52,5.42,5.20,7.25,10.57,-1000.00
11250,390,734922.8,7172989.5,567.3,88.0,0.0,54800.91,10.32,10.23,8.79,7.17,5.66,4.76,5.08,7.11,11.28,-1000.00
11250,394,734922.9,7172933.5,567.8,87.8,0.0,54800.27,8.54,6.93,6.65,6.15,5.16,4.38,4.92,6.74,10.46,-1000.00
11250,398,734923.3,7172877.5,568.6,88.9,0.0,54799.09,8.15,6.55,6.48,6.23,5.04,4.24,4.65,6.15,9.07,-1000.00
11250,402,734923.7,7172821.5,568.7,89.1,0.0,54795.01,8.90,7.69,7.31,6.87,5.07,4.16,4.29,5.45,7.19,-1000.00
11250,406,734924.2,7172765.5,568.7,89.5,0.0,54792.75,10.39,8.85,7.96,7.18,5.12,4.07,3.89,4.78,-1000.00,-1000.00
11250,410,734924.8,7172709.5,569.0,90.6,0.0,54790.88,12.99,10.53,8.59,7.26,5.17,3.99,3.56,4.35,-1000.00,-1000.00
11250,414,734925.2,7172655.0,569.6,92.0,0.0,54786.35,16.27,13.21,10.14,7.71,5.37,3.96,3.52,4.18,-1000.00,-1000.00
11250,418,734925.5,7172601.0,570.6,93.6,0.0,54777.23,21.48,17.07,13.26,9.05,5.89,4.01,3.63,4.12,7.36,-1000.00
11250,422,734925.6,7172545.5,571.5,95.0,0.0,54770.11,27.80,22.82,17.36,11.49,6.93,4.17,3.68,3.91,7.52,-1000.00
11250,426,734925.6,7172489.5,572.2,95.9,0.0,54766.88,34.07,29.07,22.23,14.84,8.50,4.51,3.60,3.17,-1000.00,-1000.00
11250,430,734925.2,7172433.5,572.1,95.4,0.0,54765.77,34.27,31.30,24.73,17.16,9.76,4.93,3.51,-1000.00,-1000.00,-1000.00
11250,434,734925.0,7172377.5,571.8,94.6,0.0,54766.98,27.13,27.28,23.45,17.17,10.27,5.41,3.74,-1000.00,-1000.00,-1000.00
11250,438,734924.8,7172321.5,573.4,94.0,0.0,54770.34,19.50,21.88,20.45,15.86,10.29,6.01,4.50,3.38,-1000.00,-1000.00
11250,442,734924.8,7172265.5,574.7,93.1,0.0,54775.67,17.81,20.84,19.55,15.23,10.32,6.83,5.68,5.34,-1000.00,-1000.00
11250,446,734925.1,7172210.5,573.6,93.6,0.0,54781.00,22.86,24.62,21.72,15.90,10.86,8.04,7.27,7.96,10.48,-1000.00
11250,450,734925.3,7172156.5,574.0,94.9,0.0,54785.20,26.37,26.75,22.53,16.28,11.66,9.58,9.50,11.48,15.61,-1000.00
11250,454,734925.6,7172101.0,577.4,96.0,0.0,54789.41,21.63,21.68,18.98,14.99,12.15,11.21,12.10,15.41,21.16,-1000.00
11250,458,734926.3,7172045.0,579.5,95.3,0.0,54792.30,13.97,13.81,13.77,12.74,11.97,11.91,13.35,17.71,24.95,-1000.00
11250,462,734927.1,7171989.0,580.1,93.8,0.0,54789.75,9.09,9.34,10.05,10.10,10.10,9.59,9.37,12.37,17.57,-1000.00
11250,466,734927.8,7171933.0,579.6,94.1,0.0,54793.06,6.91,7.52,8.00,7.97,7.34,5.45,-1000.00,-1000.00,-1000.00,-1000.00
11250,470,734928.1,7171877.0,578.3,94.4,0.0,54798.76,5.93,6.66,7.87,9.19,11.00,13.67,17.38,23.37,36.04,-1000.00
11250,474,734928.0,7171821.0,577.2,96.3,0.0,54804.12,5.56,6.95,11.47,17.28,27.05,42.63,66.54,103.44,180.68,-1000.00
11250,478,734927.9,7171767.0,576.5,98.1,0.0,54809.48,5.24,7.30,15.12,25.73,43.96,73.46,120.70,198.54,379.08,-1000.00
11250,482,734928.1,7171713.0,576.4,98.6,0.0,54816.06,4.98,6.82,13.97,25.19,44.87,77.86,133.49,231.20,487.54,-1000.00
11250,486,734928.6,7171656.5,577.1,97.1,0.0,54824.32,5.01,6.14,10.61,19.48,35.47,63.42,114.53,211.07,482.64,-1000.00
11250,490,734929.4,7171600.5,578.7,96.8,0.0,54833.83,5.69,6.47,9.59,16.40,29.89,54.25,98.94,188.91,450.76,-1000.00
11250,494,734930.4,7171544.5,580.4,96.6,0.0,54843.20,6.37,7.88,11.29,18.17,31.55,55.11,96.72,176.20,396.33,-1000.00
11250,498,734931.6,7171488.5,581.9,96.3,0.0,54851.82,6.22,8.56,12.85,20.48,34.43,58.10,97.67,167.07,329.24,-1000.00
11250,502,734932.8,7171432.5,582.8,95.8,0.0,54863.00,5.62,7.80,11.51,18.24,29.92,50.20,83.42,139.24,246.12,-1000.00
11250,506,734933.9,7171376.5,583.0,95.5,0.0,54875.59,5.30,6.76,9.36,13.69,21.42,35.25,57.74,95.15,167.78,-1000.00
11250,510,734934.8,7171320.5,582.2,95.7,0.0,54888.16,5.28,5.99,8.13,10.82,16.09,25.42,40.55,66.61,118.98,-1000.00
11250,514,734935.4,7171264.5,581.2,94.5,0.0,54901.63,5.03,5.35,7.00,9.44,13.59,21.04,33.14,55.80,98.34,-1000.00
11250,518,734935.6,7171208.0,580.9,92.6,0.0,54915.95,4.48,5.06,6.02,8.04,11.28,17.18,27.41,47.20,84.87,-1000.00
11250,522,734935.7,7171151.5,580.6,91.6,0.0,54928.81,4.25,5.23,5.54,6.59,8.92,13.31,21.28,36.39,67.16,-1000.00
11250,526,734935.3,7171093.5,580.4,91.7,0.0,54934.69,5.04,5.85,5.71,5.61,6.89,9.85,15.41,24.78,42.46,-1000.00
11250,530,734934.6,7171035.5,580.6,92.0,0.0,54935.71,6.27,6.86,6.25,5.27,5.56,7.39,11.25,17.15,25.75,-1000.00
11250,534,734933.2,7170980.0,581.0,92.6,0.0,54941.82,7.80,8.07,7.01,5.56,4.91,5.71,8.72,14.19,21.91,-1000.00
11250,538,734931.1,7170924.0,579.8,93.3,0.0,54953.42,9.14,9.22,7.88,6.22,4.75,4.69,7.06,12.39,20.82,-1000.00
11250,542,734928.7,7170868.0,578.6,94.1,0.0,54966.42,9.65,9.67,8.53,6.89,4.94,4.42,6.16,10.97,19.74,-1000.00
11250,546,734926.2,7170812.0,578.9,94.2,0.0,54974.92,9.12,9.13,8.68,7.34,5.17,4.31,5.58,9.52,18.25,-1000.00
11250,550,734924.2,7170756.0,578.4,93.4,0.0,54977.64,8.64,8.75,8.94,7.64,5.28,4.08,4.97,7.45,14.98,-1000.00
11250,554,734922.8,7170699.0,576.6,91.0,0.0,54977.29,9.03,9.75,9.76,7.87,5.26,3.69,4.29,4.25,8.38,-1000.00
11250,558,734922.1,7170641.0,575.8,91.4,0.0,54977.77,10.79,11.97,10.94,8.21,5.26,3.34,3.75,-1000.00,-1000.00,-1000.00
11250,562,734922.1,7170583.0,576.1,91.0,0.0,54981.12,11.37,12.38,11.16,8.27,5.23,3.23,3.38,2.73,-1000.00,-1000.00
11250,566,734922.5,7170527.0,576.1,90.2,0.0,54986.36,10.37,11.65,10.67,8.04,5.23,3.32,3.04,4.10,-1000.00,-1000.00
11250,570,734923.4,7170471.0,575.9,89.6,0.0,54990.62,8.98,10.14,9.67,7.71,5.39,3.39,2.36,4.12,5.98,-1000.00
11250,574,734924.4,7170415.0,575.9,90.3,0.0,54999.55,8.01,8.97,8.79,7.55,5.76,3.48,-1000.00,3.22,-1000.00,-1000.00
11250,578,734925.6,7170356.5,575.5,91.3,0.0,55018.89,7.62,8.34,8.52,7.84,6.33,3.93,-1000.00,-1000.00,-1000.00,-1000.00
11250,582,734926.9,7170298.5,574.2,91.9,0.0,55046.91,7.74,8.17,8.70,8.40,7.02,4.71,1.60,-1000.00,-1000.00,-1000.00
11250,586,734928.0,7170242.0,573.7,92.0,0.0,55070.77,8.38,8.65,9.17,8.88,7.44,5.14,2.47,2.86,-1000.00,-1000.00
11250,590,734928.7,7170186.0,573.5,93.8,0.0,55081.28,10.16,10.10,10.21,9.41,7.66,5.21,2.93,3.42,7.28,-1000.00
11250,594,734929.1,7170130.0,573.1,95.2,0.0,55083.84,12.96,12.43,11.59,10.02,7.87,5.29,2.92,3.04,7.26,-1000.00
11250,598,734929.2,7170074.0,572.7,95.5,0.0,55083.54,15.76,15.35,13.74,11.59,8.74,5.64,2.71,-1000.00,-1000.00,-1000.00
11250,602,734929.2,7170016.5,572.9,95.6,0.0,55053.61,20.04,19.96,18.12,15.20,11.18,6.36,2.50,-1000.00,-1000.00,-1000.00
11260,4092,740329.8,7171984.0,586.4,99.0,0.0,55019.12,31.04,29.62,26.05,19.60,12.77,8.54,7.53,11.67,15.34,-1000.00
11260,4096,740330.1,7172036.0,588.2,97.8,0.0,55047.78,22.87,24.27,23.48,18.69,12.72,8.68,7.28,10.83,15.04,-1000.00
11260,4100,740330.1,7172086.5,590.1,96.3,0.0,55046.92,18.88,21.82,21.92,18.29,13.16,9.07,7.34,11.12,15.80,-1000.00
11260,4104,740330.1,7172136.5,591.5,94.4,0.0,55024.79,17.43,21.78,21.80,18.63,13.99,9.65,7.86,12.02,17.06,-1000.00
11260,4108,740330.0,7172186.5,592.9,91.4,0.0,54993.32,15.34,20.20,20.83,18.46,14.40,10.09,8.65,13.05,19.15,-1000.00
11260,4112,740330.0,7172236.5,595.2,86.4,0.0,54963.34,11.60,15.53,17.36,16.43,13.56,10.01,9.43,14.36,21.40,-1000.00
11260,4116,740330.0,7172286.5,595.5,83.4,0.0,54940.43,8.24,11.57,13.51,13.60,12.11,9.78,10.10,15.85,23.53,-1000.00
11260,4120,740330.0,7172336.5,592.6,86.2,0.0,54922.32,6.06,8.26,9.92,10.84,10.69,9.60,10.70,17.03,25.03,-1000.00
11260,4124,740330.1,7172386.5,590.7,87.1,0.0,54907.72,5.11,6.46,7.99,9.21,9.62,9.27,11.02,17.25,26.20,-1000.00
11260,4128,740330.2,7172436.5,591.2,86.6,0.0,54895.78,6.11,7.86,9.25,10.25,10.10,9.42,11.26,16.59,27.33,-1000.00
11260,4132,740330.5,7172486.5,591.6,86.5,0.0,54886.24,8.26,10.23,11.77,12.66,11.78,10.43,11.71,16.07,27.68,-1000.00
11260,4136,740330.8,7172538.5,591.4,86.4,0.0,54877.35,9.83,12.36,14.03,14.65,13.27,11.62,12.43,16.74,27.70,-1000.00
11260,4140,740330.8,7172589.0,590.8,88.0,0.0,54868.34,11.44,14.70,16.36,16.25,14.26,12.67,13.19,18.01,27.81,-1000.00
11260,4144,740330.6,7172639.0,589.5,90.0,0.0,54860.20,12.90,16.50,18.28,17.36,14.98,13.49,13.66,18.85,27.51,-1000.00
11260,4148,740330.1,7172689.0,588.0,91.1,0.0,54853.79,13.27,16.32,18.40,17.60,15.48,13.99,13.87,18.42,26.06,-1000.00
11260,4152,740329.4,7172739.0,586.3,92.2,0.0,54849.42,13.10,15.04,16.92,17.05,15.88,14.45,14.25,17.42,24.62,-1000.00
11260,4156,740328.7,7172789.0,585.4,93.4,0.0,54847.71,12.58,13.35,14.82,16.04,16.36,15.60,15.95,18.84,28.29,-1000.00
11260,4160,740328.0,7172838.5,585.6,94.5,0.0,54845.13,10.93,11.45,13.01,15.12,16.98,18.32,20.60,25.50,41.89,-1000.00
11260,4164,740327.5,7172888.5,585.7,95.7,0.0,54840.24,8.74,9.60,11.57,14.25,17.46,20.97,25.18,32.95,55.17,-1000.00
11260,4168,740327.0,7172938.0,585.3,96.8,0.0,54833.60,6.73,7.99,10.18,13.24,17.12,21.44,26.61,35.50,59.62,-1000.00
11260,4172,740326.7,7172986.0,585.3,96.9,0.0,54827.31,5.31,6.56,8.93,11.86,15.50,19.73,25.09,34.69,59.04,-1000.00
11260,4176,740326.4,7173035.5,586.2,96.3,0.0,54821.76,4.43,5.71,7.87,10.35,13.51,17.32,22.92,33.97,60.70,-1000.00
11260,4180,740326.4,7173085.5,586.6,95.5,0.0,54817.32,4.04,5.30,7.07,9.10,11.70,15.25,21.47,34.55,67.95,-1000.00
11260,4184,740326.4,7173135.5,585.9,96.3,0.0,54814.19,4.21,5.30,6.73,8.42,10.67,14.20,21.25,36.98,79.61,-1000.00
11260,4188,740326.2,7173185.5,585.1,95.9,0.0,54811.16,4.57,5.46,6.69,8.36,10.68,14.45,22.48,40.57,92.18,-1000.00
11260,4192,740326.1,7173235.5,584.4,95.4,0.0,54807.49,4.78,5.57,6.84,8.76,11.47,15.75,24.84,45.18,106.14,-1000.00
11260,4196,740326.1,7173285.5,584.0,95.3,0.0,54804.64,4.73,5.47,6.99,9.27,12.57,17.84,28.25,51.51,125.69,-1000.00
11260,4200,740326.3,7173335.5,584.0,95.3,0.0,54802.32,4.59,5.29,7.21,9.89,13.93,20.66,33.19,61.02,153.20,-1000.00
11260,4204,740326.7,7173386.0,584.2,94.7,0.0,54799.27,4.65,5.51,7.76,10.93,15.95,24.93,41.44,76.30,185.75,-1000.00
11260,4208,740327.4,7173436.5,584.6,93.0,0.0,54795.77,5.14,6.29,8.67,12.35,18.81,30.48,51.74,94.17,215.24,-1000.00
11260,4212,740328.3,7173488.0,585.0,91.8,0.0,54792.50,5.72,7.32,9.72,13.98,22.30,36.40,61.65,109.95,234.99,-1000.00
11260,4216,740329.1,7173540.0,585.4,91.4,0.0,54789.29,6.23,8.26,10.92,15.90,26.06,42.40,70.76,122.03,245.63,-1000.00
11260,4220,740329.6,7173589.5,585.7,90.9,0.0,54786.46,6.73,9.04,12.03,17.51,27.56,43.13,69.00,113.49,213.71,-1000.00
11260,4224,740329.9,7173639.5,585.5,91.2,0.0,54784.25,7.52,9.90,13.12,17.72,24.21,33.83,48.51,71.99,117.83,-1000.00
11260,4228,740330.1,7173689.5,585.8,92.9,0.0,54783.55,9.02,11.66,14.82,17.84,19.95,22.16,24.13,27.76,35.89,-1000.00
11260,4232,740329.8,7173739.5,586.7,94.4,0.0,54783.70,10.90,14.19,17.63,19.44,19.26,17.94,14.44,9.54,8.66,-1000.00
11260,4236,740329.8,7173789.5,587.3,95.1,0.0,54781.41,12.45,15.76,19.98,21.22,21.13,20.46,19.83,21.36,32.40,-1000.00
11260,4240,740329.5,7173839.5,587.4,95.3,0.0,54778.00,13.53,15.85,19.38,20.20,20.82,21.65,24.00,31.10,52.82,-1000.00
11260,4244,740329.4,7173889.5,587.5,94.5,0.0,54774.94,14.35,16.00,17.35,16.87,17.51,19.04,22.04,30.50,55.28,-1000.00
11260,4248,740329.5,7173939.5,588.0,91.5,0.0,54770.65,14.22,16.56,16.43,14.52,14.10,15.19,17.58,23.87,40.85,-1000.00
11260,4252,740329.8,7173989.0,588.3,90.4,0.0,54767.32,15.35,18.96,17.80,14.46,12.59,12.46,13.65,16.64,23.44,-1000.00
11260,4256,740330.0,7174037.0,588.7,90.0,0.0,54768.53,17.15,21.28,19.56,15.52,12.34,10.88,11.03,12.31,15.13,-1000.00
11260,4260,740330.4,7174087.0,588.9,90.4,0.0,54774.55,19.96,22.48,20.52,16.63,12.60,10.21,9.77,10.59,13.76,-1000.00
11260,4264,740330.6,7174137.0,589.0,91.1,0.0,54786.52,22.75,22.85,20.86,17.12,12.81,9.86,9.15,9.87,13.63,-1000.00
11260,4268,740330.5,7174187.0,589.0,91.3,0.0,54804.20,24.36,22.92,20.51,16.72,12.61,9.41,8.64,9.13,12.83,-1000.00
11260,4272,740330.4,7174237.0,589.0,90.6,0.0,54825.07,24.64,22.88,19.07,15.52,11.79,8.82,8.08,8.32,10.93,-1000.00
11260,4276,740330.2,7174287.0,589.7,90.4,0.0,54846.38,25.61,24.05,18.66,14.63,10.67,8.21,7.48,7.50,8.18,-1000.00
11260,4280,740329.9,7174337.0,591.6,89.3,0.0,54865.62,25.21,25.20,20.15,14.66,9.90,7.65,6.93,6.74,-1000.00,-1000.00
11260,4284,740329.2,7174387.0,593.0,90.5,0.0,54885.38,28.92,28.66,22.95,15.66,9.84,7.29,6.66,6.30,-1000.00,-1000.00
11260,4288,740328.4,7174437.0,593.2,91.5,0.0,54910.91,32.71,31.70,25.11,17.00,10.30,7.27,6.65,6.91,7.22,-1000.00
11260,4292,740327.4,7174485.5,593.2,92.4,0.0,54935.24,36.32,34.43,27.25,18.64,11.27,7.66,6.84,8.44,11.50,-1000.00
11260,4296,740326.6,7174533.5,593.1,92.1,0.0,54952.10,36.88,35.66,28.70,20.02,12.19,8.00,6.68,8.55,12.03,-1000.00
11260,4300,740325.9,7174583.0,593.1,91.0,0.0,54963.45,35.31,36.50,29.53,20.71,12.87,8.12,5.82,6.24,8.01,-1000.00
11260,4304,740325.7,7174633.0,593.4,89.9,0.0,54960.68,34.26,38.86,30.83,21.75,13.81,8.21,4.77,2.84,-1000.00,-1000.00
11260,4308,740325.4,7174683.0,594.1,90.3,0.0,54951.18,38.08,45.54,37.56,25.62,15.78,8.60,4.12,-1000.00,-1000.00,-1000.00
11260,4312,740325.5,7174733.0,595.4,90.8,0.0,54950.65,44.00,52.79,49.98,32.22,18.69,9.41,4.22,-1000.00,-1000.00,-1000.00
11260,4316,740325.7,7174783.0,596.6,89.4,0.0,54966.39,41.05,52.13,52.69,35.15,20.58,10.26,4.91,-1000.00,-1000.00,-1000.00
11260,4320,740326.0,7174833.0,597.3,88.7,0.0,54995.54,39.15,47.71,46.63,34.95,20.98,11.01,5.38,2.95,-1000.00,-1000.00
11260,4324,740326.4,7174881.5,597.7,88.6,0.0,55021.09,37.47,43.77,40.29,34.57,21.70,11.77,5.35,3.72,-1000.00,-1000.00
11260,4328,740327.1,7174929.5,597.9,88.2,0.0,55027.13,35.22,40.49,38.44,34.99,23.72,12.58,5.20,3.58,-1000.00,-1000.00
11260,4332,740327.6,7174977.5,597.5,88.6,0.0,55017.22,35.74,40.87,40.10,36.71,26.29,13.47,5.22,2.80,-1000.00,-1000.00
11260,4336,740328.2,7175026.5,596.4,90.1,0.0,54997.37,40.32,45.59,44.44,39.18,28.06,14.38,5.39,-1000.00,-1000.00,-1000.00
11260,4340,740328.9,7175076.5,594.9,92.0,0.0,54973.45,53.95,53.72,50.57,41.92,29.02,15.14,5.64,-1000.00,-1000.00,-1000.00
11260,4344,740329.4,7175126.5,593.4,94.1,0.0,54949.39,71.36,62.66,56.18,43.89,29.44,15.55,6.00,-1000.00,-1000.00,-1000.00
11260,4348,740329.8,7175174.0,592.1,96.4,0.0,54926.57,74.16,61.12,53.83,41.35,27.95,15.41,6.48,3.59,5.92,-1000.00
11260,4352,740330.0,7175222.0,591.0,98.2,0.0,54905.68,61.20,46.54,41.19,33.67,23.72,14.12,6.93,4.36,8.42,-1000.00
