Line,Location,RL,East,North,Resistivity_ohmm,Log_Resistivity,Conductivity_mS_m,Log_Conductivity
11260,25.0,581.9,740329.81,7171996.00,3.83,0.58,261.19,2.42
11260,25.0,571.9,740329.81,7171996.00,3.87,0.59,258.37,2.41
11260,25.0,561.9,740329.81,7171996.00,5.31,0.72,188.38,2.28
11260,25.0,551.9,740329.81,7171996.00,8.60,0.93,116.30,2.07
11260,25.0,541.9,740329.81,7171996.00,14.47,1.16,69.13,1.84
11260,25.0,529.4,740329.81,7171996.00,31.20,1.49,32.05,1.51
11260,25.0,511.9,740329.81,7171996.00,72.25,1.86,13.84,1.14
11260,25.0,491.3,740329.81,7171996.00,139.87,2.15,7.15,0.85
11260,25.0,469.4,740329.81,7171996.00,233.40,2.37,4.28,0.63
11260,25.0,446.3,740329.81,7171996.00,344.35,2.54,2.90,0.46
11260,25.0,421.7,740329.81,7171996.00,460.61,2.66,2.17,0.34
11260,25.0,395.7,740329.81,7171996.00,570.94,2.76,1.75,0.24
11260,25.0,368.2,740329.81,7171996.00,667.68,2.82,1.50,0.18
11260,25.0,338.9,740329.81,7171996.00,747.26,2.87,1.34,0.13
11260,25.0,308.0,740329.81,7171996.00,809.44,2.91,1.24,0.09
11260,25.0,275.1,740329.81,7171996.00,856.04,2.93,1.17,0.07
11260,25.0,240.3,740329.81,7171996.00,889.74,2.95,1.12,0.05
11260,25.0,203.2,740329.81,7171996.00,913.85,2.96,1.09,0.04
11260,25.0,163.5,740329.81,7171996.00,930.30,2.97,1.07,0.03
11260,25.0,121.5,740329.81,7171996.00,941.36,2.97,1.06,0.03
11260,25.0,77.0,740329.81,7171996.00,948.61,2.98,1.05,0.02
11260,25.0,29.8,740329.81,7171996.00,952.73,2.98,1.05,0.02
11260,75.0,583.6,740329.81,7172046.00,28.95,1.46,34.54,1.54
11260,75.0,573.6,740329.81,7172046.00,25.49,1.41,39.22,1.59
11260,75.0,563.6,740329.81,7172046.00,24.22,1.38,41.29,1.62
11260,75.0,553.6,740329.81,7172046.00,26.71,1.43,37.43,1.57
11260,75.0,543.6,740329.81,7172046.00,33.18,1.52,30.14,1.48
11260,75.0,531.1,740329.81,7172046.00,51.42,1.71,19.45,1.29
11260,75.0,513.6,740329.81,7172046.00,93.19,1.97,10.73,1.03
11260,75.0,493.0,740329.81,7172046.00,158.86,2.20,6.29,0.80
11260,75.0,471.2,740329.81,7172046.00,248.01,2.39,4.03,0.61
11260,75.0,448.0,740329.81,7172046.00,353.57,2.55,2.83,0.45
11260,75.0,423.5,740329.81,7172046.00,464.97,2.67,2.15,0.33
11260,75.0,397.5,740329.81,7172046.00,571.78,2.76,1.75,0.24
11260,75.0,369.9,740329.81,7172046.00,666.40,2.82,1.50,0.18
11260,75.0,340.7,740329.81,7172046.00,744.94,2.87,1.34,0.13
11260,75.0,309.7,740329.81,7172046.00,806.77,2.91,1.24,0.09
11260,75.0,276.9,740329.81,7172046.00,853.35,2.93,1.17,0.07
11260,75.0,242.1,740329.81,7172046.00,887.16,2.95,1.13,0.05
11260,75.0,204.7,740329.81,7172046.00,911.54,2.96,1.10,0.04
11260,75.0,164.7,740329.81,7172046.00,928.17,2.97,1.08,0.03
11260,75.0,122.3,740329.81,7172046.00,939.38,2.97,1.06,0.03
11260,75.0,77.5,740329.81,7172046.00,946.70,2.98,1.06,0.02
11260,75.0,30.0,740329.81,7172046.00,950.81,2.98,1.05,0.02
11260,125.0,585.3,740329.81,7172096.00,53.10,1.73,18.83,1.27
11260,125.0,575.3,740329.81,7172096.00,52.95,1.72,18.88,1.28
11260,125.0,565.3,740329.81,7172096.00,54.93,1.74,18.21,1.26
11260,125.0,555.3,740329.81,7172096.00,60.39,1.78,16.56,1.22
11260,125.0,545.3,740329.81,7172096.00,69.77,1.84,14.33,1.16
11260,125.0,532.8,740329.81,7172096.00,91.65,1.96,10.91,1.04
11260,125.0,515.3,740329.81,7172096.00,134.74,2.13,7.42,0.87
11260,125.0,494.7,740329.81,7172096.00,196.68,2.29,5.08,0.71
11260,125.0,472.9,740329.81,7172096.00,277.67,2.44,3.60,0.56
11260,125.0,449.7,740329.81,7172096.00,373.16,2.57,2.68,0.43
11260,125.0,425.2,740329.81,7172096.00,475.17,2.68,2.10,0.32
11260,125.0,399.2,740329.81,7172096.00,574.85,2.76,1.74,0.24
11260,125.0,371.6,740329.81,7172096.00,664.89,2.82,1.50,0.18
11260,125.0,342.4,740329.81,7172096.00,740.99,2.87,1.35,0.13
11260,125.0,311.4,740329.81,7172096.00,801.86,2.90,1.25,0.10
11260,125.0,278.6,740329.81,7172096.00,848.27,2.93,1.18,0.07
11260,125.0,243.8,740329.81,7172096.00,882.25,2.95,1.13,0.05
11260,125.0,206.3,740329.81,7172096.00,907.13,2.96,1.10,0.04
11260,125.0,165.9,740329.81,7172096.00,924.20,2.97,1.08,0.03
11260,125.0,123.2,740329.81,7172096.00,935.67,2.97,1.07,0.03
11260,125.0,78.0,740329.81,7172096.00,943.19,2.97,1.06,0.03
11260,125.0,30.2,740329.81,7172096.00,947.41,2.98,1.06,0.02
11260,175.0,587.0,740329.81,7172146.00,205.99,2.31,4.85,0.69
11260,175.0,577.0,740329.81,7172146.00,197.65,2.30,5.06,0.70
11260,175.0,567.0,740329.81,7172146.00,187.47,2.27,5.33,0.73
11260,175.0,557.0,740329.81,7172146.00,179.94,2.26,5.56,0.74
11260,175.0,547.0,740329.81,7172146.00,177.41,2.25,5.64,0.75
11260,175.0,534.5,740329.81,7172146.00,182.73,2.26,5.47,0.74
11260,175.0,517.0,740329.81,7172146.00,206.92,2.32,4.83,0.68
11260,175.0,496.4,740329.81,7172146.00,251.83,2.40,3.97,0.60
11260,175.0,474.6,740329.81,7172146.00,316.69,2.50,3.16,0.50
11260,175.0,451.4,740329.81,7172146.00,397.27,2.60,2.52,0.40
11260,175.0,426.9,740329.81,7172146.00,486.65,2.69,2.05,0.31
11260,175.0,400.9,740329.81,7172146.00,576.84,2.76,1.73,0.24
11260,175.0,373.3,740329.81,7172146.00,660.82,2.82,1.51,0.18
11260,175.0,344.1,740329.81,7172146.00,733.81,2.87,1.36,0.13
11260,175.0,313.1,740329.81,7172146.00,793.57,2.90,1.26,0.10
11260,175.0,280.3,740329.81,7172146.00,840.05,2.92,1.19,0.08
11260,175.0,245.5,740329.81,7172146.00,874.60,2.94,1.14,0.06
11260,175.0,207.8,740329.81,7172146.00,900.41,2.95,1.11,0.05
11260,175.0,167.1,740329.81,7172146.00,918.20,2.96,1.09,0.04
11260,175.0,124.0,740329.81,7172146.00,930.24,2.97,1.07,0.03
11260,175.0,78.5,740329.81,7172146.00,938.20,2.97,1.07,0.03
11260,175.0,30.3,740329.81,7172146.00,942.66,2.97,1.06,0.03
11260,225.0,588.6,740329.81,7172196.00,421.48,2.62,2.37,0.38
11260,225.0,578.6,740329.81,7172196.00,392.08,2.59,2.55,0.41
11260,225.0,568.6,740329.81,7172196.00,352.38,2.55,2.84,0.45
11260,225.0,558.6,740329.81,7172196.00,315.75,2.50,3.17,0.50
11260,225.0,548.6,740329.81,7172196.00,288.90,2.46,3.46,0.54
11260,225.0,536.1,740329.81,7172196.00,266.10,2.43,3.76,0.57
11260,225.0,518.6,740329.81,7172196.00,265.22,2.42,3.77,0.58
11260,225.0,498.0,740329.81,7172196.00,291.82,2.47,3.43,0.53
11260,225.0,476.2,740329.81,7172196.00,341.64,2.53,2.93,0.47
11260,225.0,453.0,740329.81,7172196.00,408.90,2.61,2.45,0.39
11260,225.0,428.5,740329.81,7172196.00,486.96,2.69,2.05,0.31
11260,225.0,402.5,740329.81,7172196.00,568.84,2.75,1.76,0.25
11260,225.0,374.9,740329.81,7172196.00,647.98,2.81,1.54,0.19
11260,225.0,345.7,740329.81,7172196.00,719.17,2.86,1.39,0.14
11260,225.0,314.7,740329.81,7172196.00,779.21,2.89,1.28,0.11
11260,225.0,281.9,740329.81,7172196.00,827.02,2.92,1.21,0.08
11260,225.0,247.1,740329.81,7172196.00,863.21,2.94,1.16,0.06
11260,225.0,209.2,740329.81,7172196.00,890.77,2.95,1.12,0.05
11260,225.0,168.2,740329.81,7172196.00,909.91,2.96,1.10,0.04
11260,225.0,124.8,740329.81,7172196.00,923.02,2.97,1.08,0.03
11260,225.0,79.0,740329.81,7172196.00,931.71,2.97,1.07,0.03
11260,225.0,30.5,740329.81,7172196.00,936.63,2.97,1.07,0.03
11260,275.0,589.5,740329.81,7172246.00,152.02,2.18,6.58,0.82
11260,275.0,579.5,740329.81,7172246.00,148.06,2.17,6.75,0.83
11260,275.0,569.5,740329.81,7172246.00,144.41,2.16,6.92,0.84
11260,275.0,559.5,740329.81,7172246.00,145.05,2.16,6.89,0.84
11260,275.0,549.5,740329.81,7172246.00,151.48,2.18,6.60,0.82
11260,275.0,537.0,740329.81,7172246.00,170.78,2.23,5.86,0.77
11260,275.0,519.5,740329.81,7172246.00,208.64,2.32,4.79,0.68
11260,275.0,498.9,740329.81,7172246.00,256.77,2.41,3.89,0.59
11260,275.0,477.1,740329.81,7172246.00,314.84,2.50,3.18,0.50
11260,275.0,453.9,740329.81,7172246.00,382.37,2.58,2.62,0.42
11260,275.0,429.4,740329.81,7172246.00,457.83,2.66,2.18,0.34
11260,275.0,403.4,740329.81,7172246.00,537.83,2.73,1.86,0.27
11260,275.0,375.8,740329.81,7172246.00,617.40,2.79,1.62,0.21
11260,275.0,346.6,740329.81,7172246.00,691.25,2.84,1.45,0.16
11260,275.0,315.6,740329.81,7172246.00,755.20,2.88,1.32,0.12
11260,275.0,282.8,740329.81,7172246.00,807.10,2.91,1.24,0.09
11260,275.0,248.0,740329.81,7172246.00,846.91,2.93,1.18,0.07
11260,275.0,210.1,740329.81,7172246.00,877.63,2.94,1.14,0.06
11260,275.0,168.9,740329.81,7172246.00,899.07,2.95,1.11,0.05
11260,275.0,125.3,740329.81,7172246.00,913.81,2.96,1.09,0.04
11260,275.0,79.3,740329.81,7172246.00,923.64,2.97,1.08,0.03
11260,275.0,30.6,740329.81,7172246.00,929.25,2.97,1.08,0.03
11260,325.0,589.1,740329.81,7172296.00,36.14,1.56,27.67,1.44
11260,325.0,579.1,740329.81,7172296.00,31.19,1.49,32.06,1.51
11260,325.0,569.1,740329.81,7172296.00,28.76,1.46,34.77,1.54
11260,325.0,559.1,740329.81,7172296.00,31.54,1.50,31.71,1.50
11260,325.0,549.1,740329.81,7172296.00,39.89,1.60,25.07,1.40
11260,325.0,536.6,740329.81,7172296.00,63.10,1.80,15.85,1.20
11260,325.0,519.1,740329.81,7172296.00,110.28,2.04,9.07,0.96
11260,325.0,498.5,740329.81,7172296.00,170.17,2.23,5.88,0.77
11260,325.0,476.7,740329.81,7172296.00,237.46,2.38,4.21,0.62
11260,325.0,453.5,740329.81,7172296.00,310.63,2.49,3.22,0.51
11260,325.0,429.0,740329.81,7172296.00,390.39,2.59,2.56,0.41
11260,325.0,403.0,740329.81,7172296.00,475.90,2.68,2.10,0.32
11260,325.0,375.4,740329.81,7172296.00,563.12,2.75,1.78,0.25
11260,325.0,346.2,740329.81,7172296.00,646.02,2.81,1.55,0.19
11260,325.0,315.2,740329.81,7172296.00,719.03,2.86,1.39,0.14
11260,325.0,282.4,740329.81,7172296.00,778.85,2.89,1.28,0.11
11260,325.0,247.6,740329.81,7172296.00,824.94,2.92,1.21,0.08
11260,325.0,209.7,740329.81,7172296.00,860.54,2.93,1.16,0.07
11260,325.0,168.6,740329.81,7172296.00,885.40,2.95,1.13,0.05
11260,325.0,125.1,740329.81,7172296.00,902.51,2.96,1.11,0.04
11260,325.0,79.1,740329.81,7172296.00,913.93,2.96,1.09,0.04
11260,325.0,30.5,740329.81,7172296.00,920.46,2.96,1.09,0.04
11260,375.0,587.8,740329.81,7172346.00,18.44,1.27,54.22,1.73
11260,375.0,577.8,740329.81,7172346.00,14.00,1.15,71.43,1.85
11260,375.0,567.8,740329.81,7172346.00,11.41,1.06,87.64,1.94
11260,375.0,557.8,740329.81,7172346.00,11.91,1.08,83.95,1.92
11260,375.0,547.8,740329.81,7172346.00,15.34,1.19,65.20,1.81
11260,375.0,535.3,740329.81,7172346.00,26.56,1.42,37.66,1.58
11260,375.0,517.8,740329.81,7172346.00,55.03,1.74,18.17,1.26
11260,375.0,497.2,740329.81,7172346.00,99.74,2.00,10.03,1.00
11260,375.0,475.3,740329.81,7172346.00,156.51,2.19,6.39,0.81
11260,375.0,452.2,740329.81,7172346.00,223.09,2.35,4.48,0.65
11260,375.0,427.7,740329.81,7172346.00,301.35,2.48,3.32,0.52
11260,375.0,401.6,740329.81,7172346.00,391.66,2.59,2.55,0.41
11260,375.0,374.1,740329.81,7172346.00,489.20,2.69,2.04,0.31
11260,375.0,344.9,740329.81,7172346.00,585.35,2.77,1.71,0.23
11260,375.0,313.9,740329.81,7172346.00,671.61,2.83,1.49,0.17
11260,375.0,281.1,740329.81,7172346.00,742.74,2.87,1.35,0.13
11260,375.0,246.3,740329.81,7172346.00,797.56,2.90,1.25,0.10
11260,375.0,208.5,740329.81,7172346.00,839.61,2.92,1.19,0.08
11260,375.0,167.6,740329.81,7172346.00,868.91,2.94,1.15,0.06
11260,375.0,124.4,740329.81,7172346.00,889.03,2.95,1.12,0.05
11260,375.0,78.7,740329.81,7172346.00,902.47,2.96,1.11,0.04
11260,375.0,30.4,740329.81,7172346.00,910.15,2.96,1.10,0.04
11260,425.0,586.6,740329.81,7172396.00,11.48,1.06,87.13,1.94
11260,425.0,576.6,740329.81,7172396.00,12.53,1.10,79.81,1.90
11260,425.0,566.6,740329.81,7172396.00,14.49,1.16,69.03,1.84
11260,425.0,556.6,740329.81,7172396.00,17.62,1.25,56.76,1.75
11260,425.0,546.6,740329.81,7172396.00,22.57,1.35,44.30,1.65
11260,425.0,534.1,740329.81,7172396.00,34.42,1.54,29.05,1.46
11260,425.0,516.6,740329.81,7172396.00,57.35,1.76,17.44,1.24
11260,425.0,496.0,740329.81,7172396.00,84.40,1.93,11.85,1.07
11260,425.0,474.2,740329.81,7172396.00,114.84,2.06,8.71,0.94
11260,425.0,451.0,740329.81,7172396.00,156.45,2.19,6.39,0.81
11260,425.0,426.5,740329.81,7172396.00,218.61,2.34,4.57,0.66
11260,425.0,400.5,740329.81,7172396.00,304.53,2.48,3.28,0.52
11260,425.0,372.9,740329.81,7172396.00,408.22,2.61,2.45,0.39
11260,425.0,343.7,740329.81,7172396.00,516.96,2.71,1.93,0.29
11260,425.0,312.7,740329.81,7172396.00,617.50,2.79,1.62,0.21
11260,425.0,279.9,740329.81,7172396.00,701.35,2.85,1.43,0.15
11260,425.0,245.1,740329.81,7172396.00,766.09,2.88,1.31,0.12
11260,425.0,207.5,740329.81,7172396.00,815.44,2.91,1.23,0.09
11260,425.0,166.8,740329.81,7172396.00,849.80,2.93,1.18,0.07
11260,425.0,123.8,740329.81,7172396.00,873.41,2.94,1.14,0.06
11260,425.0,78.4,740329.81,7172396.00,889.22,2.95,1.12,0.05
11260,425.0,30.3,740329.81,7172396.00,898.26,2.95,1.11,0.05
11260,475.0,586.3,740329.81,7172446.00,693.02,2.84,1.44,0.16
11260,475.0,576.3,740329.81,7172446.00,653.22,2.82,1.53,0.18
11260,475.0,566.3,740329.81,7172446.00,606.03,2.78,1.65,0.22
11260,475.0,556.3,740329.81,7172446.00,535.94,2.73,1.87,0.27
11260,475.0,546.3,740329.81,7172446.00,446.48,2.65,2.24,0.35
11260,475.0,533.8,740329.81,7172446.00,322.39,2.51,3.10,0.49
11260,475.0,516.3,740329.81,7172446.00,191.94,2.28,5.21,0.72
11260,475.0,495.7,740329.81,7172446.00,118.03,2.07,8.47,0.93
11260,475.0,473.8,740329.81,7172446.00,93.62,1.97,10.68,1.03
11260,475.0,450.7,740329.81,7172446.00,104.38,2.02,9.58,0.98
11260,475.0,426.2,740329.81,7172446.00,147.96,2.17,6.76,0.83
11260,475.0,400.2,740329.81,7172446.00,225.71,2.35,4.43,0.65
11260,475.0,372.6,740329.81,7172446.00,331.64,2.52,3.02,0.48
11260,475.0,343.4,740329.81,7172446.00,450.05,2.65,2.22,0.35
11260,475.0,312.4,740329.81,7172446.00,563.02,2.75,1.78,0.25
11260,475.0,279.6,740329.81,7172446.00,658.53,2.82,1.52,0.18
11260,475.0,244.8,740329.81,7172446.00,732.61,2.86,1.36,0.14
11260,475.0,207.1,740329.81,7172446.00,789.06,2.90,1.27,0.10
11260,475.0,166.6,740329.81,7172446.00,828.54,2.92,1.21,0.08
11260,475.0,123.7,740329.81,7172446.00,855.81,2.93,1.17,0.07
11260,475.0,78.3,740329.81,7172446.00,874.16,2.94,1.14,0.06
11260,475.0,30.3,740329.81,7172446.00,884.68,2.95,1.13,0.05
11260,525.0,586.3,740329.81,7172496.00,8.73,0.94,114.57,2.06
11260,525.0,576.3,740329.81,7172496.00,14.25,1.15,70.17,1.85
11260,525.0,566.3,740329.81,7172496.00,38.38,1.58,26.06,1.42
11260,525.0,556.3,740329.81,7172496.00,87.63,1.94,11.41,1.06
11260,525.0,546.3,740329.81,7172496.00,136.75,2.14,7.31,0.86
11260,525.0,533.8,740329.81,7172496.00,157.44,2.20,6.35,0.80
11260,525.0,516.3,740329.81,7172496.00,100.59,2.00,9.94,1.00
11260,525.0,495.7,740329.81,7172496.00,51.86,1.71,19.28,1.29
11260,525.0,473.9,740329.81,7172496.00,37.49,1.57,26.68,1.43
11260,525.0,450.7,740329.81,7172496.00,48.30,1.68,20.70,1.32
11260,525.0,426.2,740329.81,7172496.00,86.48,1.94,11.56,1.06
11260,525.0,400.2,740329.81,7172496.00,160.18,2.20,6.24,0.80
11260,525.0,372.6,740329.81,7172496.00,267.66,2.43,3.74,0.57
11260,525.0,343.4,740329.81,7172496.00,392.60,2.59,2.55,0.41
11260,525.0,312.4,740329.81,7172496.00,514.15,2.71,1.94,0.29
11260,525.0,279.6,740329.81,7172496.00,617.97,2.79,1.62,0.21
11260,525.0,244.8,740329.81,7172496.00,699.13,2.84,1.43,0.16
11260,525.0,207.2,740329.81,7172496.00,761.38,2.88,1.31,0.12
11260,525.0,166.6,740329.81,7172496.00,805.46,2.91,1.24,0.09
11260,525.0,123.7,740329.81,7172496.00,836.25,2.92,1.20,0.08
11260,525.0,78.3,740329.81,7172496.00,857.22,2.93,1.17,0.07
11260,525.0,30.3,740329.81,7172496.00,869.34,2.94,1.15,0.06
11260,575.0,586.1,740329.81,7172546.00,15.85,1.20,63.11,1.80
11260,575.0,576.1,740329.81,7172546.00,24.59,1.39,40.67,1.61
11260,575.0,566.1,740329.81,7172546.00,45.43,1.66,22.01,1.34
11260,575.0,556.1,740329.81,7172546.00,72.74,1.86,13.75,1.14
11260,575.0,546.1,740329.81,7172546.00,88.15,1.95,11.34,1.05
11260,575.0,533.6,740329.81,7172546.00,77.82,1.89,12.85,1.11
11260,575.0,516.1,740329.81,7172546.00,35.63,1.55,28.07,1.45
11260,575.0,495.5,740329.81,7172546.00,12.34,1.09,81.07,1.91
11260,575.0,473.7,740329.81,7172546.00,8.62,0.94,115.95,2.06
11260,575.0,450.5,740329.81,7172546.00,17.80,1.25,56.19,1.75
11260,575.0,426.0,740329.81,7172546.00,49.41,1.69,20.24,1.31
11260,575.0,400.0,740329.81,7172546.00,118.14,2.07,8.46,0.93
11260,575.0,372.4,740329.81,7172546.00,224.51,2.35,4.45,0.65
11260,575.0,343.2,740329.81,7172546.00,350.86,2.55,2.85,0.45
11260,575.0,312.2,740329.81,7172546.00,474.86,2.68,2.11,0.32
11260,575.0,279.4,740329.81,7172546.00,581.83,2.76,1.72,0.24
11260,575.0,244.6,740329.81,7172546.00,666.59,2.82,1.50,0.18
11260,575.0,207.0,740329.81,7172546.00,732.72,2.86,1.36,0.14
11260,575.0,166.5,740329.81,7172546.00,780.53,2.89,1.28,0.11
11260,575.0,123.6,740329.81,7172546.00,814.63,2.91,1.23,0.09
11260,575.0,78.2,740329.81,7172546.00,838.26,2.92,1.19,0.08
11260,575.0,30.2,740329.81,7172546.00,852.09,2.93,1.17,0.07
11260,625.0,585.4,740329.81,7172596.00,29.97,1.48,33.36,1.52
11260,625.0,575.4,740329.81,7172596.00,36.93,1.57,27.08,1.43
11260,625.0,565.4,740329.81,7172596.00,48.29,1.68,20.71,1.32
11260,625.0,555.4,740329.81,7172596.00,57.40,1.76,17.42,1.24
11260,625.0,545.4,740329.81,7172596.00,56.29,1.75,17.77,1.25
11260,625.0,532.9,740329.81,7172596.00,39.33,1.59,25.43,1.41
11260,625.0,515.4,740329.81,7172596.00,13.99,1.15,71.50,1.85
11260,625.0,494.8,740329.81,7172596.00,3.33,0.52,300.59,2.48
11260,625.0,473.0,740329.81,7172596.00,2.59,0.41,386.45,2.59
11260,625.0,449.8,740329.81,7172596.00,9.86,0.99,101.46,2.01
11260,625.0,425.3,740329.81,7172596.00,38.25,1.58,26.14,1.42
11260,625.0,399.3,740329.81,7172596.00,103.82,2.02,9.63,0.98
11260,625.0,371.7,740329.81,7172596.00,205.76,2.31,4.86,0.69
11260,625.0,342.5,740329.81,7172596.00,326.25,2.51,3.07,0.49
11260,625.0,311.5,740329.81,7172596.00,445.08,2.65,2.25,0.35
11260,625.0,278.7,740329.81,7172596.00,549.38,2.74,1.82,0.26
11260,625.0,243.9,740329.81,7172596.00,634.28,2.80,1.58,0.20
11260,625.0,206.4,740329.81,7172596.00,702.41,2.85,1.42,0.15
11260,625.0,166.0,740329.81,7172596.00,753.25,2.88,1.33,0.12
11260,625.0,123.2,740329.81,7172596.00,790.59,2.90,1.26,0.10
11260,625.0,78.0,740329.81,7172596.00,817.02,2.91,1.22,0.09
11260,625.0,30.2,740329.81,7172596.00,832.72,2.92,1.20,0.08
11260,675.0,584.2,740329.81,7172646.00,12.20,1.09,81.97,1.91
11260,675.0,574.2,740329.81,7172646.00,18.04,1.26,55.43,1.74
11260,675.0,564.2,740329.81,7172646.00,26.76,1.43,37.37,1.57
11260,675.0,554.2,740329.81,7172646.00,32.84,1.52,30.45,1.48
11260,675.0,544.2,740329.81,7172646.00,31.66,1.50,31.58,1.50
11260,675.0,531.7,740329.81,7172646.00,20.93,1.32,47.77,1.68
11260,675.0,514.2,740329.81,7172646.00,7.42,0.87,134.71,2.13
11260,675.0,493.6,740329.81,7172646.00,2.73,0.44,365.81,2.56
11260,675.0,471.8,740329.81,7172646.00,4.34,0.64,230.45,2.36
11260,675.0,448.6,740329.81,7172646.00,15.51,1.19,64.46,1.81
11260,675.0,424.1,740329.81,7172646.00,48.59,1.69,20.58,1.31
11260,675.0,398.1,740329.81,7172646.00,113.08,2.05,8.84,0.95
11260,675.0,370.5,740329.81,7172646.00,205.41,2.31,4.87,0.69
11260,675.0,341.3,740329.81,7172646.00,312.29,2.49,3.20,0.51
11260,675.0,310.3,740329.81,7172646.00,419.49,2.62,2.38,0.38
11260,675.0,277.5,740329.81,7172646.00,517.07,2.71,1.93,0.29
11260,675.0,242.7,740329.81,7172646.00,600.02,2.78,1.67,0.22
11260,675.0,205.3,740329.81,7172646.00,669.21,2.83,1.49,0.17
11260,675.0,165.1,740329.81,7172646.00,722.94,2.86,1.38,0.14
11260,675.0,122.6,740329.81,7172646.00,763.71,2.88,1.31,0.12
11260,675.0,77.7,740329.81,7172646.00,793.26,2.90,1.26,0.10
11260,675.0,30.0,740329.81,7172646.00,811.06,2.91,1.23,0.09
11260,725.0,582.7,740329.81,7172696.00,110.58,2.04,9.04,0.96
11260,725.0,572.7,740329.81,7172696.00,101.92,2.01,9.81,0.99
11260,725.0,562.7,740329.81,7172696.00,88.42,1.95,11.31,1.05
11260,725.0,552.7,740329.81,7172696.00,72.60,1.86,13.77,1.14
11260,725.0,542.7,740329.81,7172696.00,56.87,1.75,17.58,1.25
11260,725.0,530.2,740329.81,7172696.00,37.07,1.57,26.98,1.43
11260,725.0,512.7,740329.81,7172696.00,20.97,1.32,47.70,1.68
11260,725.0,492.1,740329.81,7172696.00,15.56,1.19,64.27,1.81
11260,725.0,470.3,740329.81,7172696.00,20.50,1.31,48.77,1.69
11260,725.0,447.2,740329.81,7172696.00,38.37,1.58,26.06,1.42
11260,725.0,422.6,740329.81,7172696.00,74.28,1.87,13.46,1.13
11260,725.0,396.6,740329.81,7172696.00,131.35,2.12,7.61,0.88
11260,725.0,369.1,740329.81,7172696.00,207.69,2.32,4.81,0.68
11260,725.0,339.8,740329.81,7172696.00,296.92,2.47,3.37,0.53
11260,725.0,308.9,740329.81,7172696.00,390.58,2.59,2.56,0.41
11260,725.0,276.0,740329.81,7172696.00,480.71,2.68,2.08,0.32
11260,725.0,241.2,740329.81,7172696.00,561.65,2.75,1.78,0.25
11260,725.0,204.0,740329.81,7172696.00,632.06,2.80,1.58,0.20
11260,725.0,164.1,740329.81,7172696.00,689.06,2.84,1.45,0.16
11260,725.0,121.9,740329.81,7172696.00,733.72,2.87,1.36,0.13
11260,725.0,77.2,740329.81,7172696.00,766.84,2.88,1.30,0.12
11260,725.0,29.9,740329.81,7172696.00,787.01,2.90,1.27,0.10
11260,775.0,581.5,740329.81,7172746.00,232.79,2.37,4.30,0.63
11260,775.0,571.5,740329.81,7172746.00,208.89,2.32,4.79,0.68
11260,775.0,561.5,740329.81,7172746.00,174.60,2.24,5.73,0.76
11260,775.0,551.5,740329.81,7172746.00,140.07,2.15,7.14,0.85
11260,775.0,541.5,740329.81,7172746.00,110.80,2.04,9.03,0.96
11260,775.0,529.0,740329.81,7172746.00,78.13,1.89,12.80,1.11
11260,775.0,511.5,740329.81,7172746.00,54.10,1.73,18.49,1.27
11260,775.0,490.9,740329.81,7172746.00,45.52,1.66,21.97,1.34
11260,775.0,469.0,740329.81,7172746.00,49.39,1.69,20.25,1.31
11260,775.0,445.9,740329.81,7172746.00,64.97,1.81,15.39,1.19
11260,775.0,421.4,740329.81,7172746.00,93.65,1.97,10.68,1.03
11260,775.0,395.3,740329.81,7172746.00,137.66,2.14,7.26,0.86
11260,775.0,367.8,740329.81,7172746.00,197.79,2.30,5.06,0.70
11260,775.0,338.6,740329.81,7172746.00,271.77,2.43,3.68,0.57
11260,775.0,307.6,740329.81,7172746.00,354.34,2.55,2.82,0.45
11260,775.0,274.8,740329.81,7172746.00,438.68,2.64,2.28,0.36
11260,775.0,240.0,740329.81,7172746.00,518.56,2.71,1.93,0.29
11260,775.0,202.8,740329.81,7172746.00,590.82,2.77,1.69,0.23
11260,775.0,163.2,740329.81,7172746.00,651.63,2.81,1.53,0.19
11260,775.0,121.3,740329.81,7172746.00,700.71,2.85,1.43,0.15
11260,775.0,76.8,740329.81,7172746.00,737.88,2.87,1.36,0.13
11260,775.0,29.8,740329.81,7172746.00,760.80,2.88,1.31,0.12
11260,825.0,580.7,740329.81,7172796.00,259.75,2.41,3.85,0.59
11260,825.0,570.7,740329.81,7172796.00,237.59,2.38,4.21,0.62
11260,825.0,560.7,740329.81,7172796.00,204.26,2.31,4.90,0.69
11260,825.0,550.7,740329.81,7172796.00,169.38,2.23,5.90,0.77
11260,825.0,540.7,740329.81,7172796.00,138.81,2.14,7.20,0.86
11260,825.0,528.2,740329.81,7172796.00,103.27,2.01,9.68,0.99
11260,825.0,510.7,740329.81,7172796.00,75.82,1.88,13.19,1.12
11260,825.0,490.1,740329.81,7172796.00,63.81,1.80,15.67,1.20
11260,825.0,468.3,740329.81,7172796.00,63.06,1.80,15.86,1.20
11260,825.0,445.1,740329.81,7172796.00,72.49,1.86,13.80,1.14
11260,825.0,420.6,740329.81,7172796.00,93.03,1.97,10.75,1.03
11260,825.0,394.6,740329.81,7172796.00,126.74,2.10,7.89,0.90
11260,825.0,367.0,740329.81,7172796.00,175.31,2.24,5.70,0.76
11260,825.0,337.8,740329.81,7172796.00,238.39,2.38,4.19,0.62
11260,825.0,306.8,740329.81,7172796.00,312.74,2.50,3.20,0.50
11260,825.0,274.0,740329.81,7172796.00,392.72,2.59,2.55,0.41
11260,825.0,239.2,740329.81,7172796.00,472.08,2.67,2.12,0.33
11260,825.0,202.1,740329.81,7172796.00,546.47,2.74,1.83,0.26
11260,825.0,162.7,740329.81,7172796.00,611.33,2.79,1.64,0.21
11260,825.0,120.9,740329.81,7172796.00,665.18,2.82,1.50,0.18
11260,825.0,76.6,740329.81,7172796.00,706.79,2.85,1.41,0.15
11260,825.0,29.7,740329.81,7172796.00,732.75,2.86,1.36,0.14
11260,875.0,580.5,740329.81,7172846.00,248.16,2.39,4.03,0.61
11260,875.0,570.5,740329.81,7172846.00,231.26,2.36,4.32,0.64
11260,875.0,560.5,740329.81,7172846.00,204.60,2.31,4.89,0.69
11260,875.0,550.5,740329.81,7172846.00,175.24,2.24,5.71,0.76
11260,875.0,540.5,740329.81,7172846.00,148.12,2.17,6.75,0.83
11260,875.0,528.0,740329.81,7172846.00,114.56,2.06,8.73,0.94
11260,875.0,510.5,740329.81,7172846.00,86.15,1.94,11.61,1.06
11260,875.0,489.9,740329.81,7172846.00,71.03,1.85,14.08,1.15
11260,875.0,468.0,740329.81,7172846.00,65.91,1.82,15.17,1.18
11260,875.0,444.9,740329.81,7172846.00,70.05,1.85,14.28,1.15
11260,875.0,420.3,740329.81,7172846.00,84.18,1.93,11.88,1.07
11260,875.0,394.3,740329.81,7172846.00,110.04,2.04,9.09,0.96
11260,875.0,366.8,740329.81,7172846.00,149.63,2.18,6.68,0.82
11260,875.0,337.6,740329.81,7172846.00,203.73,2.31,4.91,0.69
11260,875.0,306.6,740329.81,7172846.00,270.68,2.43,3.69,0.57
11260,875.0,273.8,740329.81,7172846.00,346.22,2.54,2.89,0.46
11260,875.0,238.9,740329.81,7172846.00,424.52,2.63,2.36,0.37
11260,875.0,201.9,740329.81,7172846.00,500.61,2.70,2.00,0.30
11260,875.0,162.5,740329.81,7172846.00,569.32,2.76,1.76,0.24
11260,875.0,120.8,740329.81,7172846.00,627.94,2.80,1.59,0.20
11260,875.0,76.5,740329.81,7172846.00,674.21,2.83,1.48,0.17
11260,875.0,29.7,740329.81,7172846.00,703.49,2.85,1.42,0.15
11260,925.0,580.4,740329.81,7172896.00,244.03,2.39,4.10,0.61
11260,925.0,570.4,740329.81,7172896.00,230.94,2.36,4.33,0.64
11260,925.0,560.4,740329.81,7172896.00,209.56,2.32,4.77,0.68
11260,925.0,550.4,740329.81,7172896.00,184.97,2.27,5.41,0.73
11260,925.0,540.4,740329.81,7172896.00,161.05,2.21,6.21,0.79
11260,925.0,527.9,740329.81,7172896.00,129.48,2.11,7.72,0.89
11260,925.0,510.4,740329.81,7172896.00,99.62,2.00,10.04,1.00
11260,925.0,489.8,740329.81,7172896.00,80.47,1.91,12.43,1.09
11260,925.0,468.0,740329.81,7172896.00,70.49,1.85,14.19,1.15
11260,925.0,444.8,740329.81,7172896.00,69.38,1.84,14.41,1.16
11260,925.0,420.3,740329.81,7172896.00,77.56,1.89,12.89,1.11
11260,925.0,394.3,740329.81,7172896.00,96.31,1.98,10.38,1.02
11260,925.0,366.7,740329.81,7172896.00,127.59,2.11,7.84,0.89
11260,925.0,337.5,740329.81,7172896.00,172.94,2.24,5.78,0.76
11260,925.0,306.5,740329.81,7172896.00,232.05,2.37,4.31,0.63
11260,925.0,273.7,740329.81,7172896.00,302.11,2.48,3.31,0.52
11260,925.0,238.9,740329.81,7172896.00,378.10,2.58,2.64,0.42
11260,925.0,201.9,740329.81,7172896.00,454.90,2.66,2.20,0.34
11260,925.0,162.5,740329.81,7172896.00,526.80,2.72,1.90,0.28
11260,925.0,120.7,740329.81,7172896.00,589.97,2.77,1.70,0.23
11260,925.0,76.5,740329.81,7172896.00,640.97,2.81,1.56,0.19
11260,925.0,29.7,740329.81,7172896.00,673.73,2.83,1.48,0.17
11260,975.0,580.5,740329.81,7172946.00,243.26,2.39,4.11,0.61
11260,975.0,570.5,740329.81,7172946.00,233.46,2.37,4.28,0.63
11260,975.0,560.5,740329.81,7172946.00,217.07,2.34,4.61,0.66
11260,975.0,550.5,740329.81,7172946.00,197.48,2.30,5.06,0.70
11260,975.0,540.5,740329.81,7172946.00,177.49,2.25,5.63,0.75
11260,975.0,528.0,740329.81,7172946.00,149.25,2.17,6.70,0.83
11260,975.0,510.5,740329.81,7172946.00,119.16,2.08,8.39,0.92
11260,975.0,489.9,740329.81,7172946.00,96.02,1.98,10.41,1.02
11260,975.0,468.0,740329.81,7172946.00,80.53,1.91,12.42,1.09
11260,975.0,444.9,740329.81,7172946.00,73.61,1.87,13.58,1.13
11260,975.0,420.3,740329.81,7172946.00,75.72,1.88,13.21,1.12
11260,975.0,394.3,740329.81,7172946.00,87.68,1.94,11.41,1.06
11260,975.0,366.8,740329.81,7172946.00,111.06,2.05,9.00,0.95
11260,975.0,337.6,740329.81,7172946.00,147.74,2.17,6.77,0.83
11260,975.0,306.6,740329.81,7172946.00,198.50,2.30,5.04,0.70
11260,975.0,273.7,740329.81,7172946.00,261.98,2.42,3.82,0.58
11260,975.0,238.9,740329.81,7172946.00,334.27,2.52,2.99,0.48
11260,975.0,201.9,740329.81,7172946.00,410.63,2.61,2.44,0.39
11260,975.0,162.5,740329.81,7172946.00,484.86,2.69,2.06,0.31
11260,975.0,120.8,740329.81,7172946.00,552.19,2.74,1.81,0.26
11260,975.0,76.5,740329.81,7172946.00,607.91,2.78,1.64,0.22
11260,975.0,29.7,740329.81,7172946.00,644.33,2.81,1.55,0.19
11260,1025.0,580.7,740329.81,7172996.00,244.86,2.39,4.08,0.61
11260,1025.0,570.7,740329.81,7172996.00,238.26,2.38,4.20,0.62
11260,1025.0,560.7,740329.81,7172996.00,226.94,2.36,4.41,0.64
11260,1025.0,550.7,740329.81,7172996.00,212.91,2.33,4.70,0.67
11260,1025.0,540.7,740329.81,7172996.00,197.82,2.30,5.06,0.70
11260,1025.0,528.2,740329.81,7172996.00,174.80,2.24,5.72,0.76
11260,1025.0,510.7,740329.81,7172996.00,146.45,2.17,6.83,0.83
11260,1025.0,490.1,740329.81,7172996.00,119.61,2.08,8.36,0.92
11260,1025.0,468.3,740329.81,7172996.00,97.51,1.99,10.26,1.01
11260,1025.0,445.1,740329.81,7172996.00,83.48,1.92,11.98,1.08
11260,1025.0,420.6,740329.81,7172996.00,78.79,1.90,12.69,1.10
11260,1025.0,394.6,740329.81,7172996.00,83.87,1.92,11.92,1.08
11260,1025.0,367.0,740329.81,7172996.00,99.69,2.00,10.03,1.00
11260,1025.0,337.8,740329.81,7172996.00,127.96,2.11,7.81,0.89
11260,1025.0,306.8,740329.81,7172996.00,170.20,2.23,5.88,0.77
11260,1025.0,274.0,740329.81,7172996.00,226.35,2.35,4.42,0.65
11260,1025.0,239.2,740329.81,7172996.00,293.84,2.47,3.40,0.53
11260,1025.0,202.1,740329.81,7172996.00,368.69,2.57,2.71,0.43
11260,1025.0,162.7,740329.81,7172996.00,444.47,2.65,2.25,0.35
11260,1025.0,120.9,740329.81,7172996.00,515.55,2.71,1.94,0.29
11260,1025.0,76.6,740329.81,7172996.00,575.94,2.76,1.74,0.24
11260,1025.0,29.7,740329.81,7172996.00,616.15,2.79,1.62,0.21
11260,1075.0,581.1,740329.81,7173046.00,256.29,2.41,3.90,0.59
11260,1075.0,571.1,740329.81,7173046.00,251.89,2.40,3.97,0.60
11260,1075.0,561.1,740329.81,7173046.00,244.51,2.39,4.09,0.61
11260,1075.0,551.1,740329.81,7173046.00,235.33,2.37,4.25,0.63
11260,1075.0,541.1,740329.81,7173046.00,225.10,2.35,4.44,0.65
11260,1075.0,528.6,740329.81,7173046.00,208.19,2.32,4.80,0.68
11260,1075.0,511.1,740329.81,7173046.00,183.17,2.26,5.46,0.74
11260,1075.0,490.5,740329.81,7173046.00,152.84,2.18,6.54,0.82
11260,1075.0,468.7,740329.81,7173046.00,122.70,2.09,8.15,0.91
11260,1075.0,445.5,740329.81,7173046.00,99.67,2.00,10.03,1.00
11260,1075.0,421.0,740329.81,7173046.00,86.79,1.94,11.52,1.06
11260,1075.0,395.0,740329.81,7173046.00,84.39,1.93,11.85,1.07
11260,1075.0,367.4,740329.81,7173046.00,92.69,1.97,10.79,1.03
11260,1075.0,338.2,740329.81,7173046.00,112.88,2.05,8.86,0.95
11260,1075.0,307.2,740329.81,7173046.00,146.73,2.17,6.82,0.83
11260,1075.0,274.4,740329.81,7173046.00,195.28,2.29,5.12,0.71
11260,1075.0,239.6,740329.81,7173046.00,257.33,2.41,3.89,0.59
11260,1075.0,202.5,740329.81,7173046.00,329.87,2.52,3.03,0.48
11260,1075.0,162.9,740329.81,7173046.00,406.56,2.61,2.46,0.39
11260,1075.0,121.1,740329.81,7173046.00,481.04,2.68,2.08,0.32
11260,1075.0,76.7,740329.81,7173046.00,546.02,2.74,1.83,0.26
11260,1075.0,29.7,740329.81,7173046.00,590.17,2.77,1.69,0.23
11260,1125.0,581.1,740329.81,7173096.00,258.02,2.41,3.88,0.59
11260,1125.0,571.1,740329.81,7173096.00,255.36,2.41,3.92,0.59
11260,1125.0,561.1,740329.81,7173096.00,251.57,2.40,3.97,0.60
11260,1125.0,551.1,740329.81,7173096.00,247.49,2.39,4.04,0.61
11260,1125.0,541.1,740329.81,7173096.00,243.23,2.39,4.11,0.61
11260,1125.0,528.6,740329.81,7173096.00,235.63,2.37,4.24,0.63
11260,1125.0,511.1,740329.81,7173096.00,219.79,2.34,4.55,0.66
11260,1125.0,490.5,740329.81,7173096.00,190.89,2.28,5.24,0.72
11260,1125.0,468.7,740329.81,7173096.00,154.49,2.19,6.47,0.81
11260,1125.0,445.6,740329.81,7173096.00,121.85,2.09,8.21,0.91
11260,1125.0,421.0,740329.81,7173096.00,99.46,2.00,10.05,1.00
11260,1125.0,395.0,740329.81,7173096.00,88.63,1.95,11.28,1.05
11260,1125.0,367.4,740329.81,7173096.00,89.13,1.95,11.22,1.05
11260,1125.0,338.2,740329.81,7173096.00,101.49,2.01,9.85,0.99
11260,1125.0,307.2,740329.81,7173096.00,127.38,2.11,7.85,0.89
11260,1125.0,274.4,740329.81,7173096.00,168.54,2.23,5.93,0.77
11260,1125.0,239.6,740329.81,7173096.00,225.04,2.35,4.44,0.65
11260,1125.0,202.5,740329.81,7173096.00,294.91,2.47,3.39,0.53
11260,1125.0,163.0,740329.81,7173096.00,372.10,2.57,2.69,0.43
11260,1125.0,121.1,740329.81,7173096.00,449.72,2.65,2.22,0.35
11260,1125.0,76.7,740329.81,7173096.00,519.23,2.72,1.93,0.28
11260,1125.0,29.7,740329.81,7173096.00,567.37,2.75,1.76,0.25
11260,1175.0,580.7,740329.81,7173146.00,212.19,2.33,4.71,0.67
11260,1175.0,570.7,740329.81,7173146.00,212.31,2.33,4.71,0.67
11260,1175.0,560.7,740329.81,7173146.00,213.53,2.33,4.68,0.67
11260,1175.0,550.7,740329.81,7173146.00,216.29,2.34,4.62,0.66
11260,1175.0,540.7,740329.81,7173146.00,220.42,2.34,4.54,0.66
11260,1175.0,528.2,740329.81,7173146.00,227.68,2.36,4.39,0.64
11260,1175.0,510.7,740329.81,7173146.00,232.55,2.37,4.30,0.63
11260,1175.0,490.1,740329.81,7173146.00,218.96,2.34,4.57,0.66
11260,1175.0,468.3,740329.81,7173146.00,185.92,2.27,5.38,0.73
11260,1175.0,445.1,740329.81,7173146.00,147.23,2.17,6.79,0.83
11260,1175.0,420.6,740329.81,7173146.00,115.35,2.06,8.67,0.94
11260,1175.0,394.6,740329.81,7173146.00,95.21,1.98,10.50,1.02
11260,1175.0,367.0,740329.81,7173146.00,87.45,1.94,11.44,1.06
11260,1175.0,337.8,740329.81,7173146.00,92.24,1.96,10.84,1.04
11260,1175.0,306.8,740329.81,7173146.00,110.88,2.04,9.02,0.96
11260,1175.0,274.0,740329.81,7173146.00,145.42,2.16,6.88,0.84
11260,1175.0,239.2,740329.81,7173146.00,196.94,2.29,5.08,0.71
11260,1175.0,202.1,740329.81,7173146.00,264.33,2.42,3.78,0.58
11260,1175.0,162.7,740329.81,7173146.00,342.04,2.53,2.92,0.47
11260,1175.0,120.9,740329.81,7173146.00,422.70,2.63,2.37,0.37
11260,1175.0,76.6,740329.81,7173146.00,496.66,2.70,2.01,0.30
11260,1175.0,29.7,740329.81,7173146.00,548.78,2.74,1.82,0.26
11260,1225.0,580.0,740329.81,7173196.00,137.45,2.14,7.28,0.86
11260,1225.0,570.0,740329.81,7173196.00,138.29,2.14,7.23,0.86
11260,1225.0,560.0,740329.81,7173196.00,141.03,2.15,7.09,0.85
11260,1225.0,550.0,740329.81,7173196.00,146.58,2.17,6.82,0.83
11260,1225.0,540.0,740329.81,7173196.00,155.36,2.19,6.44,0.81
11260,1225.0,527.5,740329.81,7173196.00,173.99,2.24,5.75,0.76
11260,1225.0,510.0,740329.81,7173196.00,203.42,2.31,4.92,0.69
11260,1225.0,489.4,740329.81,7173196.00,220.19,2.34,4.54,0.66
11260,1225.0,467.6,740329.81,7173196.00,206.67,2.32,4.84,0.68
11260,1225.0,444.4,740329.81,7173196.00,170.62,2.23,5.86,0.77
11260,1225.0,419.9,740329.81,7173196.00,131.39,2.12,7.61,0.88
11260,1225.0,393.9,740329.81,7173196.00,101.56,2.01,9.85,0.99
11260,1225.0,366.3,740329.81,7173196.00,85.24,1.93,11.73,1.07
11260,1225.0,337.1,740329.81,7173196.00,83.00,1.92,12.05,1.08
11260,1225.0,306.1,740329.81,7173196.00,95.57,1.98,10.46,1.02
11260,1225.0,273.3,740329.81,7173196.00,124.90,2.10,8.01,0.90
11260,1225.0,238.5,740329.81,7173196.00,172.72,2.24,5.79,0.76
11260,1225.0,201.5,740329.81,7173196.00,238.53,2.38,4.19,0.62
11260,1225.0,162.2,740329.81,7173196.00,317.29,2.50,3.15,0.50
11260,1225.0,120.5,740329.81,7173196.00,401.18,2.60,2.49,0.40
11260,1225.0,76.4,740329.81,7173196.00,479.50,2.68,2.09,0.32
11260,1225.0,29.6,740329.81,7173196.00,535.47,2.73,1.87,0.27
11260,1275.0,579.4,740329.81,7173246.00,80.51,1.91,12.42,1.09
11260,1275.0,569.4,740329.81,7173246.00,78.29,1.89,12.77,1.11
11260,1275.0,559.4,740329.81,7173246.00,76.86,1.89,13.01,1.11
11260,1275.0,549.4,740329.81,7173246.00,78.53,1.90,12.73,1.10
11260,1275.0,539.4,740329.81,7173246.00,84.71,1.93,11.80,1.07
11260,1275.0,526.9,740329.81,7173246.00,103.16,2.01,9.69,0.99
11260,1275.0,509.4,740329.81,7173246.00,145.40,2.16,6.88,0.84
11260,1275.0,488.8,740329.81,7173246.00,193.89,2.29,5.16,0.71
11260,1275.0,467.0,740329.81,7173246.00,212.00,2.33,4.72,0.67
11260,1275.0,443.8,740329.81,7173246.00,187.68,2.27,5.33,0.73
11260,1275.0,419.3,740329.81,7173246.00,143.51,2.16,6.97,0.84
11260,1275.0,393.3,740329.81,7173246.00,103.80,2.02,9.63,0.98
11260,1275.0,365.7,740329.81,7173246.00,79.16,1.90,12.63,1.10
11260,1275.0,336.5,740329.81,7173246.00,71.30,1.85,14.03,1.15
11260,1275.0,305.5,740329.81,7173246.00,79.81,1.90,12.53,1.10
11260,1275.0,272.7,740329.81,7173246.00,106.07,2.03,9.43,0.97
11260,1275.0,237.9,740329.81,7173246.00,152.19,2.18,6.57,0.82
11260,1275.0,201.0,740329.81,7173246.00,218.11,2.34,4.58,0.66
11260,1275.0,161.8,740329.81,7173246.00,299.04,2.48,3.34,0.52
11260,1275.0,120.2,740329.81,7173246.00,386.57,2.59,2.59,0.41
11260,1275.0,76.2,740329.81,7173246.00,469.12,2.67,2.13,0.33
11260,1275.0,29.6,740329.81,7173246.00,528.58,2.72,1.89,0.28
11260,1325.0,579.1,740329.81,7173296.00,43.50,1.64,22.99,1.36
11260,1325.0,569.1,740329.81,7173296.00,40.96,1.61,24.41,1.39
11260,1325.0,559.1,740329.81,7173296.00,38.73,1.59,25.82,1.41
11260,1325.0,549.1,740329.81,7173296.00,39.03,1.59,25.62,1.41
11260,1325.0,539.1,740329.81,7173296.00,43.28,1.64,23.11,1.36
11260,1325.0,526.6,740329.81,7173296.00,58.48,1.77,17.10,1.23
11260,1325.0,509.1,740329.81,7173296.00,102.13,2.01,9.79,0.99
11260,1325.0,488.5,740329.81,7173296.00,169.93,2.23,5.88,0.77
11260,1325.0,466.6,740329.81,7173296.00,214.86,2.33,4.65,0.67
11260,1325.0,443.5,740329.81,7173296.00,199.68,2.30,5.01,0.70
11260,1325.0,419.0,740329.81,7173296.00,147.20,2.17,6.79,0.83
11260,1325.0,393.0,740329.81,7173296.00,96.43,1.98,10.37,1.02
11260,1325.0,365.4,740329.81,7173296.00,65.14,1.81,15.35,1.19
11260,1325.0,336.2,740329.81,7173296.00,54.93,1.74,18.21,1.26
11260,1325.0,305.2,740329.81,7173296.00,62.57,1.80,15.98,1.20
11260,1325.0,272.4,740329.81,7173296.00,88.62,1.95,11.28,1.05
11260,1325.0,237.6,740329.81,7173296.00,135.77,2.13,7.37,0.87
11260,1325.0,200.7,740329.81,7173296.00,204.20,2.31,4.90,0.69
11260,1325.0,161.5,740329.81,7173296.00,288.84,2.46,3.46,0.54
11260,1325.0,120.1,740329.81,7173296.00,380.52,2.58,2.63,0.42
11260,1325.0,76.1,740329.81,7173296.00,466.94,2.67,2.14,0.33
11260,1325.0,29.5,740329.81,7173296.00,529.26,2.72,1.89,0.28
11260,1375.0,579.1,740329.81,7173346.00,84.41,1.93,11.85,1.07
11260,1375.0,569.1,740329.81,7173346.00,78.17,1.89,12.79,1.11
11260,1375.0,559.1,740329.81,7173346.00,70.22,1.85,14.24,1.15
11260,1375.0,549.1,740329.81,7173346.00,64.69,1.81,15.46,1.19
11260,1375.0,539.1,740329.81,7173346.00,64.16,1.81,15.59,1.19
11260,1375.0,526.6,740329.81,7173346.00,73.86,1.87,13.54,1.13
11260,1375.0,509.1,740329.81,7173346.00,115.61,2.06,8.65,0.94
11260,1375.0,488.5,740329.81,7173346.00,189.27,2.28,5.28,0.72
11260,1375.0,466.6,740329.81,7173346.00,235.97,2.37,4.24,0.63
11260,1375.0,443.5,740329.81,7173346.00,205.65,2.31,4.86,0.69
11260,1375.0,419.0,740329.81,7173346.00,133.26,2.12,7.50,0.88
11260,1375.0,393.0,740329.81,7173346.00,72.45,1.86,13.80,1.14
11260,1375.0,365.4,740329.81,7173346.00,40.56,1.61,24.65,1.39
11260,1375.0,336.2,740329.81,7173346.00,33.94,1.53,29.46,1.47
11260,1375.0,305.2,740329.81,7173346.00,44.43,1.65,22.51,1.35
11260,1375.0,272.4,740329.81,7173346.00,73.42,1.87,13.62,1.13
11260,1375.0,237.6,740329.81,7173346.00,124.92,2.10,8.01,0.90
11260,1375.0,200.7,740329.81,7173346.00,198.82,2.30,5.03,0.70
11260,1375.0,161.5,740329.81,7173346.00,288.89,2.46,3.46,0.54
11260,1375.0,120.1,740329.81,7173346.00,384.96,2.59,2.60,0.41
11260,1375.0,76.1,740329.81,7173346.00,474.43,2.68,2.11,0.32
11260,1375.0,29.5,740329.81,7173346.00,538.49,2.73,1.86,0.27
11260,1425.0,579.3,740329.81,7173396.00,465.95,2.67,2.15,0.33
11260,1425.0,569.3,740329.81,7173396.00,405.31,2.61,2.47,0.39
11260,1425.0,559.3,740329.81,7173396.00,326.00,2.51,3.07,0.49
11260,1425.0,549.3,740329.81,7173396.00,257.47,2.41,3.88,0.59
11260,1425.0,539.3,740329.81,7173396.00,211.71,2.33,4.72,0.67
11260,1425.0,526.8,740329.81,7173396.00,179.61,2.25,5.57,0.75
11260,1425.0,509.3,740329.81,7173396.00,194.95,2.29,5.13,0.71
11260,1425.0,488.7,740329.81,7173396.00,243.85,2.39,4.10,0.61
11260,1425.0,466.9,740329.81,7173396.00,247.84,2.39,4.03,0.61
11260,1425.0,443.7,740329.81,7173396.00,175.83,2.25,5.69,0.75
11260,1425.0,419.2,740329.81,7173396.00,86.93,1.94,11.50,1.06
11260,1425.0,393.2,740329.81,7173396.00,33.07,1.52,30.24,1.48
11260,1425.0,365.6,740329.81,7173396.00,13.34,1.13,74.96,1.87
11260,1425.0,336.4,740329.81,7173396.00,14.33,1.16,69.79,1.84
11260,1425.0,305.4,740329.81,7173396.00,28.74,1.46,34.79,1.54
11260,1425.0,272.6,740329.81,7173396.00,63.12,1.80,15.84,1.20
11260,1425.0,237.8,740329.81,7173396.00,122.65,2.09,8.15,0.91
11260,1425.0,200.9,740329.81,7173396.00,205.17,2.31,4.87,0.69
11260,1425.0,161.7,740329.81,7173396.00,301.94,2.48,3.31,0.52
11260,1425.0,120.2,740329.81,7173396.00,401.90,2.60,2.49,0.40
11260,1425.0,76.2,740329.81,7173396.00,492.82,2.69,2.03,0.31
11260,1425.0,29.6,740329.81,7173396.00,556.99,2.75,1.80,0.25
11260,1475.0,579.7,740329.81,7173446.00,1150.20,3.06,0.87,-0.06
11260,1475.0,569.7,740329.81,7173446.00,941.17,2.97,1.06,0.03
11260,1475.0,559.7,740329.81,7173446.00,687.99,2.84,1.45,0.16
11260,1475.0,549.7,740329.81,7173446.00,486.62,2.69,2.05,0.31
11260,1475.0,539.7,740329.81,7173446.00,357.91,2.55,2.79,0.45
11260,1475.0,527.2,740329.81,7173446.00,258.08,2.41,3.87,0.59
11260,1475.0,509.7,740329.81,7173446.00,217.98,2.34,4.59,0.66
11260,1475.0,489.1,740329.81,7173446.00,201.57,2.30,4.96,0.70
11260,1475.0,467.2,740329.81,7173446.00,157.42,2.20,6.35,0.80
11260,1475.0,444.1,740329.81,7173446.00,83.79,1.92,11.94,1.08
11260,1475.0,419.6,740329.81,7173446.00,25.39,1.40,39.39,1.60
11260,1475.0,393.5,740329.81,7173446.00,4.99,0.70,200.28,2.30
11260,1475.0,366.0,740329.81,7173446.00,1.19,0.07,842.96,2.93
11260,1475.0,336.8,740329.81,7173446.00,4.32,0.64,231.49,2.36
11260,1475.0,305.8,740329.81,7173446.00,20.38,1.31,49.06,1.69
11260,1475.0,272.9,740329.81,7173446.00,62.61,1.80,15.97,1.20
11260,1475.0,238.1,740329.81,7173446.00,134.24,2.13,7.45,0.87
11260,1475.0,201.2,740329.81,7173446.00,227.75,2.36,4.39,0.64
11260,1475.0,161.9,740329.81,7173446.00,331.04,2.52,3.02,0.48
11260,1475.0,120.4,740329.81,7173446.00,432.96,2.64,2.31,0.36
11260,1475.0,76.3,740329.81,7173446.00,522.74,2.72,1.91,0.28
11260,1475.0,29.6,740329.81,7173446.00,584.83,2.77,1.71,0.23
11260,1525.0,580.0,740329.81,7173496.00,790.29,2.90,1.27,0.10
11260,1525.0,570.0,740329.81,7173496.00,602.18,2.78,1.66,0.22
11260,1525.0,560.0,740329.81,7173496.00,394.17,2.60,2.54,0.40
11260,1525.0,550.0,740329.81,7173496.00,248.94,2.40,4.02,0.60
11260,1525.0,540.0,740329.81,7173496.00,167.20,2.22,5.98,0.78
11260,1525.0,527.5,740329.81,7173496.00,107.80,2.03,9.28,0.97
11260,1525.0,510.0,740329.81,7173496.00,67.98,1.83,14.71,1.17
11260,1525.0,489.4,740329.81,7173496.00,43.05,1.63,23.23,1.37
11260,1525.0,467.6,740329.81,7173496.00,25.85,1.41,38.69,1.59
11260,1525.0,444.5,740329.81,7173496.00,7.81,0.89,128.08,2.11
11260,1525.0,419.9,740329.81,7173496.00,0.91,-0.04,1099.73,3.04
11260,1525.0,393.9,740329.81,7173496.00,0.12,-0.94,8631.17,3.94
11260,1525.0,366.4,740329.81,7173496.00,0.09,-1.06,11361.98,4.06
11260,1525.0,337.1,740329.81,7173496.00,2.99,0.48,334.39,2.52
11260,1525.0,306.2,740329.81,7173496.00,24.14,1.38,41.43,1.62
11260,1525.0,273.3,740329.81,7173496.00,80.12,1.90,12.48,1.10
11260,1525.0,238.5,740329.81,7173496.00,167.28,2.22,5.98,0.78
11260,1525.0,201.5,740329.81,7173496.00,271.45,2.43,3.68,0.57
11260,1525.0,162.2,740329.81,7173496.00,378.43,2.58,2.64,0.42
11260,1525.0,120.6,740329.81,7173496.00,478.59,2.68,2.09,0.32
11260,1525.0,76.4,740329.81,7173496.00,563.73,2.75,1.77,0.25
11260,1525.0,29.6,740329.81,7173496.00,621.25,2.79,1.61,0.21
11260,1575.0,580.4,740329.81,7173546.00,186.89,2.27,5.35,0.73
11260,1575.0,570.4,740329.81,7173546.00,127.42,2.11,7.85,0.89
11260,1575.0,560.4,740329.81,7173546.00,68.60,1.84,14.58,1.16
11260,1575.0,550.4,740329.81,7173546.00,34.54,1.54,28.96,1.46
11260,1575.0,540.4,740329.81,7173546.00,18.75,1.27,53.33,1.73
11260,1575.0,527.9,740329.81,7173546.00,8.12,0.91,123.09,2.09
11260,1575.0,510.4,740329.81,7173546.00,1.53,0.18,654.19,2.82
11260,1575.0,489.8,740329.81,7173546.00,0.49,-0.31,2029.31,3.31
11260,1575.0,467.9,740329.81,7173546.00,0.39,-0.41,2577.45,3.41
11260,1575.0,444.8,740329.81,7173546.00,0.28,-0.56,3632.38,3.56
11260,1575.0,420.2,740329.81,7173546.00,0.19,-0.72,5254.87,3.72
11260,1575.0,394.2,740329.81,7173546.00,0.86,-0.07,1161.67,3.07
11260,1575.0,366.7,740329.81,7173546.00,2.50,0.40,399.64,2.60
11260,1575.0,337.4,740329.81,7173546.00,13.59,1.13,73.60,1.87
11260,1575.0,306.5,740329.81,7173546.00,52.24,1.72,19.14,1.28
11260,1575.0,273.6,740329.81,7173546.00,128.19,2.11,7.80,0.89
11260,1575.0,238.8,740329.81,7173546.00,229.60,2.36,4.36,0.64
11260,1575.0,201.8,740329.81,7173546.00,339.30,2.53,2.95,0.47
11260,1575.0,162.4,740329.81,7173546.00,444.07,2.65,2.25,0.35
11260,1575.0,120.7,740329.81,7173546.00,537.30,2.73,1.86,0.27
11260,1575.0,76.5,740329.81,7173546.00,613.88,2.79,1.63,0.21
11260,1575.0,29.7,740329.81,7173546.00,664.45,2.82,1.50,0.18
11260,1625.0,580.5,740329.81,7173596.00,70.91,1.85,14.10,1.15
11260,1625.0,570.5,740329.81,7173596.00,41.83,1.62,23.91,1.38
11260,1625.0,560.5,740329.81,7173596.00,17.00,1.23,58.81,1.77
11260,1625.0,550.5,740329.81,7173596.00,5.91,0.77,169.09,2.23
11260,1625.0,540.5,740329.81,7173596.00,2.17,0.34,460.84,2.66
11260,1625.0,528.0,740329.81,7173596.00,0.42,-0.37,2370.50,3.37
11260,1625.0,510.5,740329.81,7173596.00,0.06,-1.25,17602.94,4.25
11260,1625.0,490.0,740329.81,7173596.00,0.31,-0.50,3198.33,3.50
11260,1625.0,468.1,740329.81,7173596.00,3.99,0.60,250.92,2.40
11260,1625.0,445.0,740329.81,7173596.00,11.39,1.06,87.80,1.94
11260,1625.0,420.4,740329.81,7173596.00,12.31,1.09,81.25,1.91
11260,1625.0,394.4,740329.81,7173596.00,17.18,1.23,58.22,1.77
11260,1625.0,366.9,740329.81,7173596.00,27.58,1.44,36.25,1.56
11260,1625.0,337.6,740329.81,7173596.00,59.00,1.77,16.95,1.23
11260,1625.0,306.7,740329.81,7173596.00,123.08,2.09,8.12,0.91
11260,1625.0,273.8,740329.81,7173596.00,216.86,2.34,4.61,0.66
11260,1625.0,239.0,740329.81,7173596.00,323.90,2.51,3.09,0.49
11260,1625.0,202.0,740329.81,7173596.00,429.51,2.63,2.33,0.37
11260,1625.0,162.6,740329.81,7173596.00,524.31,2.72,1.91,0.28
11260,1625.0,120.8,740329.81,7173596.00,605.26,2.78,1.65,0.22
11260,1625.0,76.6,740329.81,7173596.00,669.92,2.83,1.49,0.17
11260,1625.0,29.7,740329.81,7173596.00,711.81,2.85,1.40,0.15
11260,1675.0,580.7,740329.81,7173646.00,24.94,1.40,40.09,1.60
11260,1675.0,570.7,740329.81,7173646.00,15.86,1.20,63.04,1.80
11260,1675.0,560.7,740329.81,7173646.00,8.81,0.94,113.52,2.06
11260,1675.0,550.7,740329.81,7173646.00,6.10,0.79,164.05,2.21
11260,1675.0,540.7,740329.81,7173646.00,5.92,0.77,168.90,2.23
11260,1675.0,528.2,740329.81,7173646.00,7.79,0.89,128.44,2.11
11260,1675.0,510.7,740329.81,7173646.00,13.77,1.14,72.61,1.86
11260,1675.0,490.1,740329.81,7173646.00,27.11,1.43,36.89,1.57
11260,1675.0,468.3,740329.81,7173646.00,54.20,1.73,18.45,1.27
11260,1675.0,445.2,740329.81,7173646.00,79.61,1.90,12.56,1.10
11260,1675.0,420.6,740329.81,7173646.00,89.00,1.95,11.24,1.05
11260,1675.0,394.6,740329.81,7173646.00,100.89,2.00,9.91,1.00
11260,1675.0,367.1,740329.81,7173646.00,124.26,2.09,8.05,0.91
11260,1675.0,337.8,740329.81,7173646.00,174.03,2.24,5.75,0.76
11260,1675.0,306.9,740329.81,7173646.00,251.59,2.40,3.97,0.60
11260,1675.0,274.0,740329.81,7173646.00,346.39,2.54,2.89,0.46
11260,1675.0,239.2,740329.81,7173646.00,443.75,2.65,2.25,0.35
11260,1675.0,202.2,740329.81,7173646.00,534.12,2.73,1.87,0.27
11260,1675.0,162.7,740329.81,7173646.00,612.03,2.79,1.63,0.21
11260,1675.0,120.9,740329.81,7173646.00,676.82,2.83,1.48,0.17
11260,1675.0,76.6,740329.81,7173646.00,727.66,2.86,1.37,0.14
11260,1675.0,29.7,740329.81,7173646.00,760.11,2.88,1.32,0.12
11260,1725.0,581.1,740329.81,7173696.00,121.68,2.09,8.22,0.91
11260,1725.0,571.1,740329.81,7173696.00,116.46,2.07,8.59,0.93
11260,1725.0,561.1,740329.81,7173696.00,111.59,2.05,8.96,0.95
11260,1725.0,551.1,740329.81,7173696.00,112.78,2.05,8.87,0.95
11260,1725.0,541.1,740329.81,7173696.00,123.28,2.09,8.11,0.91
11260,1725.0,528.6,740329.81,7173696.00,157.60,2.20,6.35,0.80
11260,1725.0,511.1,740329.81,7173696.00,224.36,2.35,4.46,0.65
11260,1725.0,490.5,740329.81,7173696.00,281.41,2.45,3.55,0.55
11260,1725.0,468.7,740329.81,7173696.00,316.60,2.50,3.16,0.50
11260,1725.0,445.5,740329.81,7173696.00,324.29,2.51,3.08,0.49
11260,1725.0,421.0,740329.81,7173696.00,313.02,2.50,3.19,0.50
11260,1725.0,395.0,740329.81,7173696.00,307.99,2.49,3.25,0.51
11260,1725.0,367.4,740329.81,7173696.00,321.58,2.51,3.11,0.49
11260,1725.0,338.2,740329.81,7173696.00,361.97,2.56,2.76,0.44
11260,1725.0,307.2,740329.81,7173696.00,424.82,2.63,2.35,0.37
11260,1725.0,274.4,740329.81,7173696.00,498.80,2.70,2.00,0.30
11260,1725.0,239.6,740329.81,7173696.00,572.72,2.76,1.75,0.24
11260,1725.0,202.5,740329.81,7173696.00,640.41,2.81,1.56,0.19
11260,1725.0,163.0,740329.81,7173696.00,698.11,2.84,1.43,0.16
11260,1725.0,121.1,740329.81,7173696.00,745.72,2.87,1.34,0.13
11260,1725.0,76.7,740329.81,7173696.00,782.85,2.89,1.28,0.11
11260,1725.0,29.7,740329.81,7173696.00,806.31,2.91,1.24,0.09
11260,1775.0,581.6,740329.81,7173746.00,174.70,2.24,5.72,0.76
11260,1775.0,571.6,740329.81,7173746.00,184.38,2.27,5.42,0.73
11260,1775.0,561.6,740329.81,7173746.00,210.41,2.32,4.75,0.68
11260,1775.0,551.6,740329.81,7173746.00,257.34,2.41,3.89,0.59
11260,1775.0,541.6,740329.81,7173746.00,325.64,2.51,3.07,0.49
11260,1775.0,529.1,740329.81,7173746.00,470.57,2.67,2.13,0.33
11260,1775.0,511.6,740329.81,7173746.00,678.44,2.83,1.47,0.17
11260,1775.0,491.0,740329.81,7173746.00,784.65,2.89,1.27,0.11
11260,1775.0,469.2,740329.81,7173746.00,774.07,2.89,1.29,0.11
11260,1775.0,446.0,740329.81,7173746.00,706.15,2.85,1.42,0.15
11260,1775.0,421.5,740329.81,7173746.00,632.35,2.80,1.58,0.20
11260,1775.0,395.5,740329.81,7173746.00,580.30,2.76,1.72,0.24
11260,1775.0,367.9,740329.81,7173746.00,558.35,2.75,1.79,0.25
11260,1775.0,338.7,740329.81,7173746.00,566.87,2.75,1.76,0.25
11260,1775.0,307.7,740329.81,7173746.00,598.50,2.78,1.67,0.22
11260,1775.0,274.9,740329.81,7173746.00,642.71,2.81,1.56,0.19
11260,1775.0,240.1,740329.81,7173746.00,690.02,2.84,1.45,0.16
11260,1775.0,203.0,740329.81,7173746.00,735.12,2.87,1.36,0.13
11260,1775.0,163.3,740329.81,7173746.00,774.21,2.89,1.29,0.11
11260,1775.0,121.3,740329.81,7173746.00,806.70,2.91,1.24,0.09
11260,1775.0,76.9,740329.81,7173746.00,832.05,2.92,1.20,0.08
11260,1775.0,29.8,740329.81,7173746.00,847.98,2.93,1.18,0.07
11260,1825.0,582.1,740329.81,7173796.00,18.01,1.26,55.51,1.74
11260,1825.0,572.1,740329.81,7173796.00,14.56,1.16,68.70,1.84
11260,1825.0,562.1,740329.81,7173796.00,17.27,1.24,57.90,1.76
11260,1825.0,552.1,740329.81,7173796.00,30.33,1.48,32.97,1.52
11260,1825.0,542.1,740329.81,7173796.00,60.10,1.78,16.64,1.22
11260,1825.0,529.6,740329.81,7173796.00,159.61,2.20,6.27,0.80
11260,1825.0,512.1,740329.81,7173796.00,389.42,2.59,2.57,0.41
11260,1825.0,491.5,740329.81,7173796.00,626.02,2.80,1.60,0.20
11260,1825.0,469.7,740329.81,7173796.00,762.06,2.88,1.31,0.12
11260,1825.0,446.5,740329.81,7173796.00,794.43,2.90,1.26,0.10
11260,1825.0,422.0,740329.81,7173796.00,772.40,2.89,1.29,0.11
11260,1825.0,396.0,740329.81,7173796.00,738.86,2.87,1.35,0.13
11260,1825.0,368.4,740329.81,7173796.00,716.37,2.86,1.40,0.14
11260,1825.0,339.2,740329.81,7173796.00,712.79,2.85,1.40,0.15
11260,1825.0,308.2,740329.81,7173796.00,726.47,2.86,1.38,0.14
11260,1825.0,275.4,740329.81,7173796.00,751.19,2.88,1.33,0.12
11260,1825.0,240.6,740329.81,7173796.00,780.27,2.89,1.28,0.11
11260,1825.0,203.4,740329.81,7173796.00,809.43,2.91,1.24,0.09
11260,1825.0,163.6,740329.81,7173796.00,835.21,2.92,1.20,0.08
11260,1825.0,121.6,740329.81,7173796.00,856.70,2.93,1.17,0.07
11260,1825.0,77.0,740329.81,7173796.00,873.33,2.94,1.15,0.06
11260,1825.0,29.8,740329.81,7173796.00,883.64,2.95,1.13,0.05
11260,1875.0,582.4,740329.81,7173846.00,73.07,1.86,13.68,1.14
11260,1875.0,572.4,740329.81,7173846.00,39.85,1.60,25.09,1.40
11260,1875.0,562.4,740329.81,7173846.00,24.92,1.40,40.13,1.60
11260,1875.0,552.4,740329.81,7173846.00,25.34,1.40,39.46,1.60
11260,1875.0,542.4,740329.81,7173846.00,37.17,1.57,26.90,1.43
11260,1875.0,529.9,740329.81,7173846.00,82.88,1.92,12.07,1.08
11260,1875.0,512.4,740329.81,7173846.00,205.91,2.31,4.86,0.69
11260,1875.0,491.8,740329.81,7173846.00,377.47,2.58,2.65,0.42
11260,1875.0,470.0,740329.81,7173846.00,540.29,2.73,1.85,0.27
11260,1875.0,446.8,740329.81,7173846.00,654.03,2.82,1.53,0.18
11260,1875.0,422.3,740329.81,7173846.00,716.64,2.86,1.40,0.14
11260,1875.0,396.3,740329.81,7173846.00,746.28,2.87,1.34,0.13
11260,1875.0,368.7,740329.81,7173846.00,762.10,2.88,1.31,0.12
11260,1875.0,339.5,740329.81,7173846.00,776.64,2.89,1.29,0.11
11260,1875.0,308.5,740329.81,7173846.00,794.99,2.90,1.26,0.10
11260,1875.0,275.7,740329.81,7173846.00,816.84,2.91,1.22,0.09
11260,1875.0,240.9,740329.81,7173846.00,839.72,2.92,1.19,0.08
11260,1875.0,203.7,740329.81,7173846.00,861.58,2.94,1.16,0.06
11260,1875.0,163.9,740329.81,7173846.00,880.20,2.94,1.14,0.06
11260,1875.0,121.7,740329.81,7173846.00,895.16,2.95,1.12,0.05
11260,1875.0,77.1,740329.81,7173846.00,906.26,2.96,1.10,0.04
11260,1875.0,29.9,740329.81,7173846.00,912.85,2.96,1.10,0.04
11260,1925.0,582.7,740329.81,7173896.00,10.06,1.00,99.38,2.00
11260,1925.0,572.7,740329.81,7173896.00,9.47,0.98,105.60,2.02
11260,1925.0,562.7,740329.81,7173896.00,11.92,1.08,83.91,1.92
11260,1925.0,552.7,740329.81,7173896.00,19.06,1.28,52.46,1.72
11260,1925.0,542.7,740329.81,7173896.00,32.78,1.52,30.51,1.48
11260,1925.0,530.2,740329.81,7173896.00,72.35,1.86,13.82,1.14
11260,1925.0,512.7,740329.81,7173896.00,162.54,2.21,6.15,0.79
11260,1925.0,492.1,740329.81,7173896.00,286.12,2.46,3.50,0.54
11260,1925.0,470.3,740329.81,7173896.00,419.26,2.62,2.39,0.38
11260,1925.0,447.1,740329.81,7173896.00,538.28,2.73,1.86,0.27
11260,1925.0,422.6,740329.81,7173896.00,631.77,2.80,1.58,0.20
11260,1925.0,396.6,740329.81,7173896.00,700.14,2.85,1.43,0.15
11260,1925.0,369.0,740329.81,7173896.00,750.01,2.88,1.33,0.12
11260,1925.0,339.8,740329.81,7173896.00,788.71,2.90,1.27,0.10
11260,1925.0,308.8,740329.81,7173896.00,821.26,2.91,1.22,0.09
11260,1925.0,276.0,740329.81,7173896.00,849.77,2.93,1.18,0.07
11260,1925.0,241.2,740329.81,7173896.00,874.46,2.94,1.14,0.06
11260,1925.0,203.9,740329.81,7173896.00,895.32,2.95,1.12,0.05
11260,1925.0,164.1,740329.81,7173896.00,911.54,2.96,1.10,0.04
11260,1925.0,121.9,740329.81,7173896.00,923.46,2.97,1.08,0.03
11260,1925.0,77.2,740329.81,7173896.00,931.60,2.97,1.07,0.03
11260,1925.0,29.9,740329.81,7173896.00,936.04,2.97,1.07,0.03
11260,1975.0,583.0,740329.81,7173946.00,25.05,1.40,39.92,1.60
11260,1975.0,573.0,740329.81,7173946.00,26.31,1.42,38.02,1.58
11260,1975.0,563.0,740329.81,7173946.00,32.93,1.52,30.37,1.48
11260,1975.0,553.0,740329.81,7173946.00,46.30,1.67,21.60,1.33
11260,1975.0,543.0,740329.81,7173946.00,66.79,1.82,14.97,1.18
11260,1975.0,530.5,740329.81,7173946.00,113.59,2.06,8.80,0.94
11260,1975.0,513.0,740329.81,7173946.00,197.56,2.30,5.06,0.70
11260,1975.0,492.4,740329.81,7173946.00,297.24,2.47,3.36,0.53
11260,1975.0,470.6,740329.81,7173946.00,402.06,2.60,2.49,0.40
11260,1975.0,447.4,740329.81,7173946.00,502.46,2.70,1.99,0.30
11260,1975.0,422.9,740329.81,7173946.00,592.35,2.77,1.69,0.23
11260,1975.0,396.9,740329.81,7173946.00,669.10,2.83,1.49,0.17
11260,1975.0,369.3,740329.81,7173946.00,732.97,2.87,1.36,0.13
11260,1975.0,340.1,740329.81,7173946.00,785.77,2.90,1.27,0.10
11260,1975.0,309.1,740329.81,7173946.00,829.44,2.92,1.21,0.08
11260,1975.0,276.3,740329.81,7173946.00,865.34,2.94,1.16,0.06
11260,1975.0,241.5,740329.81,7173946.00,894.11,2.95,1.12,0.05
11260,1975.0,204.2,740329.81,7173946.00,916.67,2.96,1.09,0.04
11260,1975.0,164.3,740329.81,7173946.00,932.94,2.97,1.07,0.03
11260,1975.0,122.0,740329.81,7173946.00,943.93,2.97,1.06,0.03
11260,1975.0,77.3,740329.81,7173946.00,950.75,2.98,1.05,0.02
11260,1975.0,29.9,740329.81,7173946.00,954.09,2.98,1.05,0.02
11260,2025.0,583.4,740329.81,7173996.00,7.41,0.87,134.99,2.13
11260,2025.0,573.4,740329.81,7173996.00,16.81,1.23,59.50,1.77
11260,2025.0,563.4,740329.81,7173996.00,38.80,1.59,25.77,1.41
11260,2025.0,553.4,740329.81,7173996.00,73.81,1.87,13.55,1.13
11260,2025.0,543.4,740329.81,7173996.00,116.85,2.07,8.56,0.93
11260,2025.0,530.9,740329.81,7173996.00,192.29,2.28,5.20,0.72
11260,2025.0,513.4,740329.81,7173996.00,289.25,2.46,3.46,0.54
11260,2025.0,492.8,740329.81,7173996.00,376.51,2.58,2.66,0.42
11260,2025.0,471.0,740329.81,7173996.00,456.39,2.66,2.19,0.34
11260,2025.0,447.8,740329.81,7173996.00,531.75,2.73,1.88,0.27
11260,2025.0,423.3,740329.81,7173996.00,603.55,2.78,1.66,0.22
11260,2025.0,397.3,740329.81,7173996.00,671.03,2.83,1.49,0.17
11260,2025.0,369.7,740329.81,7173996.00,732.91,2.87,1.36,0.13
11260,2025.0,340.5,740329.81,7173996.00,788.05,2.90,1.27,0.10
11260,2025.0,309.5,740329.81,7173996.00,835.69,2.92,1.20,0.08
11260,2025.0,276.7,740329.81,7173996.00,875.35,2.94,1.14,0.06
11260,2025.0,241.9,740329.81,7173996.00,906.89,2.96,1.10,0.04
11260,2025.0,204.5,740329.81,7173996.00,931.16,2.97,1.07,0.03
11260,2025.0,164.6,740329.81,7173996.00,948.08,2.98,1.05,0.02
11260,2025.0,122.2,740329.81,7173996.00,958.95,2.98,1.04,0.02
11260,2025.0,77.4,740329.81,7173996.00,965.22,2.98,1.04,0.02
11260,2025.0,30.0,740329.81,7173996.00,968.02,2.99,1.03,0.01
11260,2075.0,583.7,740329.81,7174046.00,58.37,1.77,17.13,1.23
11260,2075.0,573.7,740329.81,7174046.00,80.47,1.91,12.43,1.09
11260,2075.0,563.7,740329.81,7174046.00,121.95,2.09,8.20,0.91
11260,2075.0,553.7,740329.81,7174046.00,178.35,2.25,5.61,0.75
11260,2075.0,543.7,740329.81,7174046.00,240.82,2.38,4.15,0.62
11260,2075.0,531.2,740329.81,7174046.00,338.53,2.53,2.95,0.47
11260,2075.0,513.7,740329.81,7174046.00,441.03,2.64,2.27,0.36
11260,2075.0,493.1,740329.81,7174046.00,509.43,2.71,1.96,0.29
11260,2075.0,471.2,740329.81,7174046.00,559.19,2.75,1.79,0.25
11260,2075.0,448.1,740329.81,7174046.00,604.07,2.78,1.66,0.22
11260,2075.0,423.6,740329.81,7174046.00,650.73,2.81,1.54,0.19
11260,2075.0,397.6,740329.81,7174046.00,700.35,2.85,1.43,0.15
11260,2075.0,370.0,740329.81,7174046.00,751.27,2.88,1.33,0.12
11260,2075.0,340.8,740329.81,7174046.00,800.85,2.90,1.25,0.10
11260,2075.0,309.8,740329.81,7174046.00,846.39,2.93,1.18,0.07
11260,2075.0,277.0,740329.81,7174046.00,885.78,2.95,1.13,0.05
11260,2075.0,242.2,740329.81,7174046.00,917.76,2.96,1.09,0.04
11260,2075.0,204.8,740329.81,7174046.00,942.48,2.97,1.06,0.03
11260,2075.0,164.8,740329.81,7174046.00,959.62,2.98,1.04,0.02
11260,2075.0,122.4,740329.81,7174046.00,970.39,2.99,1.03,0.01
11260,2075.0,77.5,740329.81,7174046.00,976.33,2.99,1.02,0.01
11260,2075.0,30.0,740329.81,7174046.00,978.83,2.99,1.02,0.01
11260,2125.0,583.9,740329.81,7174096.00,21.71,1.34,46.06,1.66
11260,2125.0,573.9,740329.81,7174096.00,42.42,1.63,23.57,1.37
11260,2125.0,563.9,740329.81,7174096.00,91.47,1.96,10.93,1.04
11260,2125.0,553.9,740329.81,7174096.00,171.52,2.23,5.83,0.77
11260,2125.0,543.9,740329.81,7174096.00,269.00,2.43,3.72,0.57
11260,2125.0,531.4,740329.81,7174096.00,425.84,2.63,2.35,0.37
11260,2125.0,513.9,740329.81,7174096.00,575.11,2.76,1.74,0.24
11260,2125.0,493.3,740329.81,7174096.00,645.69,2.81,1.55,0.19
11260,2125.0,471.4,740329.81,7174096.00,673.49,2.83,1.48,0.17
11260,2125.0,448.3,740329.81,7174096.00,690.69,2.84,1.45,0.16
11260,2125.0,423.7,740329.81,7174096.00,712.61,2.85,1.40,0.15
11260,2125.0,397.7,740329.81,7174096.00,743.07,2.87,1.35,0.13
11260,2125.0,370.2,740329.81,7174096.00,780.50,2.89,1.28,0.11
11260,2125.0,340.9,740329.81,7174096.00,821.33,2.91,1.22,0.09
11260,2125.0,310.0,740329.81,7174096.00,861.68,2.94,1.16,0.06
11260,2125.0,277.1,740329.81,7174096.00,898.22,2.95,1.11,0.05
11260,2125.0,242.3,740329.81,7174096.00,928.71,2.97,1.08,0.03
11260,2125.0,205.0,740329.81,7174096.00,952.63,2.98,1.05,0.02
11260,2125.0,164.9,740329.81,7174096.00,969.24,2.99,1.03,0.01
11260,2125.0,122.5,740329.81,7174096.00,979.57,2.99,1.02,0.01
11260,2125.0,77.6,740329.81,7174096.00,985.09,2.99,1.02,0.01
11260,2125.0,30.0,740329.81,7174096.00,987.30,2.99,1.01,0.01
11260,2175.0,583.9,740329.81,7174146.00,10.67,1.03,93.72,1.97
11260,2175.0,573.9,740329.81,7174146.00,26.23,1.42,38.13,1.58
11260,2175.0,563.9,740329.81,7174146.00,69.76,1.84,14.34,1.16
11260,2175.0,553.9,740329.81,7174146.00,151.34,2.18,6.61,0.82
11260,2175.0,543.9,740329.81,7174146.00,261.19,2.42,3.83,0.58
11260,2175.0,531.4,740329.81,7174146.00,453.92,2.66,2.20,0.34
11260,2175.0,513.9,740329.81,7174146.00,649.55,2.81,1.54,0.19
11260,2175.0,493.3,740329.81,7174146.00,738.72,2.87,1.35,0.13
11260,2175.0,471.5,740329.81,7174146.00,761.18,2.88,1.31,0.12
11260,2175.0,448.3,740329.81,7174146.00,763.08,2.88,1.31,0.12
11260,2175.0,423.8,740329.81,7174146.00,768.58,2.89,1.30,0.11
11260,2175.0,397.8,740329.81,7174146.00,784.96,2.89,1.27,0.11
11260,2175.0,370.2,740329.81,7174146.00,811.44,2.91,1.23,0.09
11260,2175.0,341.0,740329.81,7174146.00,844.28,2.93,1.18,0.07
11260,2175.0,310.0,740329.81,7174146.00,879.08,2.94,1.14,0.06
11260,2175.0,277.2,740329.81,7174146.00,911.92,2.96,1.10,0.04
11260,2175.0,242.4,740329.81,7174146.00,939.96,2.97,1.06,0.03
11260,2175.0,205.0,740329.81,7174146.00,962.26,2.98,1.04,0.02
11260,2175.0,164.9,740329.81,7174146.00,977.74,2.99,1.02,0.01
11260,2175.0,122.5,740329.81,7174146.00,987.26,2.99,1.01,0.01
11260,2175.0,77.6,740329.81,7174146.00,992.19,3.00,1.01,0.00
11260,2175.0,30.0,740329.81,7174146.00,994.00,3.00,1.01,0.00
11260,2225.0,584.0,740329.81,7174196.00,30.22,1.48,33.09,1.52
11260,2225.0,574.0,740329.81,7174196.00,53.18,1.73,18.81,1.27
11260,2225.0,564.0,740329.81,7174196.00,104.25,2.02,9.59,0.98
11260,2225.0,554.0,740329.81,7174196.00,187.85,2.27,5.32,0.73
11260,2225.0,544.0,740329.81,7174196.00,295.14,2.47,3.39,0.53
11260,2225.0,531.5,740329.81,7174196.00,483.80,2.68,2.07,0.32
11260,2225.0,514.0,740329.81,7174196.00,685.21,2.84,1.46,0.16
11260,2225.0,493.4,740329.81,7174196.00,783.77,2.89,1.28,0.11
11260,2225.0,471.6,740329.81,7174196.00,809.40,2.91,1.24,0.09
11260,2225.0,448.4,740329.81,7174196.00,808.36,2.91,1.24,0.09
11260,2225.0,423.9,740329.81,7174196.00,808.02,2.91,1.24,0.09
11260,2225.0,397.9,740329.81,7174196.00,817.87,2.91,1.22,0.09
11260,2225.0,370.3,740329.81,7174196.00,838.25,2.92,1.19,0.08
11260,2225.0,341.1,740329.81,7174196.00,865.80,2.94,1.15,0.06
11260,2225.0,310.1,740329.81,7174196.00,896.27,2.95,1.12,0.05
11260,2225.0,277.3,740329.81,7174196.00,925.68,2.97,1.08,0.03
11260,2225.0,242.5,740329.81,7174196.00,951.08,2.98,1.05,0.02
11260,2225.0,205.1,740329.81,7174196.00,971.38,2.99,1.03,0.01
11260,2225.0,165.0,740329.81,7174196.00,985.38,2.99,1.01,0.01
11260,2225.0,122.5,740329.81,7174196.00,993.82,3.00,1.01,0.00
11260,2225.0,77.6,740329.81,7174196.00,997.98,3.00,1.00,0.00
11260,2225.0,30.0,740329.81,7174196.00,999.33,3.00,1.00,0.00
11260,2275.0,584.4,740329.81,7174246.00,7.80,0.89,128.29,2.11
11260,2275.0,574.4,740329.81,7174246.00,22.65,1.36,44.15,1.64
11260,2275.0,564.4,740329.81,7174246.00,65.35,1.82,15.30,1.18
11260,2275.0,554.4,740329.81,7174246.00,146.35,2.17,6.83,0.83
11260,2275.0,544.4,740329.81,7174246.00,257.12,2.41,3.89,0.59
11260,2275.0,531.9,740329.81,7174246.00,458.02,2.66,2.18,0.34
11260,2275.0,514.4,740329.81,7174246.00,678.45,2.83,1.47,0.17
11260,2275.0,493.8,740329.81,7174246.00,793.23,2.90,1.26,0.10
11260,2275.0,472.0,740329.81,7174246.00,828.98,2.92,1.21,0.08
11260,2275.0,448.9,740329.81,7174246.00,832.55,2.92,1.20,0.08
11260,2275.0,424.3,740329.81,7174246.00,833.22,2.92,1.20,0.08
11260,2275.0,398.3,740329.81,7174246.00,841.96,2.93,1.19,0.07
11260,2275.0,370.7,740329.81,7174246.00,860.05,2.93,1.16,0.07
11260,2275.0,341.5,740329.81,7174246.00,884.75,2.95,1.13,0.05
11260,2275.0,310.5,740329.81,7174246.00,912.18,2.96,1.10,0.04
11260,2275.0,277.7,740329.81,7174246.00,938.74,2.97,1.07,0.03
11260,2275.0,242.9,740329.81,7174246.00,961.62,2.98,1.04,0.02
11260,2275.0,205.5,740329.81,7174246.00,979.80,2.99,1.02,0.01
11260,2275.0,165.3,740329.81,7174246.00,992.17,3.00,1.01,0.00
11260,2275.0,122.8,740329.81,7174246.00,999.34,3.00,1.00,0.00
11260,2275.0,77.7,740329.81,7174246.00,1002.60,3.00,1.00,-0.00
11260,2275.0,30.1,740329.81,7174246.00,1003.44,3.00,1.00,-0.00
11260,2325.0,585.4,740329.81,7174296.00,6.34,0.80,157.82,2.20
11260,2325.0,575.4,740329.81,7174296.00,20.77,1.32,48.16,1.68
11260,2325.0,565.4,740329.81,7174296.00,62.79,1.80,15.93,1.20
11260,2325.0,555.4,740329.81,7174296.00,143.35,2.16,6.98,0.84
11260,2325.0,545.4,740329.81,7174296.00,254.52,2.41,3.93,0.59
11260,2325.0,532.9,740329.81,7174296.00,458.32,2.66,2.18,0.34
11260,2325.0,515.4,740329.81,7174296.00,685.94,2.84,1.46,0.16
11260,2325.0,494.8,740329.81,7174296.00,808.26,2.91,1.24,0.09
11260,2325.0,473.0,740329.81,7174296.00,848.72,2.93,1.18,0.07
11260,2325.0,449.8,740329.81,7174296.00,854.32,2.93,1.17,0.07
11260,2325.0,425.3,740329.81,7174296.00,855.33,2.93,1.17,0.07
11260,2325.0,399.3,740329.81,7174296.00,863.33,2.94,1.16,0.06
11260,2325.0,371.7,740329.81,7174296.00,879.84,2.94,1.14,0.06
11260,2325.0,342.5,740329.81,7174296.00,902.27,2.96,1.11,0.04
11260,2325.0,311.5,740329.81,7174296.00,927.11,2.97,1.08,0.03
11260,2325.0,278.7,740329.81,7174296.00,950.94,2.98,1.05,0.02
11260,2325.0,243.9,740329.81,7174296.00,971.28,2.99,1.03,0.01
11260,2325.0,206.3,740329.81,7174296.00,987.33,2.99,1.01,0.01
11260,2325.0,166.0,740329.81,7174296.00,997.94,3.00,1.00,0.00
11260,2325.0,123.2,740329.81,7174296.00,1003.77,3.00,1.00,-0.00
11260,2325.0,78.0,740329.81,7174296.00,1006.13,3.00,0.99,-0.00
11260,2325.0,30.2,740329.81,7174296.00,1006.44,3.00,0.99,-0.00
11260,2375.0,586.7,740329.81,7174346.00,8.59,0.93,116.38,2.07
11260,2375.0,576.7,740329.81,7174346.00,26.51,1.42,37.73,1.58
11260,2375.0,566.7,740329.81,7174346.00,74.92,1.87,13.35,1.13
11260,2375.0,556.7,740329.81,7174346.00,163.57,2.21,6.11,0.79
11260,2375.0,546.7,740329.81,7174346.00,283.07,2.45,3.53,0.55
11260,2375.0,534.2,740329.81,7174346.00,498.85,2.70,2.00,0.30
11260,2375.0,516.7,740329.81,7174346.00,736.42,2.87,1.36,0.13
11260,2375.0,496.1,740329.81,7174346.00,859.09,2.93,1.16,0.07
11260,2375.0,474.2,740329.81,7174346.00,893.04,2.95,1.12,0.05
11260,2375.0,451.1,740329.81,7174346.00,890.73,2.95,1.12,0.05
11260,2375.0,426.5,740329.81,7174346.00,885.29,2.95,1.13,0.05
11260,2375.0,400.5,740329.81,7174346.00,888.45,2.95,1.13,0.05
11260,2375.0,373.0,740329.81,7174346.00,901.05,2.95,1.11,0.05
11260,2375.0,343.7,740329.81,7174346.00,920.02,2.96,1.09,0.04
11260,2375.0,312.8,740329.81,7174346.00,941.54,2.97,1.06,0.03
11260,2375.0,279.9,740329.81,7174346.00,962.28,2.98,1.04,0.02
11260,2375.0,245.1,740329.81,7174346.00,979.90,2.99,1.02,0.01
11260,2375.0,207.5,740329.81,7174346.00,993.62,3.00,1.01,0.00
11260,2375.0,166.8,740329.81,7174346.00,1002.40,3.00,1.00,-0.00
11260,2375.0,123.9,740329.81,7174346.00,1006.95,3.00,0.99,-0.00
11260,2375.0,78.4,740329.81,7174346.00,1008.44,3.00,0.99,-0.00
11260,2375.0,30.3,740329.81,7174346.00,1008.29,3.00,0.99,-0.00
11260,2425.0,587.7,740329.81,7174396.00,3.87,0.59,258.13,2.41
11260,2425.0,577.7,740329.81,7174396.00,18.79,1.27,53.23,1.73
11260,2425.0,567.7,740329.81,7174396.00,69.09,1.84,14.47,1.16
11260,2425.0,557.7,740329.81,7174396.00,171.30,2.23,5.84,0.77
11260,2425.0,547.7,740329.81,7174396.00,312.93,2.50,3.20,0.50
11260,2425.0,535.2,740329.81,7174396.00,565.15,2.75,1.77,0.25
11260,2425.0,517.7,740329.81,7174396.00,830.28,2.92,1.20,0.08
11260,2425.0,497.1,740329.81,7174396.00,951.16,2.98,1.05,0.02
11260,2425.0,475.2,740329.81,7174396.00,966.94,2.99,1.03,0.01
11260,2425.0,452.1,740329.81,7174396.00,945.27,2.98,1.06,0.02
11260,2425.0,427.5,740329.81,7174396.00,925.28,2.97,1.08,0.03
11260,2425.0,401.5,740329.81,7174396.00,918.57,2.96,1.09,0.04
11260,2425.0,374.0,740329.81,7174396.00,924.29,2.97,1.08,0.03
11260,2425.0,344.8,740329.81,7174396.00,938.00,2.97,1.07,0.03
11260,2425.0,313.8,740329.81,7174396.00,955.19,2.98,1.05,0.02
11260,2425.0,281.0,740329.81,7174396.00,972.28,2.99,1.03,0.01
11260,2425.0,246.1,740329.81,7174396.00,986.88,2.99,1.01,0.01
11260,2425.0,208.4,740329.81,7174396.00,998.20,3.00,1.00,0.00
11260,2425.0,167.6,740329.81,7174396.00,1005.24,3.00,0.99,-0.00
11260,2425.0,124.4,740329.81,7174396.00,1008.62,3.00,0.99,-0.00
11260,2425.0,78.7,740329.81,7174396.00,1009.40,3.00,0.99,-0.00
11260,2425.0,30.4,740329.81,7174396.00,1008.88,3.00,0.99,-0.00
11260,2475.0,588.1,740329.81,7174446.00,37.63,1.58,26.57,1.42
11260,2475.0,578.1,740329.81,7174446.00,82.27,1.92,12.15,1.08
11260,2475.0,568.1,740329.81,7174446.00,173.37,2.24,5.77,0.76
11260,2475.0,558.1,740329.81,7174446.00,308.06,2.49,3.25,0.51
11260,2475.0,548.1,740329.81,7174446.00,466.10,2.67,2.15,0.33
11260,2475.0,535.6,740329.81,7174446.00,720.91,2.86,1.39,0.14
11260,2475.0,518.1,740329.81,7174446.00,968.01,2.99,1.03,0.01
11260,2475.0,497.5,740329.81,7174446.00,1058.44,3.02,0.94,-0.02
11260,2475.0,475.7,740329.81,7174446.00,1043.57,3.02,0.96,-0.02
11260,2475.0,452.6,740329.81,7174446.00,998.64,3.00,1.00,0.00
11260,2475.0,428.0,740329.81,7174446.00,963.33,2.98,1.04,0.02
11260,2475.0,402.0,740329.81,7174446.00,946.63,2.98,1.06,0.02
11260,2475.0,374.5,740329.81,7174446.00,945.28,2.98,1.06,0.02
11260,2475.0,345.2,740329.81,7174446.00,953.49,2.98,1.05,0.02
11260,2475.0,314.3,740329.81,7174446.00,966.15,2.99,1.04,0.01
11260,2475.0,281.4,740329.81,7174446.00,979.53,2.99,1.02,0.01
11260,2475.0,246.6,740329.81,7174446.00,991.19,3.00,1.01,0.00
11260,2475.0,208.8,740329.81,7174446.00,1000.30,3.00,1.00,-0.00
11260,2475.0,167.9,740329.81,7174446.00,1005.89,3.00,0.99,-0.00
11260,2475.0,124.6,740329.81,7174446.00,1008.42,3.00,0.99,-0.00
11260,2475.0,78.8,740329.81,7174446.00,1008.77,3.00,0.99,-0.00
11260,2475.0,30.4,740329.81,7174446.00,1008.10,3.00,0.99,-0.00
11260,2525.0,588.2,740329.81,7174496.00,5.81,0.76,172.12,2.24
11260,2525.0,578.2,740329.81,7174496.00,24.53,1.39,40.76,1.61
11260,2525.0,568.2,740329.81,7174496.00,85.19,1.93,11.74,1.07
11260,2525.0,558.2,740329.81,7174496.00,204.65,2.31,4.89,0.69
11260,2525.0,548.2,740329.81,7174496.00,366.21,2.56,2.73,0.44
11260,2525.0,535.7,740329.81,7174496.00,648.08,2.81,1.54,0.19
11260,2525.0,518.2,740329.81,7174496.00,936.05,2.97,1.07,0.03
11260,2525.0,497.6,740329.81,7174496.00,1053.86,3.02,0.95,-0.02
11260,2525.0,475.8,740329.81,7174496.00,1052.28,3.02,0.95,-0.02
11260,2525.0,452.6,740329.81,7174496.00,1012.64,3.01,0.99,-0.01
11260,2525.0,428.1,740329.81,7174496.00,978.55,2.99,1.02,0.01
11260,2525.0,402.1,740329.81,7174496.00,960.74,2.98,1.04,0.02
11260,2525.0,374.5,740329.81,7174496.00,956.88,2.98,1.05,0.02
11260,2525.0,345.3,740329.81,7174496.00,961.91,2.98,1.04,0.02
11260,2525.0,314.3,740329.81,7174496.00,971.33,2.99,1.03,0.01
11260,2525.0,281.5,740329.81,7174496.00,981.87,2.99,1.02,0.01
11260,2525.0,246.7,740329.81,7174496.00,991.34,3.00,1.01,0.00
11260,2525.0,208.9,740329.81,7174496.00,998.95,3.00,1.00,0.00
11260,2525.0,167.9,740329.81,7174496.00,1003.72,3.00,1.00,-0.00
11260,2525.0,124.6,740329.81,7174496.00,1005.96,3.00,0.99,-0.00
11260,2525.0,78.9,740329.81,7174496.00,1006.36,3.00,0.99,-0.00
11260,2525.0,30.4,740329.81,7174496.00,1005.84,3.00,0.99,-0.00
11260,2575.0,588.2,740329.81,7174546.00,7.31,0.86,136.72,2.14
11260,2575.0,578.2,740329.81,7174546.00,24.49,1.39,40.83,1.61
11260,2575.0,568.2,740329.81,7174546.00,72.65,1.86,13.76,1.14
11260,2575.0,558.2,740329.81,7174546.00,163.14,2.21,6.13,0.79
11260,2575.0,548.2,740329.81,7174546.00,288.41,2.46,3.47,0.54
11260,2575.0,535.7,740329.81,7174546.00,522.98,2.72,1.91,0.28
11260,2575.0,518.2,740329.81,7174546.00,797.52,2.90,1.25,0.10
11260,2575.0,497.6,740329.81,7174546.00,947.40,2.98,1.06,0.02
11260,2575.0,475.7,740329.81,7174546.00,987.64,2.99,1.01,0.01
11260,2575.0,452.6,740329.81,7174546.00,979.46,2.99,1.02,0.01
11260,2575.0,428.0,740329.81,7174546.00,963.68,2.98,1.04,0.02
11260,2575.0,402.0,740329.81,7174546.00,954.56,2.98,1.05,0.02
11260,2575.0,374.5,740329.81,7174546.00,953.66,2.98,1.05,0.02
11260,2575.0,345.2,740329.81,7174546.00,958.82,2.98,1.04,0.02
11260,2575.0,314.3,740329.81,7174546.00,967.27,2.99,1.03,0.01
11260,2575.0,281.4,740329.81,7174546.00,976.75,2.99,1.02,0.01
11260,2575.0,246.6,740329.81,7174546.00,985.55,2.99,1.01,0.01
11260,2575.0,208.8,740329.81,7174546.00,992.97,3.00,1.01,0.00
11260,2575.0,167.9,740329.81,7174546.00,998.02,3.00,1.00,0.00
11260,2575.0,124.6,740329.81,7174546.00,1000.88,3.00,1.00,-0.00
11260,2575.0,78.8,740329.81,7174546.00,1001.96,3.00,1.00,-0.00
11260,2575.0,30.4,740329.81,7174546.00,1001.98,3.00,1.00,-0.00
11260,2625.0,588.3,740329.81,7174596.00,5.11,0.71,195.56,2.29
11260,2625.0,578.3,740329.81,7174596.00,18.35,1.26,54.51,1.74
11260,2625.0,568.3,740329.81,7174596.00,56.06,1.75,17.84,1.25
11260,2625.0,558.3,740329.81,7174596.00,128.96,2.11,7.75,0.89
11260,2625.0,548.3,740329.81,7174596.00,233.07,2.37,4.29,0.63
11260,2625.0,535.8,740329.81,7174596.00,435.15,2.64,2.30,0.36
11260,2625.0,518.3,740329.81,7174596.00,686.07,2.84,1.46,0.16
11260,2625.0,497.7,740329.81,7174596.00,844.32,2.93,1.18,0.07
11260,2625.0,475.8,740329.81,7174596.00,910.23,2.96,1.10,0.04
11260,2625.0,452.7,740329.81,7174596.00,926.75,2.97,1.08,0.03
11260,2625.0,428.2,740329.81,7174596.00,927.74,2.97,1.08,0.03
11260,2625.0,402.2,740329.81,7174596.00,928.15,2.97,1.08,0.03
11260,2625.0,374.6,740329.81,7174596.00,932.31,2.97,1.07,0.03
11260,2625.0,345.4,740329.81,7174596.00,940.21,2.97,1.06,0.03
11260,2625.0,314.4,740329.81,7174596.00,950.52,2.98,1.05,0.02
11260,2625.0,281.5,740329.81,7174596.00,961.60,2.98,1.04,0.02
11260,2625.0,246.8,740329.81,7174596.00,972.00,2.99,1.03,0.01
11260,2625.0,208.9,740329.81,7174596.00,981.30,2.99,1.02,0.01
11260,2625.0,168.0,740329.81,7174596.00,988.23,2.99,1.01,0.01
11260,2625.0,124.7,740329.81,7174596.00,992.83,3.00,1.01,0.00
11260,2625.0,78.9,740329.81,7174596.00,995.43,3.00,1.00,0.00
11260,2625.0,30.5,740329.81,7174596.00,996.47,3.00,1.00,0.00
11260,2675.0,588.7,740329.81,7174646.00,4.38,0.64,228.08,2.36
11260,2675.0,578.7,740329.81,7174646.00,16.83,1.23,59.41,1.77
11260,2675.0,568.7,740329.81,7174646.00,55.71,1.75,17.95,1.25
11260,2675.0,558.7,740329.81,7174646.00,133.76,2.13,7.48,0.87
11260,2675.0,548.7,740329.81,7174646.00,242.90,2.39,4.12,0.61
11260,2675.0,536.2,740329.81,7174646.00,440.94,2.64,2.27,0.36
11260,2675.0,518.7,740329.81,7174646.00,662.90,2.82,1.51,0.18
11260,2675.0,498.1,740329.81,7174646.00,792.79,2.90,1.26,0.10
11260,2675.0,476.3,740329.81,7174646.00,846.94,2.93,1.18,0.07
11260,2675.0,453.1,740329.81,7174646.00,863.70,2.94,1.16,0.06
11260,2675.0,428.6,740329.81,7174646.00,869.68,2.94,1.15,0.06
11260,2675.0,402.6,740329.81,7174646.00,876.40,2.94,1.14,0.06
11260,2675.0,375.0,740329.81,7174646.00,887.05,2.95,1.13,0.05
11260,2675.0,345.8,740329.81,7174646.00,901.29,2.95,1.11,0.05
11260,2675.0,314.8,740329.81,7174646.00,917.55,2.96,1.09,0.04
11260,2675.0,282.0,740329.81,7174646.00,934.10,2.97,1.07,0.03
11260,2675.0,247.2,740329.81,7174646.00,949.41,2.98,1.05,0.02
11260,2675.0,209.3,740329.81,7174646.00,963.18,2.98,1.04,0.02
11260,2675.0,168.3,740329.81,7174646.00,973.96,2.99,1.03,0.01
11260,2675.0,124.9,740329.81,7174646.00,981.74,2.99,1.02,0.01
11260,2675.0,79.0,740329.81,7174646.00,986.78,2.99,1.01,0.01
11260,2675.0,30.5,740329.81,7174646.00,989.35,3.00,1.01,0.00
11260,2725.0,589.6,740329.81,7174696.00,28.58,1.46,34.98,1.54
11260,2725.0,579.6,740329.81,7174696.00,60.72,1.78,16.47,1.22
11260,2725.0,569.6,740329.81,7174696.00,124.74,2.10,8.02,0.90
11260,2725.0,559.6,740329.81,7174696.00,212.92,2.33,4.70,0.67
11260,2725.0,549.6,740329.81,7174696.00,308.01,2.49,3.25,0.51
11260,2725.0,537.1,740329.81,7174696.00,452.36,2.66,2.21,0.34
11260,2725.0,519.6,740329.81,7174696.00,599.20,2.78,1.67,0.22
11260,2725.0,499.0,740329.81,7174696.00,685.15,2.84,1.46,0.16
11260,2725.0,477.1,740329.81,7174696.00,725.97,2.86,1.38,0.14
11260,2725.0,454.0,740329.81,7174696.00,746.55,2.87,1.34,0.13
11260,2725.0,429.5,740329.81,7174696.00,763.75,2.88,1.31,0.12
11260,2725.0,403.4,740329.81,7174696.00,784.41,2.89,1.27,0.11
11260,2725.0,375.9,740329.81,7174696.00,809.45,2.91,1.24,0.09
11260,2725.0,346.7,740329.81,7174696.00,837.36,2.92,1.19,0.08
11260,2725.0,315.7,740329.81,7174696.00,865.88,2.94,1.15,0.06
11260,2725.0,282.9,740329.81,7174696.00,893.00,2.95,1.12,0.05
11260,2725.0,248.0,740329.81,7174696.00,917.12,2.96,1.09,0.04
11260,2725.0,210.1,740329.81,7174696.00,938.51,2.97,1.07,0.03
11260,2725.0,168.9,740329.81,7174696.00,955.32,2.98,1.05,0.02
11260,2725.0,125.3,740329.81,7174696.00,967.74,2.99,1.03,0.01
11260,2725.0,79.3,740329.81,7174696.00,976.18,2.99,1.02,0.01
11260,2725.0,30.6,740329.81,7174696.00,980.82,2.99,1.02,0.01
11260,2775.0,590.7,740329.81,7174746.00,8.88,0.95,112.56,2.05
11260,2775.0,580.7,740329.81,7174746.00,12.82,1.11,77.99,1.89
11260,2775.0,570.7,740329.81,7174746.00,25.55,1.41,39.14,1.59
11260,2775.0,560.7,740329.81,7174746.00,51.29,1.71,19.50,1.29
11260,2775.0,550.7,740329.81,7174746.00,91.09,1.96,10.98,1.04
11260,2775.0,538.2,740329.81,7174746.00,178.42,2.25,5.60,0.75
11260,2775.0,520.7,740329.81,7174746.00,309.72,2.49,3.23,0.51
11260,2775.0,500.0,740329.81,7174746.00,419.69,2.62,2.38,0.38
11260,2775.0,478.2,740329.81,7174746.00,495.92,2.70,2.02,0.30
11260,2775.0,455.1,740329.81,7174746.00,551.63,2.74,1.81,0.26
11260,2775.0,430.5,740329.81,7174746.00,600.65,2.78,1.66,0.22
11260,2775.0,404.5,740329.81,7174746.00,649.64,2.81,1.54,0.19
11260,2775.0,377.0,740329.81,7174746.00,699.82,2.84,1.43,0.16
11260,2775.0,347.7,740329.81,7174746.00,749.69,2.87,1.33,0.13
11260,2775.0,316.8,740329.81,7174746.00,797.00,2.90,1.25,0.10
11260,2775.0,283.9,740329.81,7174746.00,839.70,2.92,1.19,0.08
11260,2775.0,249.1,740329.81,7174746.00,876.34,2.94,1.14,0.06
11260,2775.0,211.1,740329.81,7174746.00,908.26,2.96,1.10,0.04
11260,2775.0,169.6,740329.81,7174746.00,933.06,2.97,1.07,0.03
11260,2775.0,125.9,740329.81,7174746.00,951.42,2.98,1.05,0.02
11260,2775.0,79.6,740329.81,7174746.00,964.07,2.98,1.04,0.02
11260,2775.0,30.7,740329.81,7174746.00,971.24,2.99,1.03,0.01
11260,2825.0,591.7,740329.81,7174796.00,12.46,1.10,80.26,1.90
11260,2825.0,581.7,740329.81,7174796.00,11.04,1.04,90.60,1.96
11260,2825.0,571.7,740329.81,7174796.00,13.36,1.13,74.86,1.87
11260,2825.0,561.7,740329.81,7174796.00,21.15,1.33,47.27,1.67
11260,2825.0,551.7,740329.81,7174796.00,35.74,1.55,27.98,1.45
11260,2825.0,539.2,740329.81,7174796.00,73.49,1.87,13.61,1.13
11260,2825.0,521.7,740329.81,7174796.00,142.44,2.15,7.02,0.85
11260,2825.0,501.1,740329.81,7174796.00,216.71,2.34,4.61,0.66
11260,2825.0,479.2,740329.81,7174796.00,287.53,2.46,3.48,0.54
11260,2825.0,456.1,740329.81,7174796.00,356.49,2.55,2.81,0.45
11260,2825.0,431.5,740329.81,7174796.00,427.24,2.63,2.34,0.37
11260,2825.0,405.5,740329.81,7174796.00,501.03,2.70,2.00,0.30
11260,2825.0,378.0,740329.81,7174796.00,576.30,2.76,1.74,0.24
11260,2825.0,348.7,740329.81,7174796.00,649.90,2.81,1.54,0.19
11260,2825.0,317.8,740329.81,7174796.00,718.42,2.86,1.39,0.14
11260,2825.0,284.9,740329.81,7174796.00,779.11,2.89,1.28,0.11
11260,2825.0,250.1,740329.81,7174796.00,830.38,2.92,1.20,0.08
11260,2825.0,212.0,740329.81,7174796.00,874.60,2.94,1.14,0.06
11260,2825.0,170.3,740329.81,7174796.00,908.62,2.96,1.10,0.04
11260,2825.0,126.4,740329.81,7174796.00,933.71,2.97,1.07,0.03
11260,2825.0,79.9,740329.81,7174796.00,951.10,2.98,1.05,0.02
11260,2825.0,30.8,740329.81,7174796.00,961.04,2.98,1.04,0.02
11260,2875.0,592.4,740329.81,7174846.00,9.09,0.96,110.04,2.04
11260,2875.0,582.4,740329.81,7174846.00,6.95,0.84,143.87,2.16
11260,2875.0,572.4,740329.81,7174846.00,8.14,0.91,122.86,2.09
11260,2875.0,562.4,740329.81,7174846.00,12.82,1.11,78.01,1.89
11260,2875.0,552.4,740329.81,7174846.00,20.90,1.32,47.85,1.68
11260,2875.0,539.9,740329.81,7174846.00,39.77,1.60,25.15,1.40
11260,2875.0,522.4,740329.81,7174846.00,72.80,1.86,13.74,1.14
11260,2875.0,501.8,740329.81,7174846.00,112.95,2.05,8.85,0.95
11260,2875.0,480.0,740329.81,7174846.00,161.09,2.21,6.21,0.79
11260,2875.0,456.8,740329.81,7174846.00,219.95,2.34,4.55,0.66
11260,2875.0,432.3,740329.81,7174846.00,291.21,2.46,3.43,0.54
11260,2875.0,406.3,740329.81,7174846.00,373.79,2.57,2.68,0.43
11260,2875.0,378.7,740329.81,7174846.00,463.64,2.67,2.16,0.33
11260,2875.0,349.5,740329.81,7174846.00,554.77,2.74,1.80,0.26
11260,2875.0,318.5,740329.81,7174846.00,641.31,2.81,1.56,0.19
11260,2875.0,285.7,740329.81,7174846.00,718.62,2.86,1.39,0.14
11260,2875.0,250.9,740329.81,7174846.00,784.05,2.89,1.28,0.11
11260,2875.0,212.6,740329.81,7174846.00,840.59,2.92,1.19,0.08
11260,2875.0,170.9,740329.81,7174846.00,883.93,2.95,1.13,0.05
11260,2875.0,126.7,740329.81,7174846.00,915.88,2.96,1.09,0.04
11260,2875.0,80.1,740329.81,7174846.00,938.06,2.97,1.07,0.03
11260,2875.0,30.9,740329.81,7174846.00,950.82,2.98,1.05,0.02
11260,2925.0,592.7,740329.81,7174896.00,4.96,0.70,201.72,2.30
11260,2925.0,582.7,740329.81,7174896.00,6.05,0.78,165.40,2.22
11260,2925.0,572.7,740329.81,7174896.00,9.02,0.95,110.92,2.05
11260,2925.0,562.7,740329.81,7174896.00,13.61,1.13,73.46,1.87
11260,2925.0,552.7,740329.81,7174896.00,19.20,1.28,52.09,1.72
11260,2925.0,540.2,740329.81,7174896.00,29.22,1.47,34.22,1.53
11260,2925.0,522.7,740329.81,7174896.00,44.74,1.65,22.35,1.35
11260,2925.0,502.1,740329.81,7174896.00,65.68,1.82,15.23,1.18
11260,2925.0,480.3,740329.81,7174896.00,96.15,1.98,10.40,1.02
11260,2925.0,457.2,740329.81,7174896.00,140.80,2.15,7.10,0.85
11260,2925.0,432.6,740329.81,7174896.00,203.07,2.31,4.92,0.69
11260,2925.0,406.6,740329.81,7174896.00,283.18,2.45,3.53,0.55
11260,2925.0,379.0,740329.81,7174896.00,377.05,2.58,2.65,0.42
11260,2925.0,349.8,740329.81,7174896.00,477.28,2.68,2.10,0.32
11260,2925.0,318.9,740329.81,7174896.00,575.72,2.76,1.74,0.24
11260,2925.0,286.0,740329.81,7174896.00,665.51,2.82,1.50,0.18
11260,2925.0,251.2,740329.81,7174896.00,742.47,2.87,1.35,0.13
11260,2925.0,213.0,740329.81,7174896.00,809.53,2.91,1.24,0.09
11260,2925.0,171.1,740329.81,7174896.00,861.10,2.94,1.16,0.06
11260,2925.0,126.9,740329.81,7174896.00,899.23,2.95,1.11,0.05
11260,2925.0,80.2,740329.81,7174896.00,925.80,2.97,1.08,0.03
11260,2925.0,30.9,740329.81,7174896.00,941.17,2.97,1.06,0.03
11260,2975.0,592.6,740329.81,7174946.00,13.66,1.14,73.23,1.86
11260,2975.0,582.6,740329.81,7174946.00,15.53,1.19,64.37,1.81
11260,2975.0,572.6,740329.81,7174946.00,17.98,1.25,55.61,1.75
11260,2975.0,562.6,740329.81,7174946.00,20.32,1.31,49.21,1.69
11260,2975.0,552.6,740329.81,7174946.00,22.47,1.35,44.50,1.65
11260,2975.0,540.1,740329.81,7174946.00,26.04,1.42,38.41,1.58
11260,2975.0,522.6,740329.81,7174946.00,32.45,1.51,30.81,1.49
11260,2975.0,502.0,740329.81,7174946.00,43.80,1.64,22.83,1.36
11260,2975.0,480.2,740329.81,7174946.00,64.19,1.81,15.58,1.19
11260,2975.0,457.0,740329.81,7174946.00,98.79,1.99,10.12,1.01
11260,2975.0,432.5,740329.81,7174946.00,152.43,2.18,6.56,0.82
11260,2975.0,406.5,740329.81,7174946.00,227.06,2.36,4.40,0.64
11260,2975.0,378.9,740329.81,7174946.00,319.72,2.50,3.13,0.50
11260,2975.0,349.7,740329.81,7174946.00,422.97,2.63,2.36,0.37
11260,2975.0,318.7,740329.81,7174946.00,527.46,2.72,1.90,0.28
11260,2975.0,285.9,740329.81,7174946.00,624.85,2.80,1.60,0.20
11260,2975.0,251.1,740329.81,7174946.00,709.56,2.85,1.41,0.15
11260,2975.0,212.9,740329.81,7174946.00,784.16,2.89,1.28,0.11
11260,2975.0,171.0,740329.81,7174946.00,841.95,2.93,1.19,0.07
11260,2975.0,126.8,740329.81,7174946.00,884.96,2.95,1.13,0.05
11260,2975.0,80.2,740329.81,7174946.00,915.09,2.96,1.09,0.04
11260,2975.0,30.9,740329.81,7174946.00,932.61,2.97,1.07,0.03
11260,3025.0,592.0,740329.81,7174996.00,36.44,1.56,27.44,1.44
11260,3025.0,582.0,740329.81,7174996.00,33.68,1.53,29.69,1.47
11260,3025.0,572.0,740329.81,7174996.00,30.08,1.48,33.25,1.52
11260,3025.0,562.0,740329.81,7174996.00,26.97,1.43,37.07,1.57
11260,3025.0,552.0,740329.81,7174996.00,24.94,1.40,40.09,1.60
11260,3025.0,539.5,740329.81,7174996.00,23.69,1.37,42.22,1.63
11260,3025.0,522.0,740329.81,7174996.00,25.50,1.41,39.22,1.59
11260,3025.0,501.4,740329.81,7174996.00,32.74,1.52,30.55,1.48
11260,3025.0,479.5,740329.81,7174996.00,48.73,1.69,20.52,1.31
11260,3025.0,456.4,740329.81,7174996.00,78.50,1.89,12.74,1.11
11260,3025.0,431.8,740329.81,7174996.00,127.36,2.11,7.85,0.89
11260,3025.0,405.8,740329.81,7174996.00,198.12,2.30,5.05,0.70
11260,3025.0,378.3,740329.81,7174996.00,288.65,2.46,3.46,0.54
11260,3025.0,349.1,740329.81,7174996.00,391.87,2.59,2.55,0.41
11260,3025.0,318.1,740329.81,7174996.00,498.23,2.70,2.01,0.30
11260,3025.0,285.2,740329.81,7174996.00,598.85,2.78,1.67,0.22
11260,3025.0,250.4,740329.81,7174996.00,687.47,2.84,1.45,0.16
11260,3025.0,212.3,740329.81,7174996.00,766.16,2.88,1.31,0.12
11260,3025.0,170.6,740329.81,7174996.00,827.70,2.92,1.21,0.08
11260,3025.0,126.5,740329.81,7174996.00,873.91,2.94,1.14,0.06
11260,3025.0,80.0,740329.81,7174996.00,906.51,2.96,1.10,0.04
11260,3025.0,30.8,740329.81,7174996.00,925.57,2.97,1.08,0.03
11260,3075.0,590.8,740329.81,7175046.00,38.68,1.59,25.86,1.41
11260,3075.0,580.8,740329.81,7175046.00,34.49,1.54,28.99,1.46
11260,3075.0,570.8,740329.81,7175046.00,29.33,1.47,34.10,1.53
11260,3075.0,560.8,740329.81,7175046.00,25.05,1.40,39.91,1.60
11260,3075.0,550.8,740329.81,7175046.00,22.26,1.35,44.92,1.65
11260,3075.0,538.3,740329.81,7175046.00,20.24,1.31,49.40,1.69
11260,3075.0,520.8,740329.81,7175046.00,21.48,1.33,46.55,1.67
11260,3075.0,500.2,740329.81,7175046.00,28.34,1.45,35.29,1.55
11260,3075.0,478.4,740329.81,7175046.00,43.93,1.64,22.76,1.36
11260,3075.0,455.2,740329.81,7175046.00,73.14,1.86,13.67,1.14
11260,3075.0,430.7,740329.81,7175046.00,121.15,2.08,8.25,0.92
11260,3075.0,404.7,740329.81,7175046.00,190.67,2.28,5.24,0.72
11260,3075.0,377.1,740329.81,7175046.00,279.67,2.45,3.58,0.55
11260,3075.0,347.9,740329.81,7175046.00,381.39,2.58,2.62,0.42
11260,3075.0,316.9,740329.81,7175046.00,486.78,2.69,2.05,0.31
11260,3075.0,284.1,740329.81,7175046.00,587.17,2.77,1.70,0.23
11260,3075.0,249.3,740329.81,7175046.00,676.34,2.83,1.48,0.17
11260,3075.0,211.2,740329.81,7175046.00,755.87,2.88,1.32,0.12
11260,3075.0,169.7,740329.81,7175046.00,818.75,2.91,1.22,0.09
11260,3075.0,125.9,740329.81,7175046.00,866.43,2.94,1.15,0.06
11260,3075.0,79.6,740329.81,7175046.00,900.32,2.95,1.11,0.05
11260,3075.0,30.7,740329.81,7175046.00,920.27,2.96,1.09,0.04
11260,3125.0,589.4,740329.81,7175096.00,31.12,1.49,32.13,1.51
11260,3125.0,579.4,740329.81,7175096.00,28.82,1.46,34.70,1.54
11260,3125.0,569.4,740329.81,7175096.00,25.87,1.41,38.65,1.59
11260,3125.0,559.4,740329.81,7175096.00,23.40,1.37,42.74,1.63
11260,3125.0,549.4,740329.81,7175096.00,21.86,1.34,45.74,1.66
11260,3125.0,536.9,740329.81,7175096.00,21.17,1.33,47.23,1.67
11260,3125.0,519.4,740329.81,7175096.00,23.82,1.38,41.99,1.62
11260,3125.0,498.8,740329.81,7175096.00,32.32,1.51,30.94,1.49
11260,3125.0,476.9,740329.81,7175096.00,50.00,1.70,20.00,1.30
11260,3125.0,453.8,740329.81,7175096.00,81.46,1.91,12.28,1.09
11260,3125.0,429.3,740329.81,7175096.00,131.14,2.12,7.63,0.88
11260,3125.0,403.3,740329.81,7175096.00,200.97,2.30,4.98,0.70
11260,3125.0,375.7,740329.81,7175096.00,288.61,2.46,3.46,0.54
11260,3125.0,346.5,740329.81,7175096.00,387.68,2.59,2.58,0.41
11260,3125.0,315.5,740329.81,7175096.00,489.92,2.69,2.04,0.31
11260,3125.0,282.7,740329.81,7175096.00,587.45,2.77,1.70,0.23
11260,3125.0,247.9,740329.81,7175096.00,674.61,2.83,1.48,0.17
11260,3125.0,209.9,740329.81,7175096.00,752.49,2.88,1.33,0.12
11260,3125.0,168.7,740329.81,7175096.00,814.73,2.91,1.23,0.09
11260,3125.0,125.2,740329.81,7175096.00,862.39,2.94,1.16,0.06
11260,3125.0,79.2,740329.81,7175096.00,896.54,2.95,1.12,0.05
11260,3125.0,30.6,740329.81,7175096.00,916.74,2.96,1.09,0.04
11260,3175.0,588.0,740329.81,7175146.00,34.03,1.53,29.39,1.47
11260,3175.0,578.0,740329.81,7175146.00,32.92,1.52,30.38,1.48
11260,3175.0,568.0,740329.81,7175146.00,31.50,1.50,31.74,1.50
11260,3175.0,558.0,740329.81,7175146.00,30.40,1.48,32.89,1.52
11260,3175.0,548.0,740329.81,7175146.00,30.01,1.48,33.32,1.52
11260,3175.0,535.5,740329.81,7175146.00,30.86,1.49,32.40,1.51
11260,3175.0,518.0,740329.81,7175146.00,35.62,1.55,28.08,1.45
11260,3175.0,497.4,740329.81,7175146.00,46.85,1.67,21.34,1.33
11260,3175.0,475.5,740329.81,7175146.00,67.90,1.83,14.73,1.17
11260,3175.0,452.4,740329.81,7175146.00,102.68,2.01,9.74,0.99
11260,3175.0,427.8,740329.81,7175146.00,154.58,2.19,6.47,0.81
11260,3175.0,401.8,740329.81,7175146.00,224.57,2.35,4.45,0.65
11260,3175.0,374.3,740329.81,7175146.00,310.03,2.49,3.23,0.51
11260,3175.0,345.0,740329.81,7175146.00,405.16,2.61,2.47,0.39
11260,3175.0,314.1,740329.81,7175146.00,502.72,2.70,1.99,0.30
11260,3175.0,281.2,740329.81,7175146.00,595.84,2.78,1.68,0.22
11260,3175.0,246.4,740329.81,7175146.00,679.45,2.83,1.47,0.17
11260,3175.0,208.6,740329.81,7175146.00,754.20,2.88,1.33,0.12
11260,3175.0,167.7,740329.81,7175146.00,814.58,2.91,1.23,0.09
11260,3175.0,124.5,740329.81,7175146.00,861.19,2.94,1.16,0.06
11260,3175.0,78.8,740329.81,7175146.00,894.84,2.95,1.12,0.05
11260,3175.0,30.4,740329.81,7175146.00,914.78,2.96,1.09,0.04
11260,3225.0,586.7,740329.81,7175196.00,46.43,1.67,21.54,1.33
11260,3225.0,576.7,740329.81,7175196.00,45.99,1.66,21.74,1.34
11260,3225.0,566.7,740329.81,7175196.00,45.56,1.66,21.95,1.34
11260,3225.0,556.7,740329.81,7175196.00,45.53,1.66,21.96,1.34
11260,3225.0,546.7,740329.81,7175196.00,46.21,1.66,21.64,1.34
11260,3225.0,534.2,740329.81,7175196.00,48.76,1.69,20.51,1.31
11260,3225.0,516.7,740329.81,7175196.00,55.94,1.75,17.88,1.25
11260,3225.0,496.1,740329.81,7175196.00,70.04,1.85,14.28,1.15
11260,3225.0,474.2,740329.81,7175196.00,94.13,1.97,10.62,1.03
11260,3225.0,451.1,740329.81,7175196.00,131.41,2.12,7.61,0.88
11260,3225.0,426.6,740329.81,7175196.00,184.32,2.27,5.43,0.73
11260,3225.0,400.5,740329.81,7175196.00,253.21,2.40,3.95,0.60
11260,3225.0,373.0,740329.81,7175196.00,335.53,2.53,2.98,0.47
11260,3225.0,343.8,740329.81,7175196.00,426.16,2.63,2.35,0.37
11260,3225.0,312.8,740329.81,7175196.00,518.75,2.71,1.93,0.29
11260,3225.0,280.0,740329.81,7175196.00,607.25,2.78,1.65,0.22
11260,3225.0,245.1,740329.81,7175196.00,687.07,2.84,1.46,0.16
11260,3225.0,207.5,740329.81,7175196.00,758.49,2.88,1.32,0.12
11260,3225.0,166.9,740329.81,7175196.00,816.65,2.91,1.22,0.09
11260,3225.0,123.9,740329.81,7175196.00,861.86,2.94,1.16,0.06
11260,3225.0,78.4,740329.81,7175196.00,894.64,2.95,1.12,0.05
11260,3225.0,30.3,740329.81,7175196.00,914.06,2.96,1.09,0.04
11260,3275.0,585.6,740329.81,7175246.00,59.46,1.77,16.82,1.23
11260,3275.0,575.6,740329.81,7175246.00,59.45,1.77,16.82,1.23
11260,3275.0,565.6,740329.81,7175246.00,59.69,1.78,16.75,1.22
11260,3275.0,555.6,740329.81,7175246.00,60.45,1.78,16.54,1.22
11260,3275.0,545.6,740329.81,7175246.00,61.95,1.79,16.14,1.21
11260,3275.0,533.1,740329.81,7175246.00,65.82,1.82,15.19,1.18
11260,3275.0,515.6,740329.81,7175246.00,74.74,1.87,13.38,1.13
11260,3275.0,495.0,740329.81,7175246.00,90.56,1.96,11.04,1.04
11260,3275.0,473.1,740329.81,7175246.00,116.15,2.07,8.61,0.93
11260,3275.0,450.0,740329.81,7175246.00,154.26,2.19,6.48,0.81
11260,3275.0,425.5,740329.81,7175246.00,206.90,2.32,4.83,0.68
11260,3275.0,399.5,740329.81,7175246.00,274.24,2.44,3.65,0.56
11260,3275.0,371.9,740329.81,7175246.00,353.90,2.55,2.83,0.45
11260,3275.0,342.7,740329.81,7175246.00,441.26,2.64,2.27,0.36
11260,3275.0,311.7,740329.81,7175246.00,530.47,2.72,1.89,0.28
11260,3275.0,278.9,740329.81,7175246.00,615.90,2.79,1.62,0.21
11260,3275.0,244.1,740329.81,7175246.00,693.20,2.84,1.44,0.16
11260,3275.0,206.5,740329.81,7175246.00,762.36,2.88,1.31,0.12
11260,3275.0,166.1,740329.81,7175246.00,818.93,2.91,1.22,0.09
11260,3275.0,123.3,740329.81,7175246.00,863.05,2.94,1.16,0.06
11260,3275.0,78.1,740329.81,7175246.00,895.11,2.95,1.12,0.05
11260,3275.0,30.2,740329.81,7175246.00,914.02,2.96,1.09,0.04
